customerID,gender,SeniorCitizen,Partner,Dependents,tenure,PhoneService,MultipleLines,InternetService,OnlineSecurity,OnlineBackup,DeviceProtection,TechSupport,StreamingTV,StreamingMovies,Contract,PaperlessBilling,PaymentMethod,MonthlyCharges,TotalCharges,Churn
CUST00000,Male,0,Yes,Yes,5,Yes,Yes,DSL,No,Yes,No internet,Yes,Yes,No,Month-to-month,No,Credit card,50.71,286.08,Yes
CUST00001,Female,0,Yes,Yes,53,Yes,No,Fiber optic,No internet,No,Yes,No internet,No,No internet,Two year,Yes,Bank transfer,89.08,4872.06,Yes
CUST00002,Male,1,No,No,26,Yes,Yes,DSL,No,Yes,Yes,No internet,No,No,Month-to-month,No,Credit card,79.73,2159.15,Yes
CUST00003,Male,0,Yes,Yes,47,Yes,No phone service,DSL,No internet,No,No internet,No,No,Yes,Month-to-month,Yes,Bank transfer,96.27,4593.32,Yes
CUST00004,Male,1,No,No,72,Yes,Yes,No,No,No internet,Yes,No internet,Yes,Yes,Two year,No,Electronic check,83.41,6074.36,No
CUST00005,Female,0,Yes,No,3,No,Yes,DSL,No internet,No,No,Yes,Yes,Yes,Two year,No,Electronic check,36.56,152.39,No
CUST00006,Male,1,Yes,No,2,Yes,Yes,DSL,No,Yes,Yes,No,No,No,Month-to-month,No,Bank transfer,80.74,221.21,Yes
CUST00007,Male,0,Yes,No,39,Yes,No,No,No,No,No internet,No,No internet,Yes,Month-to-month,No,Electronic check,75.2,2983.2,No
CUST00008,Male,1,No,Yes,48,Yes,No,DSL,No internet,No internet,Yes,No internet,No,No,Two year,Yes,Electronic check,80.22,3906.97,No
CUST00009,Female,0,Yes,No,21,Yes,Yes,Fiber optic,Yes,No,Yes,No internet,Yes,Yes,Month-to-month,Yes,Bank transfer,51.74,1442.68,Yes
CUST00010,Male,0,Yes,Yes,10,Yes,Yes,No,Yes,No,No,Yes,No,No,One year,No,Bank transfer,67.21,661.44,No
CUST00011,Male,0,No,No,25,Yes,Yes,DSL,Yes,No,Yes,No,No,Yes,Month-to-month,Yes,Bank transfer,56.7,1193.48,No
CUST00012,Male,1,Yes,Yes,8,Yes,No phone service,Fiber optic,Yes,No internet,No,No,No internet,No,Month-to-month,Yes,Credit card,75.69,497.86,Yes
CUST00013,Male,0,Yes,No,6,Yes,Yes,DSL,No internet,Yes,No,No internet,Yes,No,One year,No,Electronic check,72.0,544.31,No
CUST00014,Female,1,No,No,16,Yes,No,Fiber optic,Yes,No internet,No,Yes,No internet,No internet,Month-to-month,Yes,Electronic check,69.56,1152.52,Yes
CUST00015,Male,1,Yes,No,5,Yes,No,DSL,Yes,No internet,No internet,Yes,No,Yes,Month-to-month,Yes,Bank transfer,42.14,181.93,Yes
CUST00016,Female,0,No,No,15,Yes,No,Fiber optic,No,No,No,Yes,No internet,No internet,Two year,Yes,Credit card,66.03,1032.63,No
CUST00017,Female,0,No,No,72,Yes,No,Fiber optic,No,No,Yes,No,Yes,No internet,Month-to-month,Yes,Mailed check,102.61,7481.15,Yes
CUST00018,Female,0,No,No,43,Yes,Yes,DSL,No,No internet,Yes,Yes,No internet,Yes,Month-to-month,Yes,Electronic check,89.5,3903.4,No
CUST00019,Male,0,No,No,68,Yes,Yes,Fiber optic,No,No internet,No,Yes,No,No internet,One year,Yes,Bank transfer,86.47,6023.06,No
CUST00020,Female,0,No,No,39,Yes,Yes,DSL,No,No internet,No,No,No,Yes,One year,No,Credit card,43.76,1895.37,No
CUST00021,Male,0,No,No,10,Yes,No,No,No,No,No internet,No,Yes,Yes,Month-to-month,Yes,Electronic check,48.19,574.38,Yes
CUST00022,Female,0,No,No,40,Yes,Yes,Fiber optic,No internet,Yes,Yes,No,Yes,No internet,One year,Yes,Electronic check,62.55,2496.15,No
CUST00023,Female,0,Yes,No,61,Yes,Yes,Fiber optic,Yes,Yes,Yes,No,No,No internet,Month-to-month,Yes,Mailed check,93.3,5826.6,Yes
CUST00024,Female,0,Yes,Yes,70,Yes,Yes,Fiber optic,No,No internet,No,No,No,No,One year,No,Electronic check,91.19,6309.49,No
CUST00025,Female,0,No,No,27,Yes,No phone service,No,No internet,No,Yes,Yes,No,Yes,Two year,Yes,Mailed check,76.99,1962.01,No
CUST00026,Female,1,No,No,5,Yes,No,Fiber optic,Yes,Yes,Yes,Yes,Yes,No,Two year,Yes,Electronic check,52.29,144.05,No
CUST00027,Female,0,Yes,No,0,No,Yes,DSL,No,Yes,No internet,No,No internet,No internet,One year,No,Electronic check,53.19,0.0,No
CUST00028,Female,1,No,No,3,Yes,Yes,No,No,Yes,Yes,No,No internet,No,Month-to-month,Yes,Mailed check,27.09,0.0,Yes
CUST00029,Female,0,Yes,No,72,Yes,Yes,Fiber optic,Yes,Yes,Yes,Yes,Yes,Yes,Month-to-month,Yes,Electronic check,79.86,5783.36,Yes
CUST00030,Male,0,No,No,14,Yes,Yes,DSL,No,No internet,No,Yes,No,No,Month-to-month,No,Electronic check,34.75,550.45,No
CUST00031,Male,0,No,No,46,Yes,No,DSL,No internet,No internet,Yes,Yes,No internet,No,Month-to-month,Yes,Credit card,99.08,4741.61,Yes
CUST00032,Female,0,No,No,15,Yes,No,No,Yes,No internet,Yes,No internet,No internet,No internet,Month-to-month,Yes,Electronic check,64.51,933.08,Yes
CUST00033,Female,0,Yes,No,25,No,No,DSL,No,Yes,Yes,No internet,No internet,No internet,Two year,Yes,Bank transfer,68.89,1836.17,No
CUST00034,Female,0,No,No,0,Yes,No phone service,Fiber optic,No,Yes,No,No,No internet,No internet,Two year,No,Credit card,31.63,26.6,Yes
CUST00035,Male,0,Yes,No,6,Yes,Yes,DSL,No,Yes,No,No,No internet,No internet,Month-to-month,No,Electronic check,51.06,376.96,Yes
CUST00036,Female,0,Yes,Yes,13,Yes,No,Fiber optic,No,Yes,Yes,Yes,No,Yes,One year,Yes,Electronic check,66.4,1049.61,No
CUST00037,Male,0,Yes,No,23,Yes,No,DSL,No,Yes,Yes,No internet,Yes,No internet,Two year,Yes,Bank transfer,48.43,1196.13,No
CUST00038,Male,0,No,No,4,No,No,DSL,No internet,No internet,No,No internet,No,No internet,Month-to-month,Yes,Electronic check,45.15,105.08,No
CUST00039,Male,0,Yes,No,34,Yes,No phone service,Fiber optic,Yes,No internet,No internet,Yes,No,No,Month-to-month,No,Mailed check,83.59,2730.94,Yes
CUST00040,Male,0,Yes,No,10,Yes,No phone service,No,No internet,Yes,No internet,No internet,Yes,No,Month-to-month,Yes,Credit card,38.92,243.6,Yes
CUST00041,Male,0,No,No,40,Yes,No,Fiber optic,No,Yes,Yes,No,No,No internet,Month-to-month,Yes,Electronic check,63.52,2364.87,No
CUST00042,Female,0,No,No,2,Yes,Yes,DSL,Yes,Yes,No,No,No internet,No,One year,No,Bank transfer,38.73,34.09,No
CUST00043,Female,0,No,No,27,Yes,Yes,DSL,Yes,No,Yes,No,Yes,No internet,Two year,Yes,Credit card,68.58,1872.96,No
CUST00044,Female,1,No,No,8,Yes,No phone service,Fiber optic,Yes,No,Yes,Yes,No internet,No,Month-to-month,Yes,Electronic check,75.63,607.81,Yes
CUST00045,Female,0,Yes,No,38,Yes,Yes,Fiber optic,No,No,Yes,No internet,No internet,Yes,One year,No,Electronic check,93.09,3475.96,No
CUST00046,Female,0,No,No,12,Yes,No,Fiber optic,No,No internet,No,Yes,Yes,No internet,Month-to-month,No,Mailed check,61.94,556.73,No
CUST00047,Male,0,No,No,26,No,No,Fiber optic,Yes,Yes,No,No,No internet,No internet,Two year,No,Credit card,81.71,2254.64,No
CUST00048,Female,0,Yes,No,65,Yes,No,No,No internet,Yes,Yes,No internet,No,No internet,Two year,No,Electronic check,88.0,5650.31,No
CUST00049,Female,0,Yes,No,0,Yes,Yes,Fiber optic,No internet,Yes,No internet,No,No,No internet,Month-to-month,Yes,Electronic check,29.5,52.08,Yes
CUST00050,Male,0,Yes,No,0,Yes,Yes,Fiber optic,Yes,Yes,Yes,No internet,No,No,Two year,Yes,Electronic check,50.6,0.0,No
CUST00051,Female,0,Yes,Yes,35,Yes,No,DSL,No,No,Yes,Yes,Yes,No,Month-to-month,Yes,Mailed check,68.33,2229.42,No
CUST00052,Male,0,No,No,24,Yes,No,Fiber optic,Yes,Yes,No,No internet,No,No internet,Month-to-month,Yes,Electronic check,77.99,1825.1,No
CUST00053,Female,0,No,No,8,Yes,No,Fiber optic,No,No,No internet,No,No internet,Yes,One year,Yes,Mailed check,52.59,476.82,No
CUST00054,Male,0,No,No,16,Yes,No,Fiber optic,No,No,No internet,No,Yes,Yes,Month-to-month,Yes,Mailed check,52.43,669.56,Yes
CUST00055,Female,0,Yes,Yes,1,Yes,Yes,Fiber optic,No,No,Yes,No internet,Yes,Yes,Month-to-month,Yes,Credit card,37.73,6.08,Yes
CUST00056,Female,0,Yes,No,5,Yes,Yes,DSL,No,Yes,Yes,No internet,No internet,Yes,One year,Yes,Credit card,48.58,230.67,Yes
CUST00057,Male,0,No,Yes,13,Yes,No,DSL,No internet,No,No,No,No,No,Month-to-month,Yes,Credit card,55.16,674.92,Yes
CUST00058,Male,0,Yes,No,43,Yes,Yes,DSL,No,Yes,No,No internet,No,No,Month-to-month,Yes,Electronic check,80.44,3334.18,Yes
CUST00059,Male,0,No,No,15,Yes,Yes,Fiber optic,No,No internet,No,Yes,No internet,No,Month-to-month,No,Electronic check,45.27,664.11,Yes
CUST00060,Male,0,Yes,No,21,Yes,No phone service,Fiber optic,No,No,Yes,Yes,No,No internet,Month-to-month,Yes,Bank transfer,95.61,1937.47,Yes
CUST00061,Male,0,No,No,49,Yes,No,Fiber optic,Yes,Yes,Yes,No,Yes,Yes,Month-to-month,Yes,Mailed check,60.94,2840.22,Yes
CUST00062,Male,0,Yes,No,8,No,No phone service,Fiber optic,No internet,No,Yes,No,Yes,No,Month-to-month,No,Mailed check,34.82,396.0,Yes
CUST00063,Male,0,Yes,Yes,28,Yes,Yes,Fiber optic,No,Yes,No internet,Yes,No,No internet,Two year,No,Electronic check,71.65,2104.32,No
CUST00064,Male,0,Yes,No,47,Yes,No,Fiber optic,No,Yes,No,Yes,Yes,No,Two year,Yes,Mailed check,54.32,2489.46,No
CUST00065,Female,0,No,No,5,Yes,Yes,No,Yes,Yes,No internet,No internet,No,Yes,Month-to-month,Yes,Electronic check,52.88,205.01,Yes
CUST00066,Female,0,No,No,10,Yes,Yes,Fiber optic,No,Yes,Yes,No internet,No,Yes,Month-to-month,No,Mailed check,44.61,436.24,No
CUST00067,Male,0,Yes,No,72,Yes,No phone service,Fiber optic,No,No internet,No,No,No internet,No internet,One year,Yes,Electronic check,95.79,6981.75,No
CUST00068,Female,0,No,No,72,Yes,Yes,DSL,No,No,Yes,No internet,No,Yes,Two year,Yes,Credit card,88.32,6490.83,No
CUST00069,Female,1,No,No,6,Yes,Yes,Fiber optic,No,Yes,No internet,No internet,Yes,No,Month-to-month,No,Electronic check,80.13,333.85,Yes
CUST00070,Female,0,No,No,1,Yes,No,Fiber optic,No internet,No,No internet,Yes,Yes,No internet,Two year,Yes,Credit card,56.86,151.94,Yes
CUST00071,Female,0,No,No,7,Yes,No,No,Yes,No,Yes,Yes,No,No,Month-to-month,Yes,Credit card,54.21,391.29,Yes
CUST00072,Male,1,Yes,No,12,Yes,No phone service,Fiber optic,Yes,No,Yes,No internet,No,No,Two year,Yes,Bank transfer,69.07,811.68,No
CUST00073,Female,1,Yes,Yes,13,Yes,Yes,DSL,No internet,No,Yes,No,No,No,Month-to-month,Yes,Credit card,51.97,554.95,Yes
CUST00074,Male,1,No,No,23,Yes,Yes,Fiber optic,Yes,No,No internet,No internet,No internet,No,Two year,No,Electronic check,61.01,1387.34,No
CUST00075,Female,0,No,No,55,Yes,Yes,No,No internet,Yes,Yes,No,No,No,Month-to-month,Yes,Bank transfer,80.79,4431.24,Yes
CUST00076,Female,0,No,Yes,9,Yes,No,Fiber optic,Yes,No,Yes,No,Yes,No,Two year,Yes,Credit card,63.42,535.82,No
CUST00077,Female,0,No,Yes,45,No,Yes,DSL,No,No internet,No internet,No internet,No internet,Yes,Month-to-month,No,Electronic check,67.62,3025.77,No
CUST00078,Male,0,Yes,Yes,2,Yes,Yes,Fiber optic,No internet,Yes,No,No,No,Yes,Month-to-month,Yes,Bank transfer,47.81,202.76,Yes
CUST00079,Female,0,No,No,1,Yes,No,DSL,No,No,No internet,Yes,No,Yes,Two year,Yes,Mailed check,44.59,75.85,No
CUST00080,Male,0,Yes,No,16,Yes,No,No,No,No internet,No,No,No internet,No internet,One year,Yes,Mailed check,63.65,1114.34,No
CUST00081,Female,0,No,No,1,Yes,Yes,Fiber optic,Yes,No internet,No,No,Yes,No,One year,Yes,Credit card,50.56,0.0,No
CUST00082,Male,0,Yes,Yes,11,Yes,No phone service,No,Yes,No,No internet,Yes,No,No internet,Month-to-month,No,Mailed check,64.79,677.04,Yes
CUST00083,Female,1,No,No,54,Yes,Yes,DSL,No internet,No,No,No,No internet,No,Two year,Yes,Electronic check,77.74,4148.04,No
CUST00084,Male,0,No,No,6,Yes,No,No,No internet,No,No,No,No,No,Two year,Yes,Credit card,52.18,369.87,Yes
CUST00085,Male,0,Yes,Yes,29,Yes,No phone service,DSL,Yes,No internet,Yes,No,Yes,No internet,Month-to-month,No,Electronic check,87.16,2551.54,Yes
CUST00086,Female,0,Yes,No,8,Yes,No,Fiber optic,No internet,Yes,No internet,No,No,No internet,One year,Yes,Credit card,84.55,752.92,Yes
CUST00087,Male,0,No,No,1,No,Yes,DSL,No,No,No internet,No,Yes,No,Two year,Yes,Credit card,46.97,207.58,No
CUST00088,Female,0,No,No,19,No,Yes,DSL,No,Yes,Yes,No,Yes,No,One year,Yes,Credit card,79.24,1528.3,No
CUST00089,Female,0,Yes,No,43,Yes,No,No,Yes,Yes,Yes,No,Yes,No,Two year,Yes,Bank transfer,90.52,3888.85,No
CUST00090,Female,1,No,Yes,12,No,Yes,DSL,No,No,No,No,No,Yes,Two year,Yes,Bank transfer,78.3,913.78,No
CUST00091,Female,0,No,No,23,Yes,No,DSL,No,No,Yes,No internet,No,No,One year,Yes,Bank transfer,34.86,627.17,No
CUST00092,Female,0,Yes,Yes,55,Yes,No,No,No,Yes,Yes,No,No internet,No internet,One year,Yes,Mailed check,56.2,2966.04,No
CUST00093,Female,0,Yes,Yes,37,Yes,Yes,Fiber optic,No,Yes,No,Yes,No,No,Two year,Yes,Electronic check,60.9,2091.24,No
CUST00094,Female,0,No,No,5,Yes,No phone service,Fiber optic,No,Yes,Yes,No,No,Yes,Two year,Yes,Electronic check,45.01,171.18,Yes
CUST00095,Female,0,No,No,31,Yes,No,DSL,Yes,No internet,No internet,Yes,No internet,No internet,Two year,No,Bank transfer,51.8,1566.56,No
CUST00096,Female,0,No,Yes,16,Yes,Yes,No,Yes,No,No internet,No,Yes,No internet,Month-to-month,No,Bank transfer,66.34,1234.25,No
CUST00097,Female,0,No,Yes,32,Yes,Yes,Fiber optic,Yes,No,No internet,No internet,Yes,No internet,Month-to-month,Yes,Bank transfer,75.18,2415.68,Yes
CUST00098,Female,0,Yes,No,16,Yes,Yes,DSL,No internet,No internet,Yes,No internet,Yes,Yes,One year,No,Bank transfer,84.87,1373.21,No
CUST00099,Male,0,Yes,No,3,Yes,No,Fiber optic,No internet,No,Yes,No,Yes,Yes,One year,No,Bank transfer,42.4,52.07,No
CUST00100,Male,0,Yes,No,20,Yes,Yes,Fiber optic,No internet,No internet,No,No,Yes,No,Month-to-month,No,Bank transfer,50.24,990.54,No
CUST00101,Female,0,Yes,No,16,Yes,No phone service,Fiber optic,Yes,No internet,No internet,No,Yes,Yes,Month-to-month,Yes,Electronic check,60.8,752.2,Yes
CUST00102,Female,0,No,Yes,17,Yes,Yes,No,No internet,Yes,Yes,No,No,No,Month-to-month,No,Mailed check,39.18,730.11,No
CUST00103,Female,0,No,No,50,Yes,Yes,Fiber optic,Yes,No,Yes,No internet,No,No,Two year,No,Electronic check,103.05,5111.07,No
CUST00104,Female,0,Yes,Yes,54,Yes,No,Fiber optic,No,No,No,No,Yes,No internet,Two year,Yes,Mailed check,71.64,3746.63,No
CUST00105,Female,0,Yes,No,14,Yes,Yes,Fiber optic,No,No,No,No,No internet,Yes,Two year,No,Electronic check,55.81,764.25,No
CUST00106,Female,0,No,Yes,14,Yes,No,Fiber optic,Yes,No,No,Yes,No,No,Month-to-month,No,Bank transfer,59.04,893.23,No
CUST00107,Female,0,No,No,17,Yes,Yes,Fiber optic,No,Yes,No,Yes,No internet,No,Month-to-month,Yes,Electronic check,56.28,1034.03,Yes
CUST00108,Female,1,No,No,17,Yes,No phone service,No,Yes,No internet,No,No internet,No internet,Yes,Month-to-month,Yes,Electronic check,64.37,1273.94,No
CUST00109,Male,1,No,No,72,Yes,No,Fiber optic,No,Yes,No,No,Yes,No internet,Month-to-month,Yes,Bank transfer,120.0,8627.77,Yes
CUST00110,Female,0,No,Yes,25,Yes,No,Fiber optic,No,No,No,No,No,Yes,One year,Yes,Electronic check,63.8,1480.81,No
CUST00111,Male,0,No,No,7,Yes,Yes,Fiber optic,No,Yes,No,No internet,No internet,Yes,Month-to-month,Yes,Bank transfer,60.73,459.88,Yes
CUST00112,Female,0,Yes,No,18,Yes,No,DSL,No,No,Yes,No internet,No internet,Yes,Month-to-month,Yes,Credit card,51.59,1026.42,Yes
CUST00113,Female,0,Yes,No,23,No,Yes,Fiber optic,No,No internet,No internet,Yes,No,No internet,Month-to-month,No,Bank transfer,70.73,1676.03,No
CUST00114,Male,0,Yes,No,24,Yes,No phone service,No,No internet,No,No,No,No internet,Yes,Month-to-month,No,Bank transfer,62.47,1512.6,Yes
CUST00115,Female,0,Yes,No,21,Yes,Yes,DSL,No internet,No,Yes,No,No,No,Month-to-month,Yes,Credit card,64.24,1422.36,Yes
CUST00116,Male,0,No,No,4,Yes,Yes,Fiber optic,No internet,Yes,No,No,Yes,No,Month-to-month,Yes,Electronic check,59.16,201.93,Yes
CUST00117,Female,1,No,No,0,Yes,No phone service,DSL,No,No,Yes,Yes,No,Yes,Month-to-month,Yes,Bank transfer,73.24,6.44,Yes
CUST00118,Female,0,Yes,No,9,Yes,Yes,Fiber optic,No internet,No internet,Yes,No,No,No,Month-to-month,No,Electronic check,64.99,612.04,Yes
CUST00119,Male,0,Yes,Yes,13,Yes,Yes,Fiber optic,No,No internet,Yes,No,No,Yes,Month-to-month,Yes,Electronic check,56.15,465.63,Yes
CUST00120,Female,0,Yes,Yes,1,Yes,No,Fiber optic,Yes,No,No,Yes,Yes,No,One year,No,Electronic check,50.59,0.0,No
CUST00121,Male,0,Yes,No,40,Yes,No phone service,DSL,Yes,No,No internet,No,Yes,Yes,Two year,Yes,Bank transfer,53.31,2006.41,No
CUST00122,Female,0,No,No,10,Yes,Yes,No,No,Yes,No,Yes,No,Yes,Month-to-month,Yes,Credit card,52.38,384.7,Yes
CUST00123,Male,1,No,No,58,Yes,No phone service,DSL,No,No,No,No,No,No,One year,Yes,Credit card,90.62,5115.22,No
CUST00124,Male,0,No,No,4,Yes,Yes,Fiber optic,No internet,No,No,No,Yes,No,Two year,Yes,Mailed check,65.75,273.3,No
CUST00125,Female,0,No,No,1,Yes,No,Fiber optic,No internet,Yes,No internet,No internet,No,Yes,Month-to-month,No,Mailed check,18.0,71.6,Yes
CUST00126,Female,0,No,No,15,Yes,Yes,Fiber optic,No,No internet,Yes,No internet,Yes,Yes,Month-to-month,Yes,Bank transfer,62.14,818.35,Yes
CUST00127,Male,1,No,No,5,Yes,Yes,DSL,Yes,No,No,No internet,Yes,No,Month-to-month,Yes,Bank transfer,50.91,146.14,Yes
CUST00128,Female,0,Yes,No,66,Yes,No,Fiber optic,No,No,Yes,No,No internet,No,Month-to-month,No,Electronic check,94.65,6287.33,Yes
CUST00129,Female,0,No,No,0,Yes,Yes,No,No,Yes,Yes,Yes,Yes,No,One year,Yes,Electronic check,69.94,,Yes
CUST00130,Female,0,No,No,12,Yes,Yes,Fiber optic,Yes,Yes,No,No,Yes,Yes,Month-to-month,Yes,Mailed check,55.28,703.13,Yes
CUST00131,Male,0,No,No,62,Yes,Yes,Fiber optic,No internet,No,Yes,No internet,Yes,Yes,Two year,No,Mailed check,102.52,6453.56,No
CUST00132,Male,0,Yes,No,11,Yes,No,Fiber optic,Yes,No,No internet,No,No internet,Yes,Month-to-month,Yes,Bank transfer,68.52,735.37,Yes
CUST00133,Male,0,Yes,No,2,No,Yes,No,No,No,No,Yes,Yes,No,Two year,No,Mailed check,53.09,184.02,No
CUST00134,Male,0,Yes,No,8,Yes,Yes,Fiber optic,No,Yes,Yes,Yes,No,Yes,Two year,No,Electronic check,29.95,206.33,Yes
CUST00135,Male,0,No,No,16,Yes,No,Fiber optic,No,No,Yes,No,No,No,Two year,Yes,Electronic check,63.77,1055.56,Yes
CUST00136,Male,1,Yes,Yes,4,Yes,Yes,No,No,No internet,No,No,Yes,No internet,Two year,Yes,Credit card,49.57,83.93,No
CUST00137,Male,0,No,Yes,15,Yes,No,Fiber optic,Yes,No,No internet,No,No internet,No,Month-to-month,Yes,Electronic check,18.0,412.24,Yes
CUST00138,Male,0,No,No,43,No,No,Fiber optic,Yes,No,No,No,No internet,Yes,One year,Yes,Electronic check,55.0,2536.44,No
CUST00139,Male,0,Yes,No,49,Yes,No,Fiber optic,Yes,No,Yes,No internet,No internet,Yes,Month-to-month,No,Bank transfer,94.73,4659.71,No
CUST00140,Female,0,No,Yes,1,Yes,Yes,No,Yes,No internet,No internet,Yes,Yes,No,Two year,Yes,Bank transfer,52.44,217.96,No
CUST00141,Male,1,No,No,4,Yes,No,Fiber optic,No internet,No internet,No internet,No internet,Yes,Yes,Month-to-month,Yes,Bank transfer,80.41,368.03,Yes
CUST00142,Female,0,Yes,No,7,Yes,Yes,Fiber optic,No,No,Yes,No,No internet,No,Month-to-month,Yes,Mailed check,77.12,530.12,Yes
CUST00143,Female,0,No,Yes,21,Yes,No phone service,DSL,Yes,Yes,No,No,Yes,No,Two year,Yes,Credit card,64.66,1312.75,No
CUST00144,Female,0,Yes,No,10,Yes,No,DSL,No internet,No,Yes,No internet,No,No,Month-to-month,No,Electronic check,46.34,649.45,Yes
CUST00145,Male,0,Yes,No,44,Yes,Yes,Fiber optic,No,No,Yes,No,No,Yes,Month-to-month,No,Mailed check,56.18,2456.68,No
CUST00146,Male,0,No,Yes,30,Yes,Yes,DSL,Yes,Yes,No,Yes,No,No,Month-to-month,No,Mailed check,64.05,1920.75,No
CUST00147,Male,0,No,No,2,Yes,No,DSL,No,No,No,No internet,Yes,No,One year,No,Electronic check,37.62,168.07,No
CUST00148,Male,0,No,No,23,Yes,No,No,No,No,No,Yes,Yes,Yes,One year,Yes,Mailed check,44.5,1061.81,No
CUST00149,Female,1,No,No,2,Yes,Yes,No,No,No,No internet,No internet,No,No,One year,Yes,Bank transfer,51.31,73.01,Yes
CUST00150,Male,0,No,No,7,Yes,Yes,DSL,No,Yes,Yes,Yes,Yes,No,Two year,Yes,Mailed check,49.48,440.33,No
CUST00151,Male,0,No,Yes,4,Yes,No,No,Yes,Yes,No,Yes,No internet,No internet,Month-to-month,No,Credit card,48.39,35.55,No
CUST00152,Male,0,No,No,4,Yes,Yes,No,No internet,No internet,No,No internet,No internet,Yes,Month-to-month,Yes,Bank transfer,50.66,193.68,No
CUST00153,Male,0,No,No,22,Yes,No,Fiber optic,Yes,Yes,No internet,No internet,Yes,No,One year,No,Bank transfer,67.38,1485.46,No
CUST00154,Male,0,Yes,Yes,19,Yes,Yes,DSL,No,No internet,Yes,Yes,No,No internet,One year,No,Credit card,56.79,1064.24,No
CUST00155,Female,0,No,No,4,Yes,Yes,DSL,No internet,No,Yes,No,No,No,Month-to-month,No,Bank transfer,63.31,336.32,No
CUST00156,Male,0,Yes,Yes,72,Yes,Yes,DSL,No,Yes,No internet,Yes,Yes,No,Month-to-month,Yes,Bank transfer,96.71,6879.34,Yes
CUST00157,Female,0,No,No,13,Yes,No,No,No,Yes,No,Yes,Yes,Yes,Month-to-month,Yes,Bank transfer,71.49,917.54,Yes
CUST00158,Male,0,Yes,Yes,2,Yes,Yes,Fiber optic,No internet,No,No internet,Yes,No,Yes,Month-to-month,Yes,Mailed check,49.24,349.37,Yes
CUST00159,Female,1,No,No,3,Yes,No,Fiber optic,No internet,Yes,No,Yes,No internet,Yes,Month-to-month,Yes,Mailed check,42.9,200.64,Yes
CUST00160,Male,0,Yes,No,21,Yes,No,Fiber optic,No,No internet,No,No,No internet,No internet,Month-to-month,No,Electronic check,56.89,1293.8,Yes
CUST00161,Male,0,Yes,No,72,Yes,No,Fiber optic,No,No internet,No,No,Yes,No,Month-to-month,No,Credit card,71.48,5135.34,Yes
CUST00162,Female,0,No,No,20,Yes,No phone service,DSL,No,No,No internet,No,No,Yes,Month-to-month,No,Electronic check,71.95,1577.44,Yes
CUST00163,Female,0,Yes,No,71,Yes,No,DSL,No,No internet,Yes,No,No,No internet,Two year,Yes,Mailed check,63.33,4338.47,No
CUST00164,Female,0,No,No,14,Yes,No,No,No,Yes,Yes,No,No,No internet,Two year,Yes,Electronic check,62.11,982.04,No
CUST00165,Male,0,Yes,Yes,13,Yes,No,No,Yes,No internet,No,Yes,Yes,No,Month-to-month,No,Bank transfer,59.52,749.44,No
CUST00166,Female,0,Yes,No,16,Yes,Yes,DSL,No internet,No internet,Yes,Yes,Yes,No,Month-to-month,Yes,Credit card,69.0,1036.23,No
CUST00167,Male,0,Yes,No,28,Yes,No phone service,DSL,Yes,No,No,No,Yes,Yes,Two year,No,Credit card,68.09,1831.72,No
CUST00168,Male,0,No,No,10,Yes,No,Fiber optic,Yes,Yes,No internet,No,No,No internet,Month-to-month,No,Bank transfer,54.3,534.99,Yes
CUST00169,Female,0,Yes,No,47,Yes,No,DSL,No,No,No internet,Yes,No,Yes,Two year,Yes,Mailed check,57.1,2781.72,No
CUST00170,Female,0,No,Yes,0,Yes,Yes,Fiber optic,Yes,No internet,Yes,No,Yes,No internet,Month-to-month,No,Mailed check,75.59,0.0,Yes
CUST00171,Male,0,Yes,No,13,Yes,No,Fiber optic,No,Yes,No internet,No,Yes,No internet,Two year,No,Electronic check,55.73,874.15,No
CUST00172,Male,0,Yes,No,17,Yes,Yes,Fiber optic,No,Yes,No,Yes,Yes,No,Month-to-month,Yes,Mailed check,53.22,804.25,Yes
CUST00173,Female,0,Yes,Yes,22,Yes,Yes,DSL,Yes,No,Yes,No,No,No,Month-to-month,Yes,Mailed check,62.73,1344.71,No
CUST00174,Female,0,Yes,No,7,Yes,No,No,No,No,No,No internet,No internet,Yes,Two year,Yes,Credit card,70.43,437.38,Yes
CUST00175,Female,0,No,No,13,Yes,No phone service,DSL,No,Yes,No internet,No internet,No internet,Yes,Two year,Yes,Mailed check,52.73,689.79,No
CUST00176,Male,0,No,No,15,Yes,Yes,DSL,No,No internet,Yes,No,No internet,No,Month-to-month,No,Bank transfer,74.76,1056.3,Yes
CUST00177,Male,0,No,Yes,27,Yes,Yes,DSL,No internet,No internet,No,Yes,No internet,No,Two year,Yes,Credit card,66.58,1739.68,No
CUST00178,Male,0,Yes,No,35,Yes,Yes,No,No,Yes,Yes,No,No,Yes,Month-to-month,No,Mailed check,78.52,2626.65,No
CUST00179,Male,0,Yes,Yes,32,No,No phone service,DSL,No,No internet,No internet,Yes,Yes,No internet,One year,Yes,Electronic check,69.86,2248.63,No
CUST00180,Male,0,Yes,No,10,No,No,No,No,Yes,Yes,No internet,No,Yes,Month-to-month,No,Mailed check,65.1,517.18,Yes
CUST00181,Male,0,No,No,72,Yes,No,DSL,Yes,Yes,No,Yes,No,Yes,Month-to-month,No,Mailed check,99.16,7109.88,Yes
CUST00182,Female,0,Yes,No,45,Yes,No,DSL,Yes,Yes,No,No internet,Yes,Yes,Two year,No,Bank transfer,78.99,3454.69,No
CUST00183,Male,0,No,Yes,7,Yes,No,Fiber optic,No internet,No,No,No internet,Yes,No internet,Month-to-month,Yes,Electronic check,77.43,434.47,Yes
CUST00184,Male,0,Yes,No,5,No,Yes,No,No,No internet,Yes,No,Yes,Yes,Month-to-month,Yes,Bank transfer,50.76,178.98,Yes
CUST00185,Male,0,Yes,No,9,Yes,Yes,No,Yes,Yes,No,Yes,No,No,Month-to-month,Yes,Credit card,72.26,564.24,Yes
CUST00186,Female,1,Yes,Yes,14,Yes,No,DSL,No,No,No,No,Yes,Yes,Month-to-month,Yes,Electronic check,57.68,851.54,Yes
CUST00187,Male,0,Yes,No,45,Yes,Yes,No,No,Yes,No,No,No internet,No,One year,Yes,Electronic check,78.59,3480.76,No
CUST00188,Male,0,No,No,36,Yes,Yes,DSL,Yes,Yes,No,No internet,Yes,No,Month-to-month,No,Bank transfer,55.58,2132.04,Yes
CUST00189,Female,0,Yes,No,45,Yes,No,Fiber optic,No,No internet,Yes,No,Yes,No internet,Two year,Yes,Mailed check,60.31,2645.62,No
CUST00190,Male,0,No,Yes,7,Yes,Yes,Fiber optic,Yes,No,No,No,No internet,Yes,Month-to-month,Yes,Mailed check,73.22,494.42,Yes
CUST00191,Male,0,Yes,Yes,21,Yes,No,DSL,No,No,No,No,No internet,No,Month-to-month,Yes,Bank transfer,91.82,1874.2,Yes
CUST00192,Male,0,No,No,7,Yes,Yes,Fiber optic,No,No,No,Yes,No,No internet,Month-to-month,No,Mailed check,51.08,345.28,Yes
CUST00193,Male,0,Yes,No,2,Yes,No,Fiber optic,No,Yes,No,No,No internet,Yes,One year,Yes,Credit card,35.9,69.21,Yes
CUST00194,Male,0,No,Yes,27,Yes,Yes,No,No internet,Yes,Yes,No,Yes,No internet,Month-to-month,Yes,Mailed check,63.33,,Yes
CUST00195,Female,0,No,No,3,Yes,Yes,Fiber optic,Yes,No,No,No,No,No internet,Month-to-month,No,Electronic check,39.94,,Yes
CUST00196,Female,1,No,Yes,26,Yes,No,Fiber optic,No,No internet,Yes,Yes,No,Yes,Month-to-month,Yes,Credit card,92.47,2409.94,Yes
CUST00197,Female,0,Yes,No,25,Yes,No,No,No,No,No,No,No,Yes,Two year,No,Electronic check,71.54,1813.11,No
CUST00198,Male,1,No,No,39,Yes,Yes,DSL,No,No,Yes,No,No,Yes,Month-to-month,No,Electronic check,88.23,3560.25,No
CUST00199,Male,0,Yes,No,3,Yes,Yes,Fiber optic,No,No,Yes,No,No,No internet,Two year,Yes,Credit card,49.79,119.34,Yes
CUST00200,Male,0,Yes,No,36,No,No phone service,DSL,Yes,No internet,Yes,Yes,Yes,No,Month-to-month,Yes,Electronic check,57.22,2188.18,No
CUST00201,Female,0,Yes,Yes,72,Yes,Yes,DSL,No,Yes,No,No,No,Yes,Month-to-month,No,Electronic check,101.84,7349.0,Yes
CUST00202,Male,0,Yes,No,45,Yes,No,Fiber optic,Yes,Yes,No internet,No,Yes,No internet,Month-to-month,Yes,Mailed check,70.85,2919.79,No
CUST00203,Male,1,No,No,33,Yes,No phone service,Fiber optic,Yes,No,No,Yes,Yes,Yes,Month-to-month,Yes,Electronic check,60.96,2030.69,Yes
CUST00204,Female,1,Yes,No,26,Yes,Yes,DSL,No internet,No internet,No,No,Yes,No,Month-to-month,Yes,Bank transfer,96.28,2644.22,Yes
CUST00205,Male,1,No,No,13,Yes,Yes,No,No,No,Yes,Yes,Yes,Yes,Two year,Yes,Mailed check,103.57,1405.88,No
CUST00206,Female,0,No,No,31,Yes,Yes,No,No,No,Yes,No internet,Yes,No,Month-to-month,Yes,Bank transfer,67.86,2092.06,No
CUST00207,Female,0,No,Yes,30,Yes,Yes,DSL,No internet,Yes,No,Yes,No internet,No,Month-to-month,No,Electronic check,70.34,2056.25,Yes
CUST00208,Female,0,No,No,23,Yes,Yes,Fiber optic,No,Yes,No internet,No internet,No,Yes,Month-to-month,No,Credit card,88.68,2203.01,Yes
CUST00209,Male,1,Yes,Yes,38,Yes,No,DSL,No,Yes,No,No,No,Yes,Month-to-month,Yes,Electronic check,74.54,2840.72,Yes
CUST00210,Male,0,No,Yes,14,Yes,No,Fiber optic,Yes,No internet,No,No,No,No,Month-to-month,Yes,Bank transfer,73.88,916.82,Yes
CUST00211,Male,0,Yes,No,3,No,No phone service,No,Yes,No internet,Yes,No internet,Yes,No internet,Two year,Yes,Credit card,42.92,140.7,No
CUST00212,Male,0,No,No,19,Yes,Yes,Fiber optic,No,No,No,No internet,Yes,No internet,Month-to-month,No,Mailed check,66.71,1182.38,Yes
CUST00213,Male,0,No,No,7,Yes,No,DSL,No,Yes,No internet,Yes,Yes,No,Two year,Yes,Electronic check,39.03,38.29,No
CUST00214,Male,1,No,Yes,11,Yes,Yes,Fiber optic,No,No internet,No,No internet,No internet,Yes,Month-to-month,Yes,Electronic check,61.66,679.46,Yes
CUST00215,Male,0,Yes,No,0,Yes,Yes,No,Yes,No,Yes,Yes,Yes,No,Month-to-month,No,Credit card,25.13,5.59,Yes
CUST00216,Female,0,Yes,No,11,Yes,Yes,DSL,No,Yes,Yes,No,Yes,Yes,Month-to-month,Yes,Bank transfer,62.87,657.13,Yes
CUST00217,Male,0,Yes,No,39,Yes,No,DSL,No,No,No,No,No internet,No,Month-to-month,Yes,Credit card,75.5,2910.52,No
CUST00218,Female,0,Yes,Yes,18,Yes,No phone service,No,No internet,No,No,No internet,No internet,Yes,Month-to-month,Yes,Bank transfer,43.69,800.11,No
CUST00219,Male,0,Yes,No,0,Yes,No,DSL,No,No internet,No,No,Yes,No,Month-to-month,No,Mailed check,82.93,0.0,No
CUST00220,Male,0,No,No,15,Yes,Yes,Fiber optic,Yes,No,No,No internet,No,Yes,Month-to-month,No,Electronic check,58.65,767.6,Yes
CUST00221,Male,0,Yes,No,8,Yes,Yes,DSL,No internet,Yes,No internet,No internet,No,Yes,Two year,No,Credit card,51.89,285.87,No
CUST00222,Female,1,Yes,Yes,15,No,Yes,DSL,No,No,Yes,No,Yes,No,Month-to-month,Yes,Mailed check,52.83,753.04,Yes
CUST00223,Female,0,No,No,12,Yes,Yes,Fiber optic,Yes,Yes,No,No,No,Yes,One year,Yes,Mailed check,67.72,838.71,No
CUST00224,Female,0,No,No,64,Yes,Yes,Fiber optic,No,No internet,Yes,No,Yes,Yes,Month-to-month,No,Bank transfer,68.54,4161.89,No
CUST00225,Female,1,Yes,No,1,Yes,Yes,DSL,Yes,Yes,No internet,Yes,No internet,No,Two year,No,Electronic check,71.97,120.94,No
CUST00226,Male,0,Yes,Yes,27,Yes,Yes,Fiber optic,Yes,Yes,Yes,No,Yes,No internet,Month-to-month,Yes,Electronic check,50.36,1329.69,Yes
CUST00227,Female,0,Yes,Yes,45,Yes,Yes,Fiber optic,Yes,No,No,Yes,Yes,No,Month-to-month,Yes,Bank transfer,79.02,3496.58,Yes
CUST00228,Male,0,Yes,No,72,Yes,Yes,Fiber optic,Yes,Yes,Yes,Yes,Yes,No internet,Two year,No,Electronic check,83.09,6129.56,No
CUST00229,Male,0,No,No,4,Yes,No,No,No,Yes,No internet,No,Yes,Yes,Month-to-month,Yes,Electronic check,63.76,371.19,Yes
CUST00230,Female,0,Yes,No,18,Yes,No,Fiber optic,No,No,No internet,No internet,Yes,Yes,One year,Yes,Mailed check,39.49,764.1,No
CUST00231,Female,1,No,No,1,Yes,No phone service,DSL,Yes,No internet,No,No,Yes,No,One year,Yes,Bank transfer,67.35,0.0,No
CUST00232,Female,0,No,Yes,16,Yes,Yes,DSL,No,No,No,Yes,No,Yes,Month-to-month,No,Electronic check,43.29,812.45,Yes
CUST00233,Female,0,No,No,3,Yes,Yes,Fiber optic,No,No internet,No,No internet,Yes,No,Two year,No,Electronic check,41.8,22.19,Yes
CUST00234,Female,0,Yes,No,43,Yes,Yes,No,Yes,No,No internet,No internet,No internet,No,Two year,Yes,Credit card,80.2,3417.93,No
CUST00235,Female,0,Yes,No,2,Yes,Yes,DSL,No internet,No internet,No,No,Yes,No,Two year,No,Electronic check,51.7,127.36,No
CUST00236,Female,0,No,No,17,Yes,No,No,No,No,Yes,Yes,Yes,No internet,Two year,Yes,Electronic check,64.1,879.46,No
CUST00237,Female,0,Yes,No,17,Yes,Yes,DSL,No,No,No,No,Yes,No,Month-to-month,Yes,Electronic check,69.78,1210.8,Yes
CUST00238,Male,0,Yes,No,72,Yes,No,DSL,No,No internet,No,No,No,No internet,Month-to-month,Yes,Electronic check,88.49,6287.37,Yes
CUST00239,Female,0,Yes,No,25,Yes,No,No,No,No,No,Yes,No,Yes,Two year,Yes,Bank transfer,60.44,1464.57,No
CUST00240,Female,1,Yes,No,8,Yes,No,DSL,No,Yes,Yes,No,No,No,Month-to-month,No,Credit card,48.99,273.11,No
CUST00241,Male,0,No,Yes,6,Yes,No,Fiber optic,Yes,No,No internet,Yes,No internet,Yes,Month-to-month,Yes,Mailed check,85.94,622.0,Yes
CUST00242,Female,0,Yes,No,3,Yes,No,DSL,Yes,Yes,No internet,No,No,No,Month-to-month,Yes,Bank transfer,59.71,144.11,Yes
CUST00243,Male,0,No,No,33,Yes,No,DSL,No,Yes,Yes,No,Yes,Yes,Two year,No,Credit card,66.51,2195.2,No
CUST00244,Male,0,Yes,No,28,Yes,No,Fiber optic,No,No internet,No,No internet,Yes,No internet,Month-to-month,Yes,Electronic check,59.2,1819.99,Yes
CUST00245,Female,0,No,Yes,22,Yes,No,No,No,No,No,No internet,Yes,No,Two year,Yes,Mailed check,64.11,1506.05,No
CUST00246,Male,0,No,No,1,Yes,Yes,Fiber optic,No internet,Yes,Yes,No,No internet,No,Month-to-month,Yes,Bank transfer,50.42,55.78,Yes
CUST00247,Male,0,No,Yes,34,Yes,Yes,Fiber optic,No,Yes,No,Yes,No,No internet,Month-to-month,No,Electronic check,74.93,2475.61,No
CUST00248,Male,0,Yes,Yes,24,Yes,Yes,Fiber optic,No,No,No,No internet,No internet,No,Two year,Yes,Bank transfer,53.39,1208.6,No
CUST00249,Male,1,Yes,No,72,Yes,Yes,DSL,No,Yes,Yes,No,Yes,No,Two year,Yes,Bank transfer,120.0,8683.55,No
CUST00250,Female,1,Yes,No,21,Yes,No,Fiber optic,No,Yes,No,Yes,No,No internet,Month-to-month,Yes,Mailed check,80.85,1604.52,Yes
CUST00251,Male,1,No,Yes,8,Yes,Yes,Fiber optic,Yes,Yes,Yes,No,No,Yes,Month-to-month,No,Electronic check,36.89,106.69,Yes
CUST00252,Female,0,No,No,11,Yes,Yes,Fiber optic,No,No,No internet,No,Yes,Yes,Month-to-month,No,Electronic check,59.82,580.01,Yes
CUST00253,Male,0,No,No,4,Yes,Yes,Fiber optic,Yes,No,Yes,No,Yes,No,Two year,Yes,Mailed check,64.08,296.66,Yes
CUST00254,Male,0,Yes,Yes,30,Yes,No,DSL,No,Yes,Yes,No,Yes,Yes,Month-to-month,No,Electronic check,45.2,1293.67,Yes
CUST00255,Male,0,No,No,29,Yes,Yes,Fiber optic,No,No internet,No internet,Yes,No internet,No,Month-to-month,No,Bank transfer,81.02,2452.74,Yes
CUST00256,Male,0,Yes,No,5,Yes,Yes,No,No,No internet,No,No internet,No,No,One year,No,Electronic check,61.95,244.48,No
CUST00257,Female,0,No,No,4,Yes,No,DSL,No,No,No internet,No,No,No,Month-to-month,No,Bank transfer,32.37,110.41,Yes
CUST00258,Female,0,Yes,Yes,1,Yes,No,DSL,No,Yes,Yes,No,No internet,Yes,Month-to-month,Yes,Mailed check,47.91,0.0,Yes
CUST00259,Male,0,No,Yes,58,No,No,Fiber optic,Yes,No,Yes,No,Yes,No,Two year,No,Credit card,61.86,3573.84,No
CUST00260,Male,0,Yes,No,6,Yes,No,Fiber optic,Yes,No,Yes,No,Yes,Yes,Two year,No,Credit card,65.55,,Yes
CUST00261,Female,0,Yes,No,10,Yes,No,DSL,No,Yes,No internet,No,No,No internet,Two year,Yes,Credit card,39.73,527.12,No
CUST00262,Male,0,No,No,7,Yes,Yes,Fiber optic,No,No,Yes,No,No,No internet,Month-to-month,Yes,Mailed check,39.48,373.84,Yes
CUST00263,Male,0,Yes,No,12,Yes,Yes,Fiber optic,No,No,No,No,Yes,No,Two year,Yes,Electronic check,57.23,552.97,No
CUST00264,Male,0,No,Yes,30,Yes,No phone service,DSL,No,No internet,No,Yes,No,No,One year,No,Mailed check,96.06,2985.34,No
CUST00265,Female,0,No,No,49,Yes,Yes,Fiber optic,Yes,Yes,No internet,No,Yes,Yes,Month-to-month,No,Mailed check,92.82,4688.33,Yes
CUST00266,Female,0,No,Yes,4,Yes,Yes,DSL,No,Yes,Yes,No,Yes,No,One year,Yes,Credit card,37.16,206.34,No
CUST00267,Female,0,Yes,No,27,Yes,No,Fiber optic,No internet,Yes,Yes,No internet,No internet,Yes,Month-to-month,No,Mailed check,45.13,1338.96,Yes
CUST00268,Male,0,Yes,No,10,Yes,No,Fiber optic,No,No internet,No,No,No,No,One year,No,Bank transfer,46.13,,Yes
CUST00269,Male,0,No,No,72,Yes,Yes,Fiber optic,No,Yes,No,Yes,Yes,No,One year,No,Bank transfer,64.97,4742.05,No
CUST00270,Female,0,Yes,No,8,Yes,Yes,DSL,No,No,No,Yes,Yes,Yes,Two year,Yes,Mailed check,65.81,575.2,No
CUST00271,Female,1,No,No,0,Yes,Yes,Fiber optic,No,No internet,Yes,No,No,No internet,Month-to-month,Yes,Bank transfer,69.88,0.0,Yes
CUST00272,Female,0,Yes,Yes,17,No,No,DSL,No internet,No internet,No internet,Yes,No internet,No internet,One year,No,Electronic check,72.21,1313.98,No
CUST00273,Female,0,Yes,Yes,3,Yes,Yes,DSL,No,No,Yes,No,No,Yes,Month-to-month,Yes,Electronic check,52.23,193.25,Yes
CUST00274,Male,0,Yes,No,1,Yes,Yes,DSL,No,No internet,Yes,No internet,No internet,Yes,Two year,Yes,Bank transfer,52.3,0.0,No
CUST00275,Female,1,Yes,No,28,Yes,No,DSL,Yes,No,Yes,No,Yes,No internet,One year,Yes,Credit card,58.01,1461.45,No
CUST00276,Male,0,Yes,No,31,Yes,No phone service,No,Yes,No internet,Yes,Yes,Yes,No,Month-to-month,No,Mailed check,69.62,2185.13,No
CUST00277,Female,0,No,Yes,14,Yes,No,Fiber optic,No,Yes,No internet,No,Yes,Yes,Month-to-month,Yes,Mailed check,75.96,1048.89,No
CUST00278,Male,0,No,No,27,Yes,No,No,No,No,No internet,Yes,Yes,No internet,One year,Yes,Electronic check,57.05,1415.27,No
CUST00279,Female,1,Yes,No,18,Yes,Yes,DSL,No,No,Yes,Yes,No internet,No,Month-to-month,Yes,Mailed check,75.1,1473.51,No
CUST00280,Female,0,No,Yes,23,Yes,No phone service,Fiber optic,Yes,No,No,No,Yes,Yes,One year,Yes,Electronic check,62.52,1483.96,No
CUST00281,Female,0,Yes,No,21,Yes,No,DSL,No,No,No,No,Yes,No,Month-to-month,No,Bank transfer,52.5,1148.72,No
CUST00282,Female,0,No,No,26,Yes,No,DSL,No,Yes,No,No internet,No,No internet,One year,Yes,Mailed check,70.72,1854.01,No
CUST00283,Male,0,No,Yes,5,Yes,Yes,Fiber optic,No internet,Yes,Yes,No,No,No,Month-to-month,Yes,Mailed check,79.76,276.02,Yes
CUST00284,Female,0,No,Yes,7,Yes,Yes,Fiber optic,Yes,No,No,Yes,Yes,Yes,Month-to-month,Yes,Electronic check,74.13,411.89,Yes
CUST00285,Male,0,Yes,Yes,13,Yes,Yes,DSL,No,Yes,No internet,Yes,Yes,Yes,Two year,Yes,Bank transfer,43.88,692.85,No
CUST00286,Male,0,Yes,Yes,14,Yes,No,Fiber optic,Yes,Yes,No,No,No,No,One year,No,Electronic check,58.78,845.22,No
CUST00287,Male,0,Yes,No,35,Yes,Yes,DSL,No,No internet,No,No,No internet,No,Month-to-month,No,Mailed check,78.47,2641.05,No
CUST00288,Male,0,No,Yes,10,Yes,No,Fiber optic,No internet,Yes,No internet,No,No internet,Yes,Two year,Yes,Mailed check,56.25,553.18,Yes
CUST00289,Female,1,Yes,Yes,4,Yes,Yes,Fiber optic,No,Yes,Yes,No internet,No internet,No internet,Month-to-month,Yes,Mailed check,42.73,220.09,No
CUST00290,Male,0,No,No,6,Yes,Yes,DSL,No,Yes,Yes,Yes,No internet,Yes,One year,Yes,Electronic check,41.65,197.19,No
CUST00291,Male,0,Yes,No,5,Yes,No,Fiber optic,Yes,No,No,No internet,No,Yes,Month-to-month,Yes,Credit card,61.91,330.23,Yes
CUST00292,Male,0,No,No,31,Yes,No,Fiber optic,No,No internet,No,No internet,No internet,Yes,Month-to-month,No,Mailed check,94.43,3030.58,Yes
CUST00293,Female,0,Yes,No,15,Yes,Yes,DSL,No internet,Yes,No internet,Yes,Yes,Yes,Month-to-month,Yes,Bank transfer,47.79,891.43,No
CUST00294,Female,0,Yes,No,29,No,No,Fiber optic,No internet,No,Yes,Yes,Yes,No internet,Month-to-month,No,Bank transfer,50.21,1276.06,Yes
CUST00295,Female,0,Yes,Yes,12,Yes,No,Fiber optic,No internet,No,Yes,No,Yes,No,Two year,No,Bank transfer,72.92,965.82,No
CUST00296,Female,0,Yes,No,52,Yes,Yes,Fiber optic,No,No internet,No,No,No,No,Two year,Yes,Mailed check,79.52,,No
CUST00297,Male,0,Yes,No,72,Yes,No,Fiber optic,Yes,No,No,No,Yes,Yes,Month-to-month,No,Credit card,80.17,5804.55,Yes
CUST00298,Male,0,No,No,26,Yes,Yes,DSL,No internet,No internet,No internet,Yes,Yes,No internet,Month-to-month,No,Credit card,60.1,1474.78,No
CUST00299,Female,0,Yes,No,47,Yes,No,No,No internet,No internet,No internet,No,Yes,No internet,Two year,No,Mailed check,71.38,3398.27,No
CUST00300,Male,0,Yes,No,17,Yes,Yes,DSL,No internet,No internet,No,No,Yes,No internet,Month-to-month,No,Bank transfer,69.77,1134.05,No
CUST00301,Male,1,No,No,65,No,Yes,Fiber optic,No,No internet,No,Yes,No,No,Month-to-month,No,Electronic check,95.91,6277.56,Yes
CUST00302,Male,0,Yes,Yes,42,Yes,Yes,No,Yes,No,No,No internet,Yes,No internet,Month-to-month,No,Electronic check,48.04,2063.28,No
CUST00303,Female,1,No,Yes,72,Yes,Yes,No,Yes,No,No,No,No internet,No internet,Month-to-month,No,Mailed check,94.09,6900.96,Yes
CUST00304,Female,0,No,No,23,Yes,Yes,Fiber optic,No,Yes,No,Yes,No internet,Yes,Month-to-month,No,Credit card,89.04,2128.66,Yes
CUST00305,Male,1,Yes,No,36,Yes,No,DSL,Yes,Yes,Yes,No,No,Yes,One year,Yes,Bank transfer,94.64,3216.15,No
CUST00306,Female,0,Yes,Yes,18,Yes,No,Fiber optic,No internet,No,No,No,No,Yes,Month-to-month,Yes,Bank transfer,77.81,1405.37,Yes
CUST00307,Female,0,Yes,No,7,Yes,Yes,DSL,No,No,No internet,No,Yes,No internet,Two year,No,Electronic check,40.97,418.64,No
CUST00308,Female,0,No,Yes,10,Yes,Yes,No,Yes,Yes,No,No,No,Yes,Month-to-month,Yes,Mailed check,60.42,456.47,Yes
CUST00309,Female,0,No,Yes,53,Yes,Yes,Fiber optic,Yes,Yes,Yes,No,No internet,Yes,One year,Yes,Mailed check,90.74,4797.26,No
CUST00310,Female,0,No,No,1,Yes,Yes,No,No,No,No internet,Yes,Yes,No internet,Month-to-month,Yes,Bank transfer,51.61,84.99,No
CUST00311,Male,0,No,Yes,21,Yes,Yes,Fiber optic,No,Yes,No internet,No,No internet,Yes,One year,Yes,Electronic check,78.25,1417.16,No
CUST00312,Female,0,Yes,Yes,11,Yes,Yes,Fiber optic,No,No,No,Yes,Yes,Yes,Month-to-month,No,Mailed check,42.65,503.57,Yes
CUST00313,Male,0,No,Yes,11,Yes,No phone service,DSL,Yes,No,Yes,Yes,Yes,No internet,Month-to-month,Yes,Credit card,58.7,583.25,Yes
CUST00314,Male,0,No,No,51,Yes,Yes,Fiber optic,No,No internet,Yes,Yes,No internet,No internet,Two year,Yes,Credit card,66.6,3413.19,No
CUST00315,Female,0,No,Yes,46,No,Yes,Fiber optic,Yes,No,No,Yes,No,No,Month-to-month,No,Credit card,95.15,4399.73,Yes
CUST00316,Male,0,No,No,21,Yes,Yes,Fiber optic,Yes,Yes,No,Yes,Yes,Yes,One year,No,Mailed check,59.67,1227.67,No
CUST00317,Male,0,No,No,7,Yes,Yes,No,No,Yes,No internet,Yes,No internet,Yes,Two year,No,Credit card,50.34,351.68,No
CUST00318,Male,0,Yes,No,15,Yes,Yes,Fiber optic,No,Yes,No,No internet,No,Yes,Month-to-month,Yes,Credit card,40.46,502.15,Yes
CUST00319,Female,0,Yes,Yes,12,Yes,No,Fiber optic,No internet,Yes,Yes,Yes,No,No internet,Month-to-month,No,Credit card,68.42,808.9,No
CUST00320,Female,0,Yes,No,10,Yes,No,Fiber optic,No,No,No,No,Yes,Yes,Month-to-month,No,Credit card,61.63,,Yes
CUST00321,Male,0,Yes,Yes,2,Yes,Yes,Fiber optic,Yes,No,Yes,No,No internet,No,Two year,Yes,Credit card,50.73,138.74,No
CUST00322,Female,0,No,No,18,Yes,Yes,Fiber optic,No internet,No,Yes,No,No internet,No internet,Month-to-month,No,Electronic check,68.05,1228.52,Yes
CUST00323,Female,0,Yes,No,8,Yes,Yes,DSL,No,No,No,No internet,No internet,No,One year,Yes,Electronic check,70.07,454.38,No
CUST00324,Female,0,No,Yes,25,Yes,Yes,Fiber optic,No,No,Yes,No,No,No,Two year,No,Bank transfer,65.53,1559.29,No
CUST00325,Female,0,Yes,No,9,Yes,Yes,Fiber optic,No internet,No internet,Yes,No,No,Yes,Month-to-month,No,Mailed check,61.17,471.43,Yes
CUST00326,Male,0,Yes,Yes,13,No,No,No,No,No internet,No,No,No,Yes,Two year,Yes,Electronic check,64.63,832.25,No
CUST00327,Male,0,No,Yes,1,Yes,No,Fiber optic,No,Yes,No,Yes,Yes,Yes,Month-to-month,No,Bank transfer,24.08,36.43,Yes
CUST00328,Female,1,No,No,72,Yes,No,No,No,No,No internet,No,Yes,No,Month-to-month,Yes,Electronic check,103.07,7411.36,Yes
CUST00329,Female,0,No,No,17,Yes,Yes,DSL,No,Yes,Yes,Yes,Yes,No,One year,No,Electronic check,33.94,590.15,No
CUST00330,Male,0,Yes,Yes,0,Yes,No,Fiber optic,No internet,No,No,Yes,No internet,No,Month-to-month,Yes,Mailed check,50.11,0.0,Yes
CUST00331,Male,0,Yes,Yes,18,Yes,Yes,No,Yes,No,No,No,Yes,Yes,Month-to-month,Yes,Electronic check,67.45,1133.53,No
CUST00332,Female,0,Yes,Yes,49,Yes,No,Fiber optic,No,No,Yes,Yes,No internet,No internet,One year,Yes,Bank transfer,47.1,2170.69,No
CUST00333,Male,0,Yes,No,35,Yes,Yes,Fiber optic,No internet,Yes,Yes,Yes,No,No,One year,Yes,Credit card,68.28,2352.75,No
CUST00334,Female,0,Yes,No,28,Yes,Yes,Fiber optic,Yes,Yes,No,No,No,No,Month-to-month,No,Bank transfer,58.7,1580.61,Yes
CUST00335,Female,0,No,Yes,3,Yes,Yes,No,Yes,Yes,Yes,Yes,No,Yes,Two year,No,Bank transfer,47.77,373.37,No
CUST00336,Male,1,No,Yes,25,No,Yes,No,No,No internet,No,No,No internet,No,Month-to-month,Yes,Electronic check,84.15,2306.39,Yes
CUST00337,Male,0,No,No,34,Yes,No,Fiber optic,No,Yes,No,No,No internet,Yes,Two year,Yes,Mailed check,95.51,3295.02,Yes
CUST00338,Female,1,No,No,20,Yes,Yes,Fiber optic,No internet,No internet,No,Yes,No,No internet,One year,Yes,Credit card,81.03,1530.44,Yes
CUST00339,Female,0,Yes,No,53,Yes,No,No,Yes,No internet,No,No,Yes,No,Month-to-month,No,Bank transfer,76.88,4066.09,No
CUST00340,Male,0,No,No,7,Yes,No,DSL,Yes,Yes,No,No internet,Yes,Yes,Month-to-month,Yes,Electronic check,33.3,259.77,Yes
CUST00341,Female,0,Yes,Yes,6,Yes,No,Fiber optic,No internet,No,Yes,No,Yes,No internet,One year,Yes,Credit card,73.52,221.81,No
CUST00342,Male,0,No,No,48,Yes,No phone service,No,Yes,No internet,Yes,Yes,Yes,Yes,Two year,Yes,Credit card,71.55,3431.46,No
CUST00343,Female,0,Yes,No,23,Yes,Yes,Fiber optic,Yes,No,No,No,Yes,No,Month-to-month,Yes,Electronic check,36.21,699.7,No
CUST00344,Male,0,Yes,No,0,Yes,Yes,Fiber optic,No,No,Yes,No,No internet,Yes,Month-to-month,Yes,Electronic check,32.66,0.0,Yes
CUST00345,Male,0,No,Yes,10,Yes,Yes,Fiber optic,Yes,No internet,Yes,Yes,No,Yes,Month-to-month,Yes,Electronic check,35.96,273.96,Yes
CUST00346,Male,1,No,No,46,Yes,Yes,DSL,No internet,No,No internet,Yes,No,Yes,Month-to-month,Yes,Electronic check,66.29,3039.51,Yes
CUST00347,Female,0,No,No,0,No,No,No,No,Yes,Yes,No,Yes,Yes,One year,Yes,Credit card,65.21,0.0,Yes
CUST00348,Female,0,No,No,0,Yes,No,Fiber optic,No,Yes,No,No,Yes,No,Month-to-month,Yes,Credit card,52.97,20.66,Yes
CUST00349,Male,0,Yes,No,7,Yes,No,Fiber optic,Yes,No,Yes,No internet,No,Yes,One year,Yes,Bank transfer,61.61,506.12,Yes
CUST00350,Female,0,Yes,No,58,No,Yes,Fiber optic,No,Yes,No,Yes,Yes,No internet,Two year,Yes,Bank transfer,36.98,2201.09,No
CUST00351,Male,0,Yes,No,55,Yes,No,Fiber optic,No internet,No internet,No internet,No,Yes,No,Two year,Yes,Bank transfer,89.01,5081.31,No
CUST00352,Male,0,No,No,17,Yes,Yes,DSL,No,Yes,No internet,Yes,Yes,No internet,Month-to-month,No,Mailed check,67.95,1108.14,No
CUST00353,Female,1,No,No,19,Yes,Yes,Fiber optic,No,No,No internet,No,No internet,Yes,One year,No,Bank transfer,42.63,949.81,No
CUST00354,Female,0,Yes,Yes,9,Yes,No phone service,Fiber optic,No,No internet,No,No,No,Yes,Two year,No,Credit card,35.83,221.2,Yes
CUST00355,Male,0,No,No,6,Yes,Yes,Fiber optic,No,No internet,Yes,No,Yes,No,Month-to-month,Yes,Credit card,70.07,244.75,Yes
CUST00356,Female,0,No,No,40,Yes,No,DSL,No internet,No,No,No,Yes,No internet,Month-to-month,No,Electronic check,61.06,2495.35,No
CUST00357,Female,0,Yes,No,2,Yes,No,No,No,No,Yes,Yes,Yes,No,Two year,Yes,Mailed check,66.14,282.66,No
CUST00358,Male,0,No,No,16,Yes,No phone service,Fiber optic,Yes,No,Yes,No internet,No,No,Month-to-month,Yes,Mailed check,58.15,849.43,Yes
CUST00359,Male,0,No,No,24,Yes,Yes,DSL,Yes,No,Yes,No internet,No internet,Yes,Two year,Yes,Bank transfer,54.31,1356.06,No
CUST00360,Female,0,No,No,2,Yes,No phone service,No,No,No,No,No internet,No,No,Month-to-month,Yes,Mailed check,48.9,18.78,Yes
CUST00361,Male,0,Yes,Yes,17,Yes,Yes,DSL,No,No internet,Yes,No internet,Yes,No,Month-to-month,Yes,Mailed check,28.63,595.97,Yes
CUST00362,Male,0,Yes,Yes,20,Yes,Yes,Fiber optic,Yes,No internet,No internet,No,Yes,No,Month-to-month,Yes,Bank transfer,65.71,1419.1,Yes
CUST00363,Female,0,Yes,Yes,32,Yes,Yes,Fiber optic,Yes,No internet,No,No,Yes,No,Month-to-month,Yes,Mailed check,48.01,1572.5,Yes
CUST00364,Male,0,Yes,No,6,Yes,Yes,DSL,No,Yes,Yes,Yes,No,No,Month-to-month,No,Electronic check,25.55,39.88,Yes
CUST00365,Male,0,No,Yes,8,Yes,No phone service,DSL,No,Yes,No,No internet,No,No internet,Month-to-month,No,Credit card,31.78,294.05,Yes
CUST00366,Female,0,Yes,Yes,20,Yes,No,DSL,No,Yes,No,Yes,No internet,Yes,Month-to-month,No,Electronic check,46.37,759.34,Yes
CUST00367,Female,0,No,Yes,72,Yes,No,No,No,No internet,No internet,Yes,Yes,Yes,Month-to-month,Yes,Electronic check,94.78,6823.98,Yes
CUST00368,Male,0,No,No,5,Yes,Yes,Fiber optic,No,Yes,Yes,No,No internet,No,Month-to-month,No,Electronic check,40.51,122.15,Yes
CUST00369,Male,0,Yes,No,72,Yes,No,DSL,No internet,Yes,No,Yes,No,Yes,Two year,No,Electronic check,97.29,7014.7,No
CUST00370,Female,0,Yes,Yes,30,Yes,Yes,DSL,Yes,No internet,No,No,No internet,No,Month-to-month,No,Mailed check,78.28,2351.99,Yes
CUST00371,Female,0,No,No,41,Yes,Yes,Fiber optic,No internet,Yes,No,No,No,No,Two year,Yes,Bank transfer,84.97,3498.3,Yes
CUST00372,Female,0,No,No,2,Yes,No,Fiber optic,Yes,Yes,No,No internet,Yes,Yes,Two year,No,Mailed check,78.56,2.89,No
CUST00373,Female,0,Yes,Yes,8,Yes,No,DSL,No,No internet,No,Yes,No internet,No,Month-to-month,Yes,Electronic check,61.07,370.84,Yes
CUST00374,Male,0,No,No,1,Yes,Yes,DSL,No,Yes,No,Yes,Yes,Yes,Month-to-month,Yes,Electronic check,59.22,237.15,Yes
CUST00375,Female,0,Yes,No,11,Yes,No,No,Yes,No internet,Yes,No,No,No,Two year,Yes,Mailed check,45.85,588.07,No
CUST00376,Female,0,Yes,Yes,72,Yes,No,No,No,No,No internet,Yes,Yes,No,Two year,No,Mailed check,51.31,3723.94,No
CUST00377,Male,1,No,Yes,2,Yes,Yes,DSL,No internet,No,Yes,No,Yes,Yes,Month-to-month,Yes,Electronic check,65.85,0.0,Yes
CUST00378,Female,0,Yes,No,19,Yes,No,DSL,No internet,Yes,Yes,No,No,No,One year,Yes,Electronic check,38.98,771.57,No
CUST00379,Male,0,No,No,0,Yes,No,DSL,No,No internet,No,No,No,No internet,Month-to-month,No,Electronic check,29.03,35.64,No
CUST00380,Female,0,Yes,Yes,29,Yes,No,Fiber optic,No internet,No,No,Yes,Yes,No,Month-to-month,Yes,Electronic check,47.03,1320.2,Yes
CUST00381,Female,0,Yes,No,5,Yes,Yes,DSL,Yes,Yes,Yes,Yes,No,No,Month-to-month,No,Electronic check,62.23,,Yes
CUST00382,Female,1,Yes,No,3,Yes,No,DSL,Yes,No,No,Yes,Yes,Yes,Month-to-month,No,Bank transfer,75.99,161.87,Yes
CUST00383,Male,0,No,No,9,Yes,Yes,Fiber optic,Yes,Yes,No,No,No internet,No,Two year,Yes,Mailed check,56.91,612.95,No
CUST00384,Male,1,Yes,Yes,35,Yes,No,DSL,No,No,No,Yes,No,No,Two year,Yes,Electronic check,60.88,2206.79,No
CUST00385,Female,1,No,No,2,Yes,Yes,DSL,No,Yes,No,No,Yes,No,One year,Yes,Mailed check,56.75,211.26,No
CUST00386,Male,1,Yes,No,6,Yes,Yes,Fiber optic,No,No internet,Yes,No internet,No,Yes,Month-to-month,No,Mailed check,84.16,561.95,Yes
CUST00387,Male,0,Yes,No,0,Yes,No phone service,Fiber optic,No,No,No internet,No internet,No,Yes,Month-to-month,No,Mailed check,46.02,0.0,No
CUST00388,Male,0,No,No,72,Yes,Yes,No,No,No internet,No internet,Yes,No internet,Yes,Month-to-month,Yes,Electronic check,78.47,5482.97,Yes
CUST00389,Male,0,Yes,No,21,Yes,No,DSL,No,No,No internet,No,No,Yes,Month-to-month,Yes,Bank transfer,80.79,1689.97,Yes
CUST00390,Male,0,No,No,30,Yes,No,DSL,No,No,No,No,No internet,No internet,Month-to-month,Yes,Bank transfer,99.21,3072.89,Yes
CUST00391,Male,0,Yes,No,25,Yes,Yes,Fiber optic,No internet,No,No internet,No,No internet,No,One year,No,Mailed check,57.57,1539.98,No
CUST00392,Female,0,No,No,3,Yes,Yes,Fiber optic,No internet,No internet,No,Yes,No,No internet,Month-to-month,Yes,Mailed check,27.06,0.0,Yes
CUST00393,Female,0,Yes,No,21,No,No,DSL,No,Yes,No,No internet,No,Yes,Two year,Yes,Electronic check,61.66,1328.01,No
CUST00394,Male,0,No,Yes,3,No,No,DSL,Yes,No,No,No,Yes,Yes,Two year,No,Bank transfer,46.44,66.42,No
CUST00395,Female,0,Yes,No,12,Yes,Yes,DSL,No,No,No,No,No internet,No internet,One year,Yes,Bank transfer,78.2,911.07,No
CUST00396,Female,0,Yes,Yes,20,Yes,Yes,No,Yes,No,Yes,No,No,Yes,One year,Yes,Electronic check,40.78,688.02,No
CUST00397,Female,0,Yes,No,19,Yes,No,No,No,Yes,No internet,Yes,Yes,No,Month-to-month,No,Mailed check,45.73,939.44,Yes
CUST00398,Female,0,Yes,No,3,Yes,No phone service,Fiber optic,Yes,Yes,No,Yes,No,No,Month-to-month,Yes,Credit card,45.95,188.4,Yes
CUST00399,Male,1,Yes,No,0,Yes,No,DSL,No internet,No internet,No,No,No,Yes,Two year,Yes,Mailed check,70.4,0.0,No
CUST00400,Female,0,Yes,Yes,38,No,No,Fiber optic,No,Yes,No,Yes,Yes,No,One year,No,Electronic check,53.13,1987.28,No
CUST00401,Female,0,No,No,31,Yes,No phone service,Fiber optic,Yes,Yes,Yes,No,No,No internet,Month-to-month,Yes,Bank transfer,81.59,2374.09,Yes
CUST00402,Male,1,No,No,2,Yes,Yes,Fiber optic,No,Yes,No internet,Yes,No internet,No,One year,No,Electronic check,53.63,0.0,No
CUST00403,Male,0,No,Yes,3,Yes,Yes,No,No internet,Yes,No,No internet,No internet,No,Two year,No,Mailed check,28.79,0.0,No
CUST00404,Female,1,No,No,53,Yes,Yes,DSL,Yes,Yes,No internet,No,Yes,No,Month-to-month,No,Bank transfer,73.8,3913.03,No
CUST00405,Female,0,Yes,No,35,Yes,No phone service,No,No,No internet,No,Yes,No,No,Month-to-month,No,Credit card,47.0,1593.38,No
CUST00406,Female,0,Yes,No,72,Yes,No,No,Yes,Yes,No internet,Yes,No,No,Two year,No,Bank transfer,66.62,4801.21,No
CUST00407,Female,0,Yes,No,7,Yes,Yes,Fiber optic,No internet,No,No internet,No,No,Yes,Month-to-month,Yes,Mailed check,82.4,522.76,Yes
CUST00408,Female,0,No,No,16,Yes,No,Fiber optic,Yes,No internet,Yes,Yes,No,Yes,Month-to-month,Yes,Bank transfer,60.07,1039.26,Yes
CUST00409,Female,0,Yes,No,6,Yes,Yes,Fiber optic,No,No internet,Yes,No,No internet,Yes,Month-to-month,Yes,Credit card,68.93,377.69,Yes
CUST00410,Male,0,Yes,Yes,23,Yes,No,Fiber optic,No,No,No internet,No internet,No,No internet,Two year,No,Mailed check,55.33,1382.09,No
CUST00411,Female,0,No,Yes,2,Yes,Yes,Fiber optic,Yes,No internet,Yes,No internet,No internet,No,Two year,Yes,Electronic check,60.14,72.0,No
CUST00412,Female,0,Yes,No,3,Yes,No phone service,DSL,No internet,No,No internet,No internet,No,No internet,Month-to-month,Yes,Credit card,39.41,176.76,Yes
CUST00413,Male,1,No,No,1,Yes,Yes,DSL,No,No internet,No,Yes,Yes,Yes,Month-to-month,No,Electronic check,86.18,78.78,Yes
CUST00414,Male,1,No,Yes,28,No,No,Fiber optic,Yes,No internet,No,No,No,No,Month-to-month,Yes,Electronic check,70.2,1842.1,Yes
CUST00415,Male,0,Yes,Yes,16,Yes,Yes,No,No,Yes,Yes,No,Yes,No,Month-to-month,No,Electronic check,45.32,879.72,No
CUST00416,Male,0,Yes,No,23,Yes,Yes,DSL,No internet,Yes,No,No,No,Yes,Month-to-month,Yes,Mailed check,42.36,1150.03,No
CUST00417,Female,0,Yes,No,50,Yes,No,Fiber optic,No internet,No,Yes,No,No,No,Month-to-month,Yes,Credit card,57.81,2882.84,Yes
CUST00418,Female,0,No,Yes,32,Yes,No,No,No,Yes,Yes,No,No,Yes,Month-to-month,Yes,Mailed check,46.89,1477.73,No
CUST00419,Female,0,Yes,No,14,Yes,Yes,DSL,No,Yes,No,No,No,Yes,Two year,Yes,Electronic check,82.9,1254.18,No
CUST00420,Female,1,No,Yes,72,Yes,No,No,No internet,No internet,Yes,No internet,No,Yes,Month-to-month,Yes,Bank transfer,92.74,6673.96,Yes
CUST00421,Female,0,No,No,14,Yes,No,Fiber optic,Yes,Yes,No,No,Yes,No internet,Month-to-month,Yes,Bank transfer,52.63,806.05,No
CUST00422,Female,0,Yes,No,2,No,Yes,No,No,Yes,No,Yes,No internet,No,Month-to-month,Yes,Credit card,100.38,225.46,Yes
CUST00423,Male,0,Yes,No,72,Yes,No,No,Yes,No internet,No internet,No,No internet,No,One year,No,Mailed check,108.88,7856.0,No
CUST00424,Female,1,No,No,0,Yes,No,Fiber optic,No,Yes,No internet,Yes,No internet,No internet,Month-to-month,Yes,Electronic check,41.21,0.0,Yes
CUST00425,Male,0,Yes,No,19,Yes,Yes,DSL,No internet,No internet,No,No,Yes,Yes,Month-to-month,No,Mailed check,79.69,1453.2,No
CUST00426,Male,0,No,Yes,8,Yes,No,Fiber optic,No,No,No internet,Yes,Yes,No,Two year,No,Electronic check,48.65,494.28,No
CUST00427,Female,0,Yes,Yes,16,Yes,No,DSL,No,No internet,No internet,No,Yes,No internet,Two year,Yes,Electronic check,56.05,1041.48,No
CUST00428,Male,0,No,No,19,Yes,No,No,Yes,No internet,Yes,No,No internet,No,One year,Yes,Bank transfer,50.61,977.7,No
CUST00429,Female,0,No,No,6,Yes,Yes,Fiber optic,Yes,No,No internet,No internet,No,No,Month-to-month,Yes,Mailed check,50.74,431.86,Yes
CUST00430,Male,1,No,No,19,Yes,No,DSL,Yes,No internet,No,Yes,Yes,Yes,Month-to-month,No,Mailed check,60.45,1070.81,Yes
CUST00431,Female,0,Yes,No,33,Yes,No,Fiber optic,No internet,No,No,No,No,No,One year,No,Bank transfer,61.41,2079.95,No
CUST00432,Male,0,Yes,No,7,Yes,Yes,DSL,No,No,No,No internet,No,No,Month-to-month,Yes,Mailed check,47.22,305.02,Yes
CUST00433,Female,0,No,Yes,11,Yes,No,Fiber optic,Yes,No,Yes,Yes,No,Yes,Month-to-month,Yes,Electronic check,62.54,690.29,Yes
CUST00434,Female,0,Yes,No,7,Yes,Yes,Fiber optic,No,Yes,Yes,Yes,Yes,No,Two year,No,Electronic check,61.04,403.26,Yes
CUST00435,Female,0,Yes,No,41,Yes,Yes,DSL,No internet,No internet,Yes,No internet,Yes,Yes,Two year,No,Electronic check,72.54,2952.59,No
CUST00436,Female,0,No,No,30,Yes,No,Fiber optic,Yes,Yes,No internet,No,No,No,Two year,Yes,Credit card,87.22,2355.3,No
CUST00437,Female,0,Yes,No,49,Yes,Yes,DSL,Yes,Yes,No,No internet,No,No,Two year,Yes,Bank transfer,90.51,4306.19,No
CUST00438,Male,0,Yes,No,4,Yes,Yes,DSL,No,No,No,No internet,Yes,Yes,One year,Yes,Mailed check,71.77,110.9,No
CUST00439,Male,0,Yes,No,1,No,Yes,DSL,Yes,No,Yes,No,No,Yes,One year,No,Electronic check,39.34,0.0,No
CUST00440,Male,0,No,No,3,Yes,Yes,No,No,No,No internet,Yes,Yes,No internet,Month-to-month,No,Electronic check,34.14,0.0,Yes
CUST00441,Female,1,No,No,4,Yes,No,Fiber optic,No internet,No,No,No,No internet,Yes,Two year,Yes,Credit card,66.19,91.22,No
CUST00442,Male,0,Yes,No,18,Yes,No,Fiber optic,No,No,No,No,No,No,Month-to-month,Yes,Credit card,65.23,1071.86,Yes
CUST00443,Female,0,Yes,No,72,Yes,Yes,Fiber optic,No,Yes,Yes,No,No internet,No internet,One year,No,Electronic check,71.03,5092.21,No
CUST00444,Female,0,Yes,No,10,Yes,No,Fiber optic,No,No internet,No,No,Yes,No,Month-to-month,No,Credit card,59.98,897.37,Yes
CUST00445,Male,0,No,No,72,Yes,Yes,DSL,Yes,No,Yes,Yes,No internet,No internet,Month-to-month,Yes,Mailed check,60.19,4319.2,Yes
CUST00446,Male,0,Yes,No,0,Yes,Yes,DSL,No internet,Yes,No internet,Yes,No,No,One year,Yes,Electronic check,44.88,0.0,No
CUST00447,Female,0,No,No,62,Yes,No phone service,DSL,Yes,Yes,Yes,No,No internet,No internet,Month-to-month,Yes,Electronic check,61.48,3672.02,No
CUST00448,Male,0,Yes,No,4,Yes,No,DSL,No internet,No,Yes,No,Yes,No,One year,Yes,Bank transfer,58.24,123.66,No
CUST00449,Female,0,No,Yes,58,Yes,Yes,Fiber optic,Yes,No,No internet,No,Yes,Yes,One year,Yes,Mailed check,90.86,5356.78,No
CUST00450,Female,0,Yes,No,1,Yes,No,DSL,No internet,No internet,Yes,No,Yes,No,Month-to-month,Yes,Credit card,19.23,161.43,Yes
CUST00451,Female,0,No,No,71,Yes,Yes,Fiber optic,No internet,Yes,Yes,No,Yes,No,Month-to-month,No,Electronic check,38.99,2676.1,Yes
CUST00452,Female,1,Yes,Yes,5,Yes,No,DSL,Yes,No internet,Yes,No,No internet,No internet,Month-to-month,No,Bank transfer,86.26,447.62,Yes
CUST00453,Female,0,Yes,No,8,Yes,Yes,Fiber optic,Yes,No,No internet,No,No,Yes,Two year,Yes,Electronic check,36.42,546.94,Yes
CUST00454,Male,0,No,No,16,Yes,No,No,Yes,No,No,No,No,No internet,Month-to-month,No,Electronic check,49.76,985.2,Yes
CUST00455,Male,1,No,No,11,Yes,Yes,DSL,Yes,No internet,No internet,No,No,Yes,Month-to-month,No,Electronic check,49.72,571.65,Yes
CUST00456,Female,1,Yes,No,26,No,No,DSL,No,No internet,No,No,No,No,Month-to-month,Yes,Credit card,90.45,2256.1,No
CUST00457,Female,0,No,No,72,Yes,No phone service,DSL,No,No,Yes,Yes,No,Yes,Two year,No,Bank transfer,100.13,7108.24,No
CUST00458,Male,0,No,Yes,22,Yes,Yes,DSL,No,Yes,Yes,Yes,No,No,One year,No,Electronic check,55.85,1014.58,No
CUST00459,Male,0,No,No,30,Yes,Yes,DSL,Yes,Yes,No,No internet,Yes,Yes,Month-to-month,No,Mailed check,75.2,2254.07,No
CUST00460,Female,0,Yes,Yes,2,Yes,No,DSL,Yes,No,No internet,No,No internet,Yes,Two year,Yes,Bank transfer,55.21,285.53,No
CUST00461,Male,0,No,Yes,23,Yes,Yes,No,No,Yes,No internet,No,Yes,No,Two year,Yes,Electronic check,66.08,,No
CUST00462,Female,0,Yes,No,14,Yes,No,Fiber optic,No internet,No,No,No,No,No,One year,Yes,Credit card,66.43,901.69,No
CUST00463,Male,0,Yes,No,52,Yes,No,No,No,No,No internet,No,No,Yes,Month-to-month,Yes,Credit card,75.87,3937.68,No
CUST00464,Female,0,No,No,11,Yes,Yes,Fiber optic,Yes,No,No,Yes,Yes,No internet,One year,Yes,Mailed check,47.74,526.46,No
CUST00465,Male,0,Yes,No,27,Yes,No,No,No,No,No,No internet,Yes,Yes,Month-to-month,No,Bank transfer,76.87,1984.61,Yes
CUST00466,Female,0,Yes,No,6,Yes,Yes,No,No,No,Yes,No,No,No,One year,No,Bank transfer,55.4,317.07,No
CUST00467,Male,0,No,No,7,Yes,No phone service,No,No,Yes,Yes,No,Yes,No internet,Two year,Yes,Electronic check,53.31,404.29,No
CUST00468,Male,0,No,No,11,Yes,Yes,DSL,No,No,No,No internet,Yes,No internet,Two year,Yes,Mailed check,57.17,675.43,No
CUST00469,Female,0,Yes,Yes,8,Yes,No,Fiber optic,No internet,No,No,Yes,Yes,No,Month-to-month,No,Electronic check,44.67,391.52,Yes
CUST00470,Male,1,Yes,Yes,7,Yes,Yes,Fiber optic,No,Yes,No,No,Yes,Yes,Two year,Yes,Credit card,43.71,226.01,Yes
CUST00471,Female,0,No,No,1,Yes,No,Fiber optic,Yes,Yes,No,No,Yes,No,Month-to-month,Yes,Bank transfer,41.0,34.63,Yes
CUST00472,Male,0,Yes,Yes,43,Yes,Yes,Fiber optic,Yes,Yes,No,No,Yes,Yes,Month-to-month,No,Electronic check,74.83,3248.96,No
CUST00473,Female,0,No,No,1,Yes,Yes,No,No,No,No,No,No internet,No,Month-to-month,No,Mailed check,49.19,153.52,Yes
CUST00474,Male,0,No,No,52,Yes,Yes,No,No internet,No,Yes,Yes,No internet,No internet,One year,No,Mailed check,59.62,3152.69,No
CUST00475,Female,1,Yes,Yes,3,Yes,Yes,No,No internet,Yes,No internet,Yes,No,Yes,Month-to-month,Yes,Credit card,40.34,16.13,Yes
CUST00476,Male,0,No,No,1,Yes,Yes,No,Yes,No,No internet,No,Yes,No,Month-to-month,Yes,Mailed check,32.24,39.03,Yes
CUST00477,Female,0,No,Yes,19,Yes,Yes,Fiber optic,Yes,No,Yes,No internet,No,Yes,Month-to-month,No,Bank transfer,56.88,1121.14,No
CUST00478,Male,0,Yes,No,16,Yes,No phone service,Fiber optic,No internet,No,No,Yes,Yes,Yes,One year,No,Electronic check,81.96,1359.36,No
CUST00479,Female,0,No,No,16,Yes,Yes,Fiber optic,Yes,No internet,No,Yes,Yes,Yes,Two year,No,Mailed check,39.91,699.53,No
CUST00480,Female,0,No,No,20,Yes,No,Fiber optic,No internet,Yes,No,Yes,Yes,No,One year,Yes,Electronic check,70.7,1468.49,No
CUST00481,Female,0,No,Yes,8,Yes,Yes,No,No,No,No,No,No,No internet,Month-to-month,No,Electronic check,33.05,108.06,Yes
CUST00482,Male,0,No,No,26,Yes,Yes,No,No,No,No internet,No,No internet,No,Two year,Yes,Bank transfer,74.52,1836.29,No
CUST00483,Female,0,Yes,Yes,16,Yes,Yes,Fiber optic,Yes,No internet,No,Yes,No,Yes,One year,Yes,Bank transfer,47.74,881.97,No
CUST00484,Male,0,Yes,No,9,Yes,No,No,No,No,Yes,Yes,Yes,Yes,Two year,Yes,Credit card,53.16,381.35,No
CUST00485,Female,1,Yes,No,42,Yes,Yes,Fiber optic,No internet,Yes,No,No,Yes,Yes,One year,No,Bank transfer,91.55,3874.04,Yes
CUST00486,Male,0,Yes,No,31,Yes,No,Fiber optic,No,No internet,Yes,No,No internet,No internet,Two year,Yes,Mailed check,66.79,2008.2,No
CUST00487,Female,0,Yes,No,12,Yes,No phone service,No,No,No,No,No internet,No,Yes,Two year,Yes,Credit card,59.63,,No
CUST00488,Male,0,No,No,45,Yes,Yes,Fiber optic,No,No,No,No,No,Yes,Month-to-month,No,Credit card,73.99,3437.82,Yes
CUST00489,Male,1,No,Yes,60,Yes,Yes,DSL,No,No,Yes,No,No,No,Month-to-month,Yes,Mailed check,117.75,6972.99,Yes
CUST00490,Female,0,No,Yes,18,Yes,Yes,Fiber optic,No internet,Yes,Yes,No internet,Yes,No,One year,Yes,Mailed check,39.84,787.34,No
CUST00491,Male,0,No,No,5,Yes,Yes,Fiber optic,Yes,No internet,No,No internet,Yes,Yes,One year,No,Credit card,50.37,338.79,Yes
CUST00492,Male,0,No,Yes,59,Yes,Yes,DSL,No internet,No,No,No internet,No internet,Yes,One year,No,Bank transfer,79.65,4757.89,No
CUST00493,Female,0,Yes,No,5,Yes,No phone service,Fiber optic,Yes,No internet,Yes,No,No,No internet,Month-to-month,Yes,Bank transfer,39.16,172.47,Yes
CUST00494,Male,0,No,No,1,Yes,No,No,Yes,Yes,No,No,No internet,Yes,Month-to-month,No,Electronic check,62.48,0.0,Yes
CUST00495,Male,0,Yes,No,9,Yes,No phone service,No,Yes,No,No,No internet,No internet,No internet,One year,Yes,Bank transfer,47.96,548.18,No
CUST00496,Male,0,No,No,31,Yes,Yes,Fiber optic,No internet,No,No,Yes,Yes,Yes,Two year,No,Electronic check,77.7,2346.67,No
CUST00497,Female,0,No,No,61,Yes,Yes,Fiber optic,Yes,No internet,No,No,Yes,No internet,Two year,No,Electronic check,81.77,4965.32,No
CUST00498,Male,0,Yes,No,24,Yes,Yes,DSL,No internet,Yes,No,Yes,Yes,No,Month-to-month,Yes,Credit card,56.52,1403.18,Yes
CUST00499,Female,0,No,No,72,Yes,No,Fiber optic,No,No,No internet,No,No internet,Yes,Month-to-month,No,Bank transfer,111.84,7951.13,Yes
CUST00500,Male,0,No,No,2,Yes,No,Fiber optic,No,No,Yes,No,No,No,Month-to-month,Yes,Mailed check,23.52,0.0,Yes
CUST00501,Male,0,Yes,No,1,Yes,No,Fiber optic,No,No,Yes,Yes,Yes,No internet,Month-to-month,Yes,Mailed check,59.8,0.0,Yes
CUST00502,Male,0,No,No,22,Yes,Yes,Fiber optic,No,No internet,No,No,No internet,Yes,Month-to-month,No,Electronic check,81.99,1711.17,Yes
CUST00503,Female,0,Yes,No,72,Yes,Yes,DSL,No internet,No,Yes,No,No,No,Two year,Yes,Electronic check,63.64,4472.51,No
CUST00504,Male,0,Yes,No,16,No,Yes,No,No internet,No,No internet,No,No internet,No,Two year,Yes,Mailed check,57.58,920.35,No
CUST00505,Male,0,No,Yes,1,Yes,No,Fiber optic,No,No,No,No,Yes,Yes,Month-to-month,Yes,Electronic check,57.61,78.77,Yes
CUST00506,Female,0,No,No,6,Yes,No,No,No internet,Yes,No internet,Yes,No,Yes,One year,Yes,Mailed check,40.01,170.47,No
CUST00507,Male,0,No,No,6,Yes,No,DSL,No,Yes,No,No,No internet,Yes,One year,No,Credit card,61.46,374.57,No
CUST00508,Female,0,No,No,9,Yes,Yes,Fiber optic,No,Yes,No internet,No internet,Yes,No,Two year,No,Electronic check,75.87,408.56,No
CUST00509,Female,0,Yes,Yes,1,Yes,No,DSL,No,No,No,No internet,No,No internet,Two year,Yes,Electronic check,61.51,90.81,No
CUST00510,Male,0,Yes,No,56,No,No,No,No,Yes,No,Yes,No,Yes,Month-to-month,Yes,Credit card,106.19,5953.36,Yes
CUST00511,Female,0,No,No,17,Yes,Yes,No,No,No,No,No internet,Yes,Yes,Month-to-month,Yes,Bank transfer,42.65,834.17,Yes
CUST00512,Male,0,No,No,26,Yes,Yes,DSL,No,Yes,No internet,No,Yes,No,Month-to-month,Yes,Electronic check,59.6,1586.97,Yes
CUST00513,Female,0,Yes,No,1,Yes,No,Fiber optic,No internet,No,Yes,No,Yes,No internet,One year,Yes,Electronic check,27.62,81.84,No
CUST00514,Female,0,No,Yes,1,Yes,Yes,DSL,No,Yes,Yes,Yes,Yes,No,One year,Yes,Bank transfer,43.42,0.0,Yes
CUST00515,Male,0,No,No,21,Yes,Yes,No,No,Yes,No,No,Yes,Yes,Month-to-month,Yes,Mailed check,68.17,1255.99,Yes
CUST00516,Female,1,No,No,52,Yes,No,DSL,No,Yes,No,Yes,No,Yes,Two year,No,Bank transfer,89.95,4675.94,Yes
CUST00517,Female,1,No,No,18,Yes,Yes,DSL,No,No internet,No,No,Yes,Yes,Month-to-month,No,Mailed check,60.73,,No
CUST00518,Female,0,Yes,No,50,Yes,Yes,DSL,Yes,Yes,Yes,No,No,Yes,Two year,No,Credit card,73.1,3660.95,No
CUST00519,Female,0,No,Yes,39,Yes,Yes,Fiber optic,No,Yes,No,No,No internet,No,Month-to-month,No,Bank transfer,39.8,1600.44,No
CUST00520,Female,0,No,No,1,No,Yes,DSL,No,No internet,No,Yes,Yes,No internet,Month-to-month,Yes,Electronic check,51.07,40.4,Yes
CUST00521,Male,0,Yes,Yes,5,Yes,Yes,Fiber optic,No,No,Yes,No,No internet,No internet,Month-to-month,No,Electronic check,75.82,281.19,No
CUST00522,Female,0,No,No,25,Yes,Yes,Fiber optic,No,No,No internet,No,No,No,Month-to-month,No,Mailed check,39.34,1156.57,Yes
CUST00523,Male,0,Yes,No,14,No,Yes,Fiber optic,No internet,No internet,No internet,No internet,No,No internet,Two year,No,Electronic check,56.62,763.69,No
CUST00524,Female,0,Yes,No,8,Yes,No,Fiber optic,Yes,No,No internet,No,No,No,Month-to-month,Yes,Electronic check,74.5,696.18,Yes
CUST00525,Male,0,No,No,13,Yes,No phone service,DSL,No internet,No internet,No,Yes,No,No internet,One year,No,Electronic check,41.16,689.66,No
CUST00526,Male,0,Yes,No,14,Yes,No,No,No,No,Yes,No,No,Yes,Month-to-month,No,Mailed check,54.02,885.34,Yes
CUST00527,Female,0,Yes,No,57,Yes,Yes,DSL,No internet,No,No,No,Yes,Yes,Month-to-month,Yes,Bank transfer,95.98,5538.53,Yes
CUST00528,Female,0,No,No,2,Yes,Yes,No,No internet,No internet,No,No internet,No internet,No internet,Two year,No,Electronic check,89.97,354.42,No
CUST00529,Female,0,Yes,No,7,Yes,Yes,Fiber optic,Yes,No internet,Yes,No,No internet,Yes,Two year,Yes,Bank transfer,57.44,437.99,Yes
CUST00530,Male,0,Yes,No,18,Yes,Yes,Fiber optic,No internet,No,No,No internet,No,No,Month-to-month,Yes,Bank transfer,64.19,1256.13,No
CUST00531,Female,0,Yes,No,28,Yes,Yes,DSL,No,Yes,No internet,Yes,No internet,Yes,Two year,Yes,Credit card,46.43,1321.08,No
CUST00532,Male,0,Yes,No,23,Yes,Yes,DSL,Yes,No internet,No,No internet,No,No,One year,Yes,Credit card,66.96,1455.07,No
CUST00533,Male,1,No,Yes,68,Yes,No,Fiber optic,No internet,Yes,No,No,No,No,Month-to-month,No,Credit card,89.27,6088.47,Yes
CUST00534,Male,0,No,No,38,Yes,No,DSL,No,No,Yes,No,Yes,No internet,Two year,Yes,Credit card,74.07,2671.52,No
CUST00535,Female,1,No,No,19,Yes,No,Fiber optic,Yes,Yes,No,Yes,Yes,No,Month-to-month,Yes,Mailed check,76.74,1468.43,No
CUST00536,Female,1,No,No,5,No,No phone service,Fiber optic,Yes,Yes,No,Yes,No internet,Yes,Month-to-month,No,Mailed check,59.06,258.01,Yes
CUST00537,Male,0,Yes,No,14,Yes,Yes,DSL,No,No internet,No,No,No,No,One year,Yes,Electronic check,76.45,1158.84,No
CUST00538,Male,0,No,No,28,Yes,No phone service,DSL,Yes,Yes,No,No internet,No internet,No internet,Month-to-month,No,Mailed check,72.21,2157.45,No
CUST00539,Female,0,No,No,43,No,Yes,No,Yes,Yes,Yes,Yes,No internet,No,Month-to-month,No,Electronic check,60.66,2500.73,No
CUST00540,Male,1,No,No,72,Yes,Yes,Fiber optic,No internet,Yes,No,Yes,No,No,Month-to-month,Yes,Bank transfer,77.53,5621.8,Yes
CUST00541,Female,0,No,No,22,No,No phone service,No,No,No,No,No internet,No,Yes,Two year,No,Electronic check,82.75,1861.76,No
CUST00542,Male,0,No,No,17,Yes,Yes,DSL,No,No,Yes,Yes,No,No,One year,Yes,Electronic check,75.2,1411.04,No
CUST00543,Female,0,No,Yes,0,No,Yes,DSL,Yes,No,Yes,No,No,No internet,Month-to-month,No,Electronic check,54.2,89.94,Yes
CUST00544,Male,0,Yes,No,1,Yes,Yes,Fiber optic,Yes,No,Yes,No,No internet,No internet,Two year,No,Credit card,31.02,143.13,No
CUST00545,Female,0,No,No,4,Yes,Yes,No,No,No,Yes,No,Yes,No,Month-to-month,No,Electronic check,47.51,229.17,Yes
CUST00546,Male,0,Yes,No,1,Yes,No phone service,Fiber optic,No,Yes,Yes,Yes,Yes,Yes,One year,Yes,Credit card,58.33,0.0,No
CUST00547,Female,0,Yes,Yes,12,Yes,Yes,Fiber optic,Yes,No,No,No,No,No,Two year,Yes,Electronic check,42.11,433.45,No
CUST00548,Female,1,Yes,Yes,9,Yes,No phone service,DSL,Yes,No,No,Yes,No internet,No,Two year,No,Bank transfer,92.76,877.9,No
CUST00549,Male,0,Yes,No,24,Yes,Yes,No,No internet,Yes,Yes,Yes,No internet,No,Month-to-month,No,Electronic check,43.92,927.98,Yes
CUST00550,Male,1,Yes,Yes,18,Yes,Yes,Fiber optic,No internet,No,No internet,Yes,No internet,No internet,One year,Yes,Electronic check,51.33,873.27,No
CUST00551,Female,0,Yes,No,21,Yes,Yes,DSL,No,Yes,No,No,No,Yes,Month-to-month,Yes,Credit card,63.85,1304.84,Yes
CUST00552,Male,0,No,No,15,Yes,Yes,Fiber optic,No,Yes,No,Yes,No internet,No,One year,Yes,Electronic check,76.41,1135.93,No
CUST00553,Female,0,No,No,7,Yes,Yes,DSL,Yes,No,Yes,Yes,Yes,No,Month-to-month,No,Electronic check,18.0,164.85,No
CUST00554,Male,0,No,Yes,72,Yes,No,Fiber optic,Yes,Yes,No,No,No,No internet,Month-to-month,Yes,Bank transfer,73.32,5310.87,No
CUST00555,Female,0,Yes,No,2,Yes,Yes,Fiber optic,No internet,Yes,No,Yes,Yes,Yes,Month-to-month,No,Bank transfer,18.0,97.21,Yes
CUST00556,Female,0,No,No,67,Yes,No,DSL,No,Yes,Yes,No,Yes,No,Month-to-month,No,Credit card,103.15,6818.32,Yes
CUST00557,Female,0,No,No,8,Yes,No,DSL,No,Yes,Yes,Yes,Yes,Yes,One year,Yes,Bank transfer,41.37,291.86,No
CUST00558,Female,1,Yes,No,17,Yes,Yes,Fiber optic,No,Yes,Yes,No,Yes,No internet,Two year,Yes,Mailed check,93.46,1635.07,No
CUST00559,Female,1,No,No,2,Yes,No,Fiber optic,No,No,No,No internet,Yes,Yes,Month-to-month,No,Mailed check,35.33,0.0,Yes
CUST00560,Female,0,No,Yes,1,No,No,Fiber optic,Yes,Yes,Yes,No,Yes,Yes,Month-to-month,Yes,Bank transfer,34.48,109.58,Yes
CUST00561,Male,0,Yes,No,13,No,No,Fiber optic,No,No internet,Yes,No,No,No,Month-to-month,Yes,Bank transfer,50.96,673.49,Yes
CUST00562,Male,0,No,No,32,Yes,Yes,DSL,No,No internet,No,No,Yes,Yes,One year,Yes,Electronic check,72.82,2199.33,No
CUST00563,Male,0,No,No,7,Yes,Yes,Fiber optic,Yes,No,Yes,No,No,No,Month-to-month,Yes,Bank transfer,54.26,464.12,Yes
CUST00564,Female,1,Yes,No,19,Yes,No,No,No,Yes,Yes,No,Yes,Yes,Month-to-month,Yes,Electronic check,59.71,1157.93,No
CUST00565,Female,0,Yes,No,7,Yes,Yes,Fiber optic,No,No internet,Yes,No,Yes,Yes,Month-to-month,No,Mailed check,18.0,306.96,Yes
CUST00566,Female,0,Yes,Yes,11,Yes,Yes,DSL,No,No,No internet,Yes,Yes,No,Two year,No,Electronic check,51.29,,No
CUST00567,Female,1,Yes,No,56,Yes,Yes,Fiber optic,No,Yes,Yes,No,No internet,No,Month-to-month,No,Electronic check,85.0,4597.74,Yes
CUST00568,Male,0,Yes,No,46,Yes,Yes,DSL,Yes,No,No,Yes,No,Yes,Month-to-month,Yes,Bank transfer,65.63,2992.17,Yes
CUST00569,Male,1,No,No,17,Yes,Yes,DSL,No,No,No,No internet,No,No internet,One year,Yes,Electronic check,88.54,1520.51,No
CUST00570,Female,0,Yes,No,6,Yes,Yes,Fiber optic,No,No,No internet,No,No,Yes,Month-to-month,Yes,Electronic check,49.04,321.74,Yes
CUST00571,Male,0,No,No,5,Yes,Yes,DSL,No,No,No internet,No,No,No internet,Month-to-month,Yes,Electronic check,74.19,278.06,Yes
CUST00572,Male,0,Yes,No,72,Yes,Yes,No,Yes,Yes,Yes,No,Yes,No internet,Month-to-month,Yes,Electronic check,93.55,6744.35,Yes
CUST00573,Female,0,Yes,No,5,Yes,Yes,Fiber optic,No,Yes,Yes,No,Yes,Yes,Two year,No,Electronic check,60.77,276.01,No
CUST00574,Male,0,Yes,Yes,39,Yes,No,Fiber optic,No internet,No internet,No,Yes,Yes,No internet,Month-to-month,No,Bank transfer,82.31,3125.36,Yes
CUST00575,Female,0,No,No,11,Yes,No,DSL,No,No,Yes,Yes,Yes,Yes,Month-to-month,Yes,Mailed check,60.96,620.94,Yes
CUST00576,Male,0,Yes,No,72,Yes,Yes,Fiber optic,Yes,Yes,No internet,No,Yes,No,Month-to-month,Yes,Mailed check,80.09,5719.28,Yes
CUST00577,Female,0,Yes,No,11,Yes,Yes,DSL,No,No,No,No,No internet,Yes,Two year,Yes,Bank transfer,62.73,874.26,No
CUST00578,Female,0,Yes,Yes,10,Yes,Yes,DSL,Yes,Yes,No internet,No,Yes,Yes,Month-to-month,Yes,Bank transfer,68.01,797.24,Yes
CUST00579,Female,0,No,No,24,No,No,No,No,No internet,No,Yes,No,Yes,One year,No,Electronic check,69.66,1700.91,No
CUST00580,Female,0,No,No,72,Yes,No,No,No internet,No,No,Yes,No,Yes,Two year,Yes,Credit card,63.77,4422.95,No
CUST00581,Male,0,Yes,No,72,Yes,Yes,No,No internet,No internet,No,No,No internet,No internet,Two year,Yes,Credit card,98.15,7207.37,No
CUST00582,Female,0,Yes,No,29,Yes,No,DSL,Yes,No internet,Yes,No,No internet,Yes,One year,Yes,Electronic check,75.63,1990.82,No
CUST00583,Female,0,No,No,33,Yes,Yes,Fiber optic,No,No internet,No,No,Yes,Yes,Month-to-month,Yes,Bank transfer,79.18,2484.13,No
CUST00584,Female,0,No,No,19,Yes,Yes,No,No,Yes,No internet,Yes,Yes,Yes,Month-to-month,No,Electronic check,54.77,888.75,Yes
CUST00585,Male,0,Yes,No,33,Yes,Yes,DSL,Yes,No internet,No,No internet,No internet,Yes,Month-to-month,Yes,Electronic check,55.37,1733.45,No
CUST00586,Female,0,No,No,47,Yes,Yes,Fiber optic,Yes,Yes,Yes,Yes,Yes,Yes,One year,No,Electronic check,72.91,3594.89,No
CUST00587,Male,0,No,Yes,15,Yes,No,Fiber optic,No,No,No,No,Yes,No internet,One year,Yes,Credit card,71.59,1151.87,No
CUST00588,Female,1,Yes,No,23,No,No,Fiber optic,Yes,Yes,Yes,No,No internet,Yes,Two year,No,Bank transfer,49.8,1171.16,No
CUST00589,Male,0,No,Yes,18,Yes,No,No,No internet,No,No,No,No,No internet,Month-to-month,No,Mailed check,59.5,1071.96,No
CUST00590,Male,0,No,No,19,Yes,No,Fiber optic,No,No,No internet,No,Yes,Yes,One year,No,Mailed check,29.63,469.22,No
CUST00591,Female,0,No,No,52,Yes,Yes,DSL,No,No,Yes,Yes,Yes,No internet,Two year,Yes,Mailed check,54.79,2930.95,No
CUST00592,Male,0,Yes,Yes,10,Yes,No,DSL,No internet,No internet,Yes,No internet,No,No,Two year,No,Electronic check,71.3,858.79,No
CUST00593,Female,1,Yes,No,5,Yes,Yes,Fiber optic,No,No,Yes,No,Yes,Yes,One year,Yes,Credit card,66.48,422.33,No
CUST00594,Female,0,Yes,No,14,Yes,Yes,DSL,No,No,No internet,No,No internet,Yes,One year,Yes,Mailed check,40.17,624.52,No
CUST00595,Female,0,Yes,No,5,Yes,No,DSL,Yes,No,Yes,No,Yes,Yes,Month-to-month,No,Mailed check,62.11,411.5,Yes
CUST00596,Male,0,No,Yes,16,Yes,No phone service,Fiber optic,No,No,No,Yes,Yes,Yes,Month-to-month,No,Mailed check,48.78,787.24,Yes
CUST00597,Male,0,No,No,56,No,Yes,Fiber optic,No,No,Yes,No,Yes,Yes,Month-to-month,Yes,Credit card,84.28,4520.65,Yes
CUST00598,Female,0,No,Yes,23,Yes,Yes,DSL,No,No internet,No,No internet,No,No,Month-to-month,No,Bank transfer,68.07,1679.74,No
CUST00599,Female,0,No,Yes,46,Yes,Yes,No,Yes,Yes,Yes,No internet,Yes,No,Month-to-month,Yes,Electronic check,83.06,3716.31,Yes
CUST00600,Male,0,Yes,Yes,4,Yes,No,No,No,No,No,No,Yes,Yes,One year,Yes,Mailed check,65.55,265.04,No
CUST00601,Female,0,No,No,55,Yes,No phone service,Fiber optic,No,Yes,No,Yes,No,No internet,One year,No,Electronic check,74.51,4279.48,No
CUST00602,Female,0,No,Yes,22,Yes,No,Fiber optic,No,No,Yes,Yes,No internet,No,Month-to-month,Yes,Credit card,57.57,1264.15,Yes
CUST00603,Female,0,Yes,Yes,0,Yes,Yes,Fiber optic,No internet,No internet,No internet,No,No,No,Month-to-month,Yes,Mailed check,70.15,163.74,Yes
CUST00604,Male,0,No,No,24,No,No phone service,Fiber optic,No internet,Yes,No internet,No,No,Yes,Month-to-month,Yes,Electronic check,48.84,1187.47,Yes
CUST00605,Male,0,Yes,No,72,Yes,Yes,No,Yes,No internet,Yes,No,No,No,Month-to-month,No,Mailed check,93.69,6662.16,Yes
CUST00606,Male,1,No,Yes,1,Yes,Yes,DSL,No,No,Yes,No internet,Yes,Yes,Month-to-month,Yes,Electronic check,50.56,42.79,Yes
CUST00607,Female,0,No,No,20,Yes,No,No,No,No,No,Yes,No internet,No internet,Two year,Yes,Bank transfer,60.76,,No
CUST00608,Female,1,Yes,No,59,Yes,No,Fiber optic,Yes,No,No,No internet,Yes,No internet,Month-to-month,Yes,Electronic check,116.08,6957.49,Yes
CUST00609,Female,0,No,Yes,0,Yes,No,Fiber optic,Yes,Yes,Yes,Yes,Yes,Yes,Month-to-month,No,Electronic check,31.52,0.0,Yes
CUST00610,Male,0,No,No,23,Yes,No,DSL,No,No internet,No internet,No,No,Yes,Month-to-month,No,Electronic check,39.99,991.53,No
CUST00611,Female,0,Yes,Yes,15,Yes,No,Fiber optic,No,Yes,Yes,Yes,Yes,No,One year,No,Electronic check,78.66,1218.92,No
CUST00612,Female,0,Yes,Yes,10,Yes,Yes,Fiber optic,No,No,No,No,No,Yes,One year,No,Mailed check,58.62,402.2,Yes
CUST00613,Female,0,Yes,No,23,Yes,No,DSL,No,No internet,No,No,No,Yes,Month-to-month,Yes,Credit card,50.93,1097.32,No
CUST00614,Female,0,No,Yes,1,Yes,Yes,Fiber optic,No,Yes,No internet,No,No,No internet,Two year,Yes,Electronic check,48.58,53.28,Yes
CUST00615,Male,0,No,Yes,33,Yes,Yes,Fiber optic,No internet,No,No internet,Yes,No internet,Yes,Two year,Yes,Electronic check,63.5,2059.85,No
CUST00616,Male,1,No,No,0,Yes,Yes,No,No,Yes,Yes,No,No,No internet,Month-to-month,Yes,Bank transfer,55.76,15.93,Yes
CUST00617,Female,0,No,No,8,No,No phone service,Fiber optic,No,Yes,Yes,No,No,Yes,Month-to-month,Yes,Credit card,74.32,650.69,Yes
CUST00618,Male,0,No,No,16,Yes,No phone service,Fiber optic,No internet,Yes,No,No,No,No,Month-to-month,No,Mailed check,44.35,817.81,No
CUST00619,Male,0,Yes,No,11,Yes,Yes,Fiber optic,No,No internet,No,No internet,Yes,No,Month-to-month,Yes,Electronic check,52.18,607.1,Yes
CUST00620,Female,0,No,No,8,Yes,No,Fiber optic,No,No,No internet,Yes,Yes,No,Two year,Yes,Bank transfer,37.86,314.85,Yes
CUST00621,Female,0,Yes,No,42,Yes,Yes,No,No,Yes,Yes,No internet,No,Yes,Month-to-month,Yes,Electronic check,67.85,2909.77,Yes
CUST00622,Male,0,Yes,No,65,No,Yes,DSL,No,No internet,No,No,No,Yes,Month-to-month,Yes,Credit card,72.69,4663.08,Yes
CUST00623,Female,1,No,No,49,Yes,Yes,DSL,Yes,Yes,Yes,No,Yes,Yes,Month-to-month,Yes,Credit card,89.22,4395.21,Yes
CUST00624,Male,0,Yes,No,17,Yes,Yes,Fiber optic,No,No,No internet,Yes,No internet,No,Month-to-month,No,Mailed check,56.32,999.56,Yes
CUST00625,Female,0,No,Yes,51,Yes,Yes,Fiber optic,Yes,No,Yes,No,No,No,Two year,Yes,Electronic check,84.25,4306.88,No
CUST00626,Male,0,No,No,60,No,No,No,No internet,No,No,No internet,No,Yes,Month-to-month,Yes,Electronic check,100.14,6006.62,Yes
CUST00627,Female,1,Yes,No,12,Yes,Yes,DSL,No,Yes,Yes,Yes,No,No,Month-to-month,No,Credit card,48.39,649.15,Yes
CUST00628,Male,0,Yes,No,7,Yes,No,Fiber optic,No,No,No,Yes,No,Yes,One year,No,Bank transfer,55.67,291.18,No
CUST00629,Male,0,No,No,2,Yes,Yes,DSL,No,No internet,No,No,Yes,Yes,Month-to-month,No,Electronic check,27.23,0.0,Yes
CUST00630,Male,0,No,No,15,No,No,Fiber optic,No internet,Yes,No,No,Yes,No,Month-to-month,Yes,Electronic check,58.31,853.82,Yes
CUST00631,Female,0,Yes,No,70,Yes,No,No,No internet,Yes,Yes,Yes,No internet,Yes,Month-to-month,No,Bank transfer,93.26,6635.67,Yes
CUST00632,Male,0,Yes,No,19,No,No,No,Yes,No internet,No,No,Yes,No,Month-to-month,Yes,Credit card,54.58,894.95,Yes
CUST00633,Male,0,No,No,26,Yes,Yes,No,No internet,Yes,No,Yes,No,No,Month-to-month,No,Bank transfer,68.89,1892.45,No
CUST00634,Female,0,No,No,2,Yes,Yes,Fiber optic,No internet,Yes,No,No,Yes,No internet,Month-to-month,Yes,Electronic check,55.77,253.13,Yes
CUST00635,Female,0,Yes,No,3,Yes,No phone service,Fiber optic,No,Yes,No internet,Yes,No,Yes,Month-to-month,Yes,Mailed check,60.24,202.24,Yes
CUST00636,Male,0,Yes,No,14,Yes,Yes,Fiber optic,No internet,Yes,No internet,No internet,No,No,One year,No,Electronic check,38.96,440.6,No
CUST00637,Male,0,No,No,72,Yes,Yes,Fiber optic,No internet,No,Yes,No,No,Yes,Month-to-month,Yes,Credit card,102.3,7199.48,Yes
CUST00638,Female,0,No,Yes,10,Yes,No,No,No,Yes,No,No internet,Yes,No,Two year,Yes,Electronic check,50.19,712.91,No
CUST00639,Female,0,No,No,50,Yes,Yes,DSL,No internet,Yes,Yes,No internet,No,No internet,Month-to-month,No,Bank transfer,50.2,2389.2,No
CUST00640,Female,0,No,No,3,No,No,Fiber optic,No,No internet,No,No internet,No internet,No,One year,Yes,Electronic check,37.72,62.45,No
CUST00641,Female,0,No,No,23,Yes,Yes,Fiber optic,No internet,No,No,Yes,Yes,No,Two year,No,Electronic check,42.62,797.37,No
CUST00642,Female,0,Yes,No,22,Yes,Yes,Fiber optic,No,Yes,Yes,No,No internet,No,Month-to-month,No,Bank transfer,52.96,958.38,Yes
CUST00643,Male,0,No,No,47,Yes,Yes,Fiber optic,No,No,No,No,Yes,Yes,One year,Yes,Credit card,60.6,2916.27,No
CUST00644,Female,1,Yes,Yes,0,Yes,Yes,DSL,No internet,No internet,No internet,No,Yes,No,Two year,Yes,Electronic check,37.04,0.0,No
CUST00645,Male,0,No,No,5,Yes,Yes,DSL,No internet,No internet,Yes,Yes,Yes,No,Month-to-month,No,Mailed check,27.42,222.25,Yes
CUST00646,Male,0,Yes,No,5,Yes,No,No,No,No internet,Yes,Yes,Yes,No internet,Two year,Yes,Bank transfer,52.15,,Yes
CUST00647,Male,0,Yes,No,71,Yes,No phone service,Fiber optic,Yes,No internet,No internet,No,No,No,Month-to-month,No,Credit card,106.83,7706.56,Yes
CUST00648,Female,0,No,No,4,Yes,No,DSL,No,No,No,No,Yes,No,Month-to-month,Yes,Bank transfer,54.02,183.46,No
CUST00649,Male,0,No,No,0,Yes,Yes,DSL,No internet,Yes,No,No,No,No,Two year,No,Electronic check,41.08,95.89,No
CUST00650,Male,0,Yes,No,18,Yes,No,No,No,No internet,Yes,No,Yes,No internet,Month-to-month,Yes,Mailed check,43.1,676.46,No
CUST00651,Female,0,No,No,18,Yes,No,DSL,No internet,No,Yes,No internet,Yes,No,One year,Yes,Credit card,39.82,638.15,No
CUST00652,Male,0,Yes,No,44,Yes,Yes,Fiber optic,No internet,No,Yes,Yes,No internet,No,Two year,Yes,Credit card,68.06,2898.81,No
CUST00653,Male,0,Yes,Yes,71,Yes,Yes,Fiber optic,No,No internet,Yes,Yes,No,Yes,Two year,No,Bank transfer,82.52,5796.43,No
CUST00654,Female,0,No,No,18,Yes,No,Fiber optic,No,No,Yes,No internet,No,No internet,Month-to-month,Yes,Credit card,67.28,1046.14,Yes
CUST00655,Male,0,Yes,No,63,Yes,No,Fiber optic,Yes,No,Yes,No internet,No,No internet,Two year,No,Electronic check,76.15,4695.62,No
CUST00656,Male,0,No,No,30,Yes,No phone service,Fiber optic,No,No,No internet,Yes,Yes,Yes,Month-to-month,Yes,Mailed check,85.83,2477.01,Yes
CUST00657,Male,1,Yes,Yes,7,Yes,No,No,Yes,Yes,No,Yes,No,No,Month-to-month,Yes,Bank transfer,44.09,502.21,Yes
CUST00658,Female,1,No,No,63,Yes,Yes,Fiber optic,No,No,Yes,No internet,Yes,No,Month-to-month,No,Electronic check,74.63,4688.15,Yes
CUST00659,Female,0,No,No,26,Yes,No,DSL,No internet,No,No,Yes,No,Yes,One year,Yes,Credit card,69.16,1757.91,No
CUST00660,Female,0,Yes,No,12,Yes,Yes,DSL,No,No internet,No internet,Yes,No,No,Month-to-month,Yes,Mailed check,48.66,658.35,Yes
CUST00661,Male,0,Yes,No,27,Yes,Yes,DSL,Yes,No,Yes,Yes,Yes,No,One year,Yes,Mailed check,55.11,1441.96,No
CUST00662,Male,0,No,No,12,No,No,Fiber optic,No internet,No internet,No internet,Yes,No internet,Yes,Month-to-month,No,Electronic check,44.26,561.19,No
CUST00663,Female,0,No,No,2,Yes,No,Fiber optic,No,Yes,No,No internet,No,Yes,Month-to-month,Yes,Electronic check,30.22,,Yes
CUST00664,Male,0,Yes,No,30,Yes,No,Fiber optic,No,No internet,No,No,Yes,Yes,Two year,Yes,Bank transfer,33.46,1064.19,No
CUST00665,Male,0,No,No,41,Yes,No,No,No,Yes,No,Yes,No internet,No,Month-to-month,No,Mailed check,60.43,2474.15,No
CUST00666,Female,0,Yes,No,31,Yes,Yes,Fiber optic,No,No,No,No internet,No internet,No,Month-to-month,Yes,Electronic check,48.46,1512.7,No
CUST00667,Female,0,Yes,No,6,Yes,Yes,Fiber optic,Yes,Yes,No,No,No,Yes,One year,Yes,Credit card,57.44,380.21,No
CUST00668,Male,0,Yes,Yes,72,Yes,Yes,Fiber optic,No,Yes,No internet,No,No,No,Month-to-month,No,Electronic check,85.17,6184.83,Yes
CUST00669,Male,0,Yes,Yes,0,Yes,No phone service,DSL,No,Yes,No internet,No internet,No,No,Two year,Yes,Credit card,40.28,34.07,No
CUST00670,Male,0,No,No,9,Yes,No,Fiber optic,No internet,No,No,No,No,Yes,Month-to-month,No,Electronic check,46.82,437.0,Yes
CUST00671,Female,1,No,No,7,Yes,No,DSL,No internet,No,No,No internet,Yes,No,Month-to-month,Yes,Mailed check,79.88,465.03,Yes
CUST00672,Female,0,No,Yes,1,Yes,No,Fiber optic,Yes,No internet,No internet,No,No,No,Month-to-month,No,Mailed check,38.21,94.16,Yes
CUST00673,Female,0,No,Yes,12,Yes,No,Fiber optic,No internet,No,Yes,No,No,Yes,Month-to-month,No,Bank transfer,70.08,719.83,Yes
CUST00674,Female,1,No,No,23,Yes,No,DSL,No internet,No,No,No,Yes,No,One year,Yes,Credit card,91.8,2113.99,No
CUST00675,Male,1,No,No,51,Yes,Yes,DSL,No,No,No,No internet,Yes,Yes,Month-to-month,Yes,Credit card,89.88,4598.15,Yes
CUST00676,Female,0,No,Yes,72,Yes,Yes,DSL,Yes,Yes,Yes,No,Yes,Yes,Two year,No,Electronic check,80.28,5633.31,No
CUST00677,Female,0,No,No,39,Yes,No,Fiber optic,No,No,No,No,Yes,Yes,Month-to-month,Yes,Mailed check,66.53,2521.5,Yes
CUST00678,Female,0,No,No,15,Yes,Yes,Fiber optic,No,No,No,Yes,No,No internet,Month-to-month,Yes,Mailed check,69.05,1163.93,Yes
CUST00679,Female,0,Yes,No,30,Yes,No,No,Yes,Yes,Yes,No,No internet,No,One year,No,Credit card,59.86,1713.92,No
CUST00680,Female,0,No,No,44,Yes,No,Fiber optic,Yes,No,Yes,No,No internet,Yes,One year,Yes,Credit card,107.87,4804.21,No
CUST00681,Male,0,No,Yes,15,Yes,No,DSL,Yes,No,Yes,No,No internet,Yes,Two year,Yes,Mailed check,45.65,565.48,No
CUST00682,Male,0,No,Yes,36,Yes,Yes,No,Yes,No,No internet,Yes,Yes,No internet,One year,No,Mailed check,78.48,2686.12,No
CUST00683,Female,0,No,Yes,15,Yes,Yes,No,No internet,No,Yes,No internet,No internet,No,Month-to-month,No,Electronic check,71.62,1149.16,No
CUST00684,Male,0,No,Yes,11,No,Yes,DSL,No internet,No,No,No,No,Yes,One year,Yes,Bank transfer,30.87,451.07,No
CUST00685,Female,0,No,Yes,17,Yes,No,DSL,No,Yes,Yes,No,No,No,Month-to-month,Yes,Credit card,61.63,1049.08,Yes
CUST00686,Female,0,Yes,Yes,27,Yes,No,Fiber optic,No,Yes,Yes,Yes,Yes,No,Month-to-month,Yes,Credit card,58.91,1629.67,Yes
CUST00687,Male,0,No,No,31,Yes,Yes,No,No internet,No,No,Yes,No,Yes,Two year,No,Mailed check,60.69,2015.2,No
CUST00688,Male,0,Yes,Yes,10,Yes,Yes,No,No internet,Yes,No internet,No,No,Yes,Month-to-month,No,Bank transfer,69.99,679.44,No
CUST00689,Female,0,No,No,20,Yes,No,DSL,No internet,No internet,No,Yes,Yes,No internet,One year,Yes,Mailed check,56.73,1141.99,No
CUST00690,Female,0,No,No,57,Yes,Yes,Fiber optic,No,No,No internet,No internet,No internet,Yes,Month-to-month,No,Bank transfer,100.06,5680.89,Yes
CUST00691,Female,1,Yes,No,72,No,No phone service,Fiber optic,No,No,No internet,No,No internet,No,Month-to-month,Yes,Mailed check,77.13,5478.5,Yes
CUST00692,Male,0,Yes,Yes,6,Yes,No,Fiber optic,No internet,No,Yes,Yes,No internet,Yes,Month-to-month,No,Bank transfer,35.48,61.5,Yes
CUST00693,Female,0,No,Yes,5,Yes,No phone service,Fiber optic,No internet,Yes,No,Yes,No,No,One year,Yes,Electronic check,47.86,,No
CUST00694,Female,0,Yes,No,27,Yes,Yes,DSL,No internet,No internet,No,No internet,No internet,Yes,Month-to-month,Yes,Electronic check,54.15,1577.54,No
CUST00695,Female,0,Yes,No,12,Yes,Yes,Fiber optic,No,Yes,No,No,Yes,No internet,Month-to-month,Yes,Bank transfer,43.6,685.94,Yes
CUST00696,Male,0,No,No,0,Yes,Yes,Fiber optic,No,Yes,No internet,No,No internet,No,Two year,Yes,Credit card,18.0,0.0,Yes
CUST00697,Female,0,Yes,No,10,Yes,No,Fiber optic,No,Yes,No,No,No internet,Yes,Month-to-month,Yes,Bank transfer,70.6,779.99,Yes
CUST00698,Female,0,Yes,No,39,Yes,Yes,Fiber optic,Yes,No,Yes,No internet,No,No,Month-to-month,Yes,Bank transfer,74.97,2899.63,Yes
CUST00699,Male,0,No,No,38,Yes,No,DSL,Yes,Yes,No,Yes,No,No,Two year,No,Credit card,76.71,3067.24,No
CUST00700,Female,1,Yes,No,16,Yes,Yes,Fiber optic,No,No internet,No,No internet,Yes,Yes,Two year,No,Mailed check,56.39,898.89,No
CUST00701,Female,0,Yes,No,15,Yes,No phone service,DSL,No,Yes,No,No internet,No internet,No,Month-to-month,No,Electronic check,65.74,919.63,Yes
CUST00702,Male,0,No,No,20,Yes,Yes,DSL,No,No internet,Yes,Yes,Yes,No internet,Two year,Yes,Credit card,92.63,1872.77,No
CUST00703,Female,1,No,No,5,Yes,Yes,Fiber optic,Yes,No,Yes,No,No internet,Yes,Month-to-month,Yes,Credit card,71.19,207.6,Yes
CUST00704,Male,0,No,Yes,17,Yes,Yes,Fiber optic,No internet,No internet,No internet,Yes,Yes,Yes,Month-to-month,Yes,Mailed check,58.57,1010.25,No
CUST00705,Male,0,No,No,0,Yes,No,Fiber optic,No,No internet,No,No,No internet,Yes,Two year,Yes,Electronic check,51.53,0.0,No
CUST00706,Female,0,No,No,15,Yes,Yes,No,No internet,Yes,Yes,Yes,Yes,No,Two year,Yes,Credit card,75.99,1109.73,No
CUST00707,Female,0,Yes,No,9,Yes,Yes,Fiber optic,No,No,Yes,No,Yes,Yes,Month-to-month,Yes,Bank transfer,37.26,272.21,Yes
CUST00708,Female,0,Yes,No,26,Yes,No,Fiber optic,Yes,No,Yes,Yes,Yes,No,Month-to-month,Yes,Electronic check,61.34,1515.73,No
CUST00709,Female,0,Yes,No,24,Yes,Yes,Fiber optic,No,No internet,Yes,Yes,No internet,Yes,Month-to-month,No,Electronic check,62.5,1529.3,Yes
CUST00710,Male,0,Yes,Yes,11,Yes,No,Fiber optic,No,No internet,No internet,Yes,Yes,Yes,Month-to-month,No,Credit card,61.1,679.88,Yes
CUST00711,Female,0,No,Yes,0,No,Yes,Fiber optic,No,Yes,No internet,No,Yes,No internet,Two year,Yes,Electronic check,39.04,0.0,Yes
CUST00712,Male,0,No,Yes,6,Yes,No,Fiber optic,Yes,No,Yes,No,Yes,No internet,Month-to-month,No,Electronic check,23.14,175.84,Yes
CUST00713,Female,0,Yes,No,24,Yes,Yes,DSL,Yes,No,No,Yes,No internet,No,Month-to-month,Yes,Mailed check,62.88,1499.81,Yes
CUST00714,Female,0,No,No,1,Yes,No,Fiber optic,Yes,No,No,No,No,No,One year,Yes,Electronic check,85.99,61.76,Yes
CUST00715,Female,0,Yes,No,2,Yes,Yes,Fiber optic,No internet,Yes,Yes,Yes,Yes,No,Two year,Yes,Electronic check,57.41,45.81,No
CUST00716,Male,0,Yes,No,24,No,No,DSL,Yes,Yes,No,No,No internet,No,Month-to-month,No,Mailed check,44.51,1175.88,Yes
CUST00717,Female,0,No,Yes,33,Yes,Yes,Fiber optic,No,No internet,Yes,No,No,Yes,One year,Yes,Electronic check,59.08,2176.42,No
CUST00718,Female,0,Yes,Yes,9,Yes,No,DSL,No internet,Yes,No,No internet,No,No internet,Two year,Yes,Credit card,50.48,214.35,No
CUST00719,Female,0,Yes,No,16,Yes,No phone service,Fiber optic,No,Yes,No internet,No,No,No internet,Month-to-month,Yes,Mailed check,81.7,1282.5,Yes
CUST00720,Female,0,Yes,No,69,Yes,Yes,DSL,Yes,Yes,No internet,No internet,No,No internet,Two year,Yes,Electronic check,82.53,5676.89,No
CUST00721,Male,0,Yes,No,69,Yes,Yes,DSL,Yes,No,No,No internet,No,No internet,One year,Yes,Electronic check,100.96,6982.06,No
CUST00722,Female,1,No,No,8,Yes,Yes,DSL,No,No,No internet,Yes,Yes,No,Month-to-month,No,Electronic check,66.98,813.71,Yes
CUST00723,Male,0,No,No,39,Yes,No,Fiber optic,Yes,No,No,Yes,No,No internet,Month-to-month,Yes,Electronic check,70.72,2763.71,Yes
CUST00724,Male,0,Yes,Yes,21,Yes,Yes,No,No,No,No,No,No internet,No internet,One year,No,Bank transfer,45.45,919.89,No
CUST00725,Male,0,Yes,No,72,Yes,No phone service,Fiber optic,No,No,Yes,No,No,Yes,Month-to-month,Yes,Electronic check,97.94,7113.06,Yes
CUST00726,Male,0,No,No,15,Yes,Yes,No,Yes,No internet,Yes,No,Yes,No internet,Month-to-month,Yes,Mailed check,49.35,823.39,Yes
CUST00727,Male,0,No,No,35,No,No,No,Yes,Yes,No internet,No,Yes,No,Month-to-month,No,Credit card,84.39,2892.92,Yes
CUST00728,Male,0,Yes,No,35,Yes,Yes,DSL,No internet,Yes,No internet,Yes,Yes,No,One year,Yes,Mailed check,67.92,2368.47,No
CUST00729,Female,0,Yes,Yes,16,Yes,Yes,DSL,No,Yes,No,No,No,Yes,Month-to-month,Yes,Mailed check,56.59,901.15,No
CUST00730,Male,0,No,Yes,38,Yes,No,DSL,No internet,No internet,No,No,No,No internet,Month-to-month,Yes,Credit card,57.89,2360.97,No
CUST00731,Male,0,No,No,7,Yes,No,Fiber optic,Yes,No,Yes,No,No internet,Yes,Month-to-month,No,Credit card,46.47,339.2,Yes
CUST00732,Male,0,Yes,No,3,Yes,No,Fiber optic,Yes,Yes,No internet,No,No,Yes,One year,No,Credit card,44.61,179.06,Yes
CUST00733,Female,1,No,No,13,No,No,DSL,No,Yes,No,No internet,Yes,No internet,Month-to-month,Yes,Bank transfer,67.18,813.55,No
CUST00734,Female,0,Yes,Yes,69,Yes,No,Fiber optic,No,No internet,No,No,Yes,Yes,Month-to-month,No,Credit card,108.29,7518.26,Yes
CUST00735,Male,0,Yes,No,16,Yes,No,Fiber optic,No internet,No,No internet,No internet,No,Yes,Month-to-month,No,Credit card,36.35,566.72,No
CUST00736,Female,0,No,Yes,24,Yes,Yes,Fiber optic,No internet,Yes,No internet,No,No,No,Month-to-month,Yes,Mailed check,63.98,1509.58,Yes
CUST00737,Male,0,No,Yes,23,Yes,Yes,Fiber optic,No,No,No,No internet,No,No internet,Month-to-month,Yes,Bank transfer,88.13,1969.31,Yes
CUST00738,Male,0,Yes,Yes,3,Yes,Yes,No,No,No internet,No,No,Yes,No,One year,No,Electronic check,33.82,122.66,No
CUST00739,Female,0,Yes,No,11,Yes,Yes,Fiber optic,No internet,No,Yes,No,Yes,Yes,One year,No,Mailed check,49.28,526.58,Yes
CUST00740,Male,0,Yes,No,29,Yes,No,No,No internet,No internet,No internet,No,No internet,No,One year,Yes,Electronic check,77.39,2147.79,No
CUST00741,Female,0,No,No,72,Yes,No,Fiber optic,Yes,No,Yes,Yes,Yes,No,Month-to-month,No,Electronic check,67.89,4797.18,Yes
CUST00742,Female,0,Yes,Yes,4,No,No,Fiber optic,No,No,No internet,Yes,Yes,No internet,Month-to-month,Yes,Electronic check,74.74,319.7,Yes
CUST00743,Male,0,Yes,Yes,12,Yes,No,DSL,No,No,Yes,No,No,No internet,Two year,No,Mailed check,74.86,907.83,No
CUST00744,Male,0,Yes,Yes,2,Yes,Yes,DSL,No internet,No internet,No internet,No internet,No,No,Month-to-month,Yes,Mailed check,55.04,172.98,Yes
CUST00745,Female,1,No,No,6,Yes,Yes,DSL,No internet,Yes,No,No internet,Yes,No,One year,Yes,Bank transfer,18.65,124.76,No
CUST00746,Male,0,Yes,Yes,11,Yes,No,DSL,Yes,No,No,Yes,No internet,No internet,Two year,Yes,Electronic check,48.27,421.49,No
CUST00747,Male,0,Yes,No,18,Yes,Yes,DSL,No internet,No,Yes,No internet,Yes,No internet,One year,Yes,Credit card,73.87,1386.75,No
CUST00748,Male,0,Yes,Yes,6,Yes,No,Fiber optic,No internet,No internet,No,No,Yes,No,Month-to-month,Yes,Mailed check,47.5,198.96,Yes
CUST00749,Female,1,No,Yes,6,Yes,Yes,Fiber optic,Yes,No,No,Yes,Yes,No internet,Month-to-month,No,Bank transfer,63.14,482.16,Yes
CUST00750,Female,0,No,Yes,36,No,No,DSL,No,No,Yes,No internet,No,No internet,Month-to-month,Yes,Electronic check,98.41,3639.05,No
CUST00751,Male,0,No,Yes,72,Yes,No phone service,DSL,No,Yes,No,No internet,Yes,Yes,One year,No,Credit card,90.8,6478.31,No
CUST00752,Female,0,No,No,9,Yes,Yes,Fiber optic,No,No internet,No internet,No internet,Yes,No internet,One year,Yes,Bank transfer,58.0,438.92,Yes
CUST00753,Female,0,No,No,27,Yes,Yes,Fiber optic,No,No internet,Yes,No,No,Yes,One year,No,Credit card,57.84,1441.47,No
CUST00754,Female,0,Yes,No,7,No,Yes,No,Yes,No,No,Yes,No internet,No internet,Month-to-month,Yes,Electronic check,77.11,409.86,Yes
CUST00755,Female,0,No,Yes,63,Yes,Yes,Fiber optic,No internet,Yes,Yes,Yes,No,Yes,Two year,Yes,Mailed check,96.93,6269.56,No
CUST00756,Female,1,Yes,Yes,26,Yes,No,DSL,Yes,No,No internet,No internet,No,No,One year,Yes,Electronic check,65.85,1631.67,No
CUST00757,Male,0,Yes,No,38,Yes,Yes,DSL,No,Yes,Yes,Yes,Yes,No,Month-to-month,Yes,Electronic check,58.16,2170.42,Yes
CUST00758,Male,0,No,No,1,Yes,Yes,DSL,Yes,Yes,Yes,No,No internet,No internet,Month-to-month,Yes,Mailed check,38.26,286.19,Yes
CUST00759,Male,0,Yes,No,21,Yes,No,DSL,No,Yes,No internet,No,Yes,Yes,One year,Yes,Credit card,53.59,1240.77,No
CUST00760,Female,0,Yes,No,17,No,Yes,Fiber optic,No,No,No,No internet,Yes,No,Month-to-month,No,Mailed check,46.86,899.03,Yes
CUST00761,Female,1,Yes,No,8,Yes,No,DSL,No internet,No internet,Yes,No,Yes,Yes,Month-to-month,No,Electronic check,65.82,593.39,No
CUST00762,Male,0,No,Yes,7,Yes,Yes,DSL,No internet,Yes,No,No,No,No,Month-to-month,No,Bank transfer,66.24,567.76,Yes
CUST00763,Female,0,Yes,No,20,Yes,Yes,Fiber optic,No,No internet,No,No,Yes,No,Two year,Yes,Electronic check,48.13,727.27,No
CUST00764,Male,0,No,No,29,Yes,No,DSL,No,No,No,No,Yes,No,Month-to-month,No,Mailed check,53.94,1551.28,Yes
CUST00765,Male,0,No,No,0,Yes,Yes,No,No,No internet,Yes,No,Yes,Yes,Month-to-month,Yes,Bank transfer,40.91,0.0,Yes
CUST00766,Male,0,No,No,20,No,No,No,No,Yes,No,Yes,No,No internet,Two year,Yes,Bank transfer,64.95,1141.89,No
CUST00767,Female,0,Yes,No,4,Yes,Yes,Fiber optic,No,No,No internet,No internet,No internet,Yes,One year,Yes,Bank transfer,36.85,1.13,No
CUST00768,Female,0,No,Yes,3,No,Yes,Fiber optic,Yes,No,No,Yes,Yes,No,One year,Yes,Electronic check,29.22,,Yes
CUST00769,Male,1,Yes,No,23,Yes,Yes,DSL,No,No,No,Yes,Yes,No,Month-to-month,Yes,Electronic check,67.84,1419.8,No
CUST00770,Male,0,Yes,Yes,8,Yes,Yes,DSL,Yes,No internet,No,Yes,No,No,One year,Yes,Credit card,55.13,418.68,Yes
CUST00771,Male,1,Yes,No,13,No,No,Fiber optic,No,No internet,Yes,Yes,Yes,Yes,One year,Yes,Credit card,64.49,793.12,No
CUST00772,Male,0,No,No,10,Yes,Yes,DSL,No internet,No internet,Yes,No internet,No internet,Yes,Two year,No,Electronic check,53.35,,No
CUST00773,Female,0,Yes,No,25,Yes,Yes,DSL,Yes,Yes,Yes,No,No internet,Yes,Month-to-month,No,Bank transfer,75.03,1940.63,No
CUST00774,Female,0,Yes,No,15,Yes,Yes,Fiber optic,No,Yes,No,Yes,Yes,No,Month-to-month,Yes,Electronic check,75.14,1213.72,Yes
CUST00775,Male,0,Yes,No,72,Yes,Yes,DSL,No internet,Yes,No,Yes,No internet,Yes,Month-to-month,Yes,Mailed check,85.08,6017.42,Yes
CUST00776,Male,0,Yes,Yes,10,Yes,Yes,Fiber optic,No internet,No internet,No,No,Yes,No,One year,No,Credit card,56.84,696.46,No
CUST00777,Female,0,No,No,32,Yes,No,Fiber optic,No,No,No,No,Yes,No internet,Month-to-month,Yes,Mailed check,93.55,3053.14,Yes
CUST00778,Female,0,No,Yes,7,No,No,No,Yes,No internet,Yes,Yes,Yes,Yes,Month-to-month,No,Credit card,49.71,338.56,Yes
CUST00779,Male,0,No,No,17,Yes,Yes,No,No internet,No,Yes,No,Yes,No,Month-to-month,No,Bank transfer,52.21,742.71,No
CUST00780,Male,0,Yes,No,19,Yes,Yes,DSL,No,Yes,No internet,No,No,No,Month-to-month,Yes,Bank transfer,39.27,785.33,Yes
CUST00781,Male,0,Yes,Yes,9,Yes,No,Fiber optic,No,No internet,Yes,No,Yes,No internet,Month-to-month,Yes,Electronic check,64.72,551.93,Yes
CUST00782,Female,0,No,Yes,15,Yes,Yes,Fiber optic,Yes,No internet,No,Yes,Yes,No,Two year,No,Bank transfer,35.89,470.6,No
CUST00783,Female,0,Yes,No,7,Yes,Yes,No,Yes,No,Yes,No,No,Yes,One year,No,Credit card,44.0,331.75,No
CUST00784,Female,0,No,No,0,Yes,Yes,Fiber optic,Yes,No internet,Yes,No,Yes,Yes,Month-to-month,Yes,Mailed check,34.79,0.0,Yes
CUST00785,Male,0,Yes,No,5,Yes,No,DSL,No,No internet,Yes,No internet,Yes,No,Month-to-month,Yes,Electronic check,33.26,155.22,No
CUST00786,Male,1,No,Yes,28,Yes,Yes,DSL,Yes,No internet,No internet,Yes,No,Yes,Month-to-month,No,Credit card,96.69,2584.73,Yes
CUST00787,Female,0,Yes,No,35,Yes,Yes,Fiber optic,Yes,No internet,Yes,No,Yes,No internet,One year,Yes,Electronic check,69.54,2278.2,No
CUST00788,Female,0,Yes,No,7,Yes,No,No,Yes,Yes,Yes,Yes,No,Yes,Month-to-month,No,Mailed check,29.64,353.05,Yes
CUST00789,Male,0,No,Yes,12,Yes,No,No,No,No,No,Yes,Yes,No internet,Two year,No,Electronic check,60.74,608.3,No
CUST00790,Female,0,No,No,0,Yes,No,Fiber optic,Yes,No internet,No,No,Yes,Yes,One year,No,Electronic check,65.11,0.0,No
CUST00791,Female,0,Yes,No,6,Yes,No,No,No internet,No,No internet,No internet,Yes,Yes,Month-to-month,Yes,Electronic check,60.08,299.24,No
CUST00792,Male,0,No,No,36,Yes,Yes,Fiber optic,Yes,No,Yes,No,Yes,No internet,Two year,No,Mailed check,84.99,3143.74,Yes
CUST00793,Female,1,No,No,22,Yes,Yes,Fiber optic,No internet,No internet,No,No internet,No,No,One year,Yes,Mailed check,79.45,1681.87,No
CUST00794,Male,0,Yes,No,5,No,Yes,Fiber optic,No internet,Yes,No,No,Yes,No,Month-to-month,Yes,Bank transfer,64.3,305.42,Yes
CUST00795,Male,0,Yes,No,7,Yes,No,Fiber optic,No,No,No,Yes,Yes,Yes,Month-to-month,Yes,Bank transfer,52.09,273.25,Yes
CUST00796,Male,0,Yes,Yes,40,Yes,No,Fiber optic,Yes,No,Yes,No,No internet,Yes,One year,Yes,Mailed check,92.61,3819.2,No
CUST00797,Male,0,Yes,No,5,Yes,No,Fiber optic,Yes,No,Yes,No,No internet,Yes,Month-to-month,No,Credit card,64.71,113.12,Yes
CUST00798,Male,0,No,Yes,9,Yes,No phone service,Fiber optic,Yes,No,Yes,No,No internet,Yes,Month-to-month,No,Credit card,58.71,551.19,No
CUST00799,Male,0,Yes,No,26,Yes,No,Fiber optic,No,No,No,Yes,No,Yes,Month-to-month,Yes,Electronic check,50.32,1500.64,Yes
CUST00800,Male,0,Yes,No,19,Yes,No,Fiber optic,Yes,No internet,Yes,Yes,Yes,Yes,Month-to-month,Yes,Electronic check,75.33,1403.18,No
CUST00801,Female,1,Yes,Yes,14,Yes,No,Fiber optic,Yes,No,No internet,No,No,No internet,Month-to-month,Yes,Mailed check,84.88,1095.78,Yes
CUST00802,Male,0,No,Yes,55,Yes,Yes,DSL,Yes,No,No,No,No internet,Yes,Two year,Yes,Electronic check,109.71,5816.57,No
CUST00803,Male,0,Yes,No,5,Yes,No phone service,DSL,No,No,No,No,Yes,No internet,One year,No,Credit card,51.74,294.17,No
CUST00804,Female,0,Yes,No,32,Yes,No,Fiber optic,Yes,No internet,No,Yes,Yes,No,One year,Yes,Electronic check,72.07,2397.98,No
CUST00805,Female,0,Yes,No,4,Yes,Yes,No,Yes,Yes,Yes,Yes,No,Yes,One year,No,Mailed check,57.81,343.73,No
CUST00806,Female,0,No,No,22,Yes,Yes,Fiber optic,Yes,No,No,No internet,Yes,No,One year,No,Electronic check,31.79,846.94,No
CUST00807,Male,0,Yes,No,49,Yes,No,DSL,No,No,Yes,No,No,No internet,Two year,Yes,Mailed check,87.45,4361.71,No
CUST00808,Female,0,No,No,14,Yes,Yes,DSL,Yes,No,No internet,No,Yes,No internet,Month-to-month,Yes,Electronic check,64.21,736.57,Yes
CUST00809,Male,0,Yes,Yes,30,Yes,Yes,Fiber optic,No internet,Yes,No,No internet,Yes,Yes,One year,Yes,Bank transfer,58.44,1873.94,Yes
CUST00810,Male,0,Yes,No,41,Yes,Yes,Fiber optic,No,No internet,Yes,Yes,No,No,Month-to-month,Yes,Credit card,58.29,2305.44,No
CUST00811,Male,1,Yes,No,3,Yes,No,DSL,No,Yes,No,No,Yes,Yes,Two year,Yes,Electronic check,44.42,92.62,No
CUST00812,Male,0,Yes,No,29,Yes,Yes,Fiber optic,No,Yes,Yes,Yes,Yes,No,Two year,Yes,Electronic check,74.05,2219.61,No
CUST00813,Female,1,No,Yes,60,No,No,DSL,No internet,Yes,No internet,Yes,No,Yes,Two year,No,Mailed check,79.83,4824.06,No
CUST00814,Female,1,No,No,20,No,No,Fiber optic,Yes,No,No internet,No,No,Yes,Month-to-month,Yes,Bank transfer,77.84,1471.33,Yes
CUST00815,Male,0,No,No,4,Yes,No,Fiber optic,No,No,No internet,Yes,No,No,Month-to-month,No,Electronic check,50.9,240.57,Yes
CUST00816,Male,0,No,Yes,3,Yes,No,Fiber optic,Yes,Yes,No,No,Yes,No internet,Month-to-month,Yes,Credit card,55.75,0.0,Yes
CUST00817,Male,0,Yes,No,7,Yes,No,No,No internet,Yes,No,No,No,No internet,Month-to-month,Yes,Electronic check,73.32,601.36,Yes
CUST00818,Female,0,Yes,No,2,Yes,Yes,DSL,Yes,Yes,Yes,No,No internet,Yes,Month-to-month,Yes,Electronic check,58.95,70.01,Yes
CUST00819,Male,0,No,Yes,17,No,Yes,Fiber optic,No,No,Yes,No internet,Yes,No,Month-to-month,Yes,Mailed check,65.07,1304.54,Yes
CUST00820,Male,0,No,Yes,1,Yes,No,DSL,No,No internet,No internet,No,No internet,No internet,One year,Yes,Electronic check,42.5,9.03,No
CUST00821,Female,1,No,No,6,Yes,Yes,No,No,Yes,No,No,Yes,Yes,Month-to-month,No,Bank transfer,70.62,546.29,Yes
CUST00822,Female,0,Yes,No,13,Yes,Yes,DSL,No,No,No internet,No,No,No,Two year,Yes,Electronic check,56.14,821.2,No
CUST00823,Male,0,Yes,Yes,15,Yes,Yes,No,No,No,No internet,Yes,No,Yes,Month-to-month,No,Credit card,38.02,649.23,No
CUST00824,Female,0,No,Yes,19,Yes,Yes,DSL,No internet,No,No,Yes,No,Yes,Month-to-month,No,Mailed check,57.18,1166.42,No
CUST00825,Female,1,Yes,No,29,Yes,No,DSL,Yes,No,Yes,No,No,Yes,One year,No,Mailed check,92.82,2741.35,No
CUST00826,Male,0,Yes,No,1,Yes,No,Fiber optic,Yes,No,No,Yes,No,No,One year,No,Electronic check,37.25,,No
CUST00827,Female,1,Yes,Yes,2,Yes,No,Fiber optic,No internet,No,No,No,No internet,Yes,Month-to-month,Yes,Electronic check,66.27,206.72,Yes
CUST00828,Male,0,No,Yes,1,Yes,Yes,Fiber optic,Yes,No internet,Yes,No,No internet,No,Two year,No,Bank transfer,48.96,22.78,Yes
CUST00829,Female,0,Yes,No,13,No,Yes,Fiber optic,No internet,No internet,No,Yes,No internet,Yes,One year,No,Electronic check,56.8,674.07,No
CUST00830,Male,0,No,No,1,Yes,Yes,Fiber optic,No,No internet,Yes,Yes,No,Yes,Two year,No,Mailed check,47.55,0.0,No
CUST00831,Male,0,Yes,No,32,Yes,Yes,Fiber optic,Yes,No,No,No,Yes,No,Two year,Yes,Mailed check,70.16,2213.9,No
CUST00832,Male,0,No,No,6,Yes,No,Fiber optic,Yes,Yes,Yes,Yes,Yes,No,Month-to-month,Yes,Electronic check,37.79,246.96,Yes
CUST00833,Female,0,No,No,67,No,Yes,Fiber optic,No,No,No,No,Yes,No internet,Two year,No,Credit card,91.9,6233.24,No
CUST00834,Male,0,Yes,No,15,Yes,Yes,DSL,No internet,No internet,Yes,No,No internet,No,Two year,No,Credit card,50.94,771.79,No
CUST00835,Female,0,No,No,14,Yes,No,No,Yes,No internet,No,No internet,No,No internet,Two year,No,Mailed check,59.73,931.36,No
CUST00836,Male,0,Yes,No,36,Yes,Yes,No,Yes,Yes,No internet,Yes,Yes,No,Two year,No,Credit card,71.57,2577.8,No
CUST00837,Male,1,Yes,Yes,29,No,No,DSL,No internet,No internet,No,No,No,Yes,Two year,Yes,Credit card,78.44,2492.83,No
CUST00838,Female,0,No,No,22,Yes,No,Fiber optic,No,No,No,No,Yes,Yes,Month-to-month,Yes,Electronic check,57.56,1273.97,Yes
CUST00839,Male,0,Yes,No,65,Yes,Yes,Fiber optic,Yes,No,No,Yes,No,No,Month-to-month,No,Electronic check,63.73,4137.16,Yes
CUST00840,Male,0,Yes,No,13,Yes,Yes,Fiber optic,No,Yes,No internet,Yes,No,No internet,Two year,Yes,Mailed check,48.33,561.58,No
CUST00841,Female,0,Yes,No,39,Yes,No phone service,DSL,No internet,No internet,Yes,No,Yes,No,One year,No,Mailed check,64.17,2615.96,No
CUST00842,Male,0,Yes,No,11,Yes,No,Fiber optic,No,No,Yes,No internet,No,Yes,Month-to-month,No,Mailed check,29.64,431.68,Yes
CUST00843,Male,0,No,No,43,Yes,Yes,No,No,No,No internet,Yes,No,No internet,Month-to-month,Yes,Electronic check,63.48,2888.57,No
CUST00844,Male,0,Yes,No,7,Yes,Yes,DSL,Yes,No,No,Yes,No,No,One year,Yes,Mailed check,70.1,621.47,No
CUST00845,Male,0,No,No,8,Yes,Yes,No,No,Yes,Yes,No,No internet,Yes,Month-to-month,No,Bank transfer,38.52,312.78,Yes
CUST00846,Female,0,No,No,27,Yes,No,No,Yes,No internet,No internet,No internet,No,No internet,Month-to-month,Yes,Electronic check,74.93,1905.78,Yes
CUST00847,Female,0,Yes,No,5,No,Yes,Fiber optic,No,Yes,Yes,No,No,No,Month-to-month,Yes,Bank transfer,44.29,240.31,Yes
CUST00848,Male,0,Yes,No,6,Yes,No,DSL,No,No internet,No,No,No,Yes,One year,No,Credit card,44.23,370.05,No
CUST00849,Female,0,No,Yes,8,Yes,No,DSL,No,No,No,Yes,Yes,No internet,Month-to-month,No,Bank transfer,51.14,401.86,Yes
CUST00850,Male,0,Yes,Yes,27,Yes,No,Fiber optic,Yes,Yes,No,Yes,Yes,No,Month-to-month,No,Electronic check,68.19,1798.17,No
CUST00851,Female,0,Yes,No,52,Yes,Yes,Fiber optic,No,No,Yes,Yes,No,Yes,Two year,Yes,Electronic check,69.46,3581.19,No
CUST00852,Male,0,Yes,No,26,Yes,Yes,Fiber optic,No,No internet,Yes,No internet,No,No,One year,Yes,Mailed check,55.13,1561.06,No
CUST00853,Male,1,No,No,42,Yes,No,No,No,Yes,No internet,No internet,No internet,No internet,Month-to-month,No,Credit card,101.72,4237.22,Yes
CUST00854,Male,0,No,Yes,18,Yes,Yes,No,Yes,No,No,Yes,No,Yes,Month-to-month,Yes,Credit card,60.88,1164.66,Yes
CUST00855,Male,0,Yes,No,1,Yes,No,No,No,Yes,No,Yes,No internet,No,One year,Yes,Mailed check,29.49,120.38,No
CUST00856,Male,0,Yes,Yes,2,Yes,Yes,No,No,No internet,No,Yes,No internet,No,One year,Yes,Electronic check,19.39,97.65,No
CUST00857,Male,0,No,No,19,Yes,No phone service,Fiber optic,No internet,No internet,No,No,No,No,Month-to-month,Yes,Bank transfer,81.16,1478.08,Yes
CUST00858,Female,0,No,Yes,9,Yes,No,DSL,No,No,Yes,No internet,Yes,Yes,Month-to-month,Yes,Credit card,68.36,587.75,Yes
CUST00859,Male,0,No,Yes,5,Yes,Yes,DSL,No internet,Yes,Yes,No internet,Yes,Yes,Two year,Yes,Credit card,55.19,117.12,No
CUST00860,Female,0,No,Yes,15,Yes,No,DSL,No,No internet,No internet,No,No internet,No,Two year,Yes,Bank transfer,59.67,857.13,No
CUST00861,Male,0,Yes,No,26,Yes,No,Fiber optic,No,No,Yes,No internet,No,No,Month-to-month,No,Mailed check,62.85,1460.85,No
CUST00862,Female,0,No,No,11,Yes,Yes,DSL,Yes,No,No internet,No,No,Yes,Month-to-month,Yes,Bank transfer,56.96,729.61,Yes
CUST00863,Female,0,Yes,Yes,38,Yes,Yes,DSL,Yes,Yes,No internet,Yes,No internet,Yes,Month-to-month,Yes,Credit card,72.17,2614.35,No
CUST00864,Female,0,Yes,No,32,No,No,No,Yes,No,No,No internet,Yes,No internet,Month-to-month,Yes,Bank transfer,81.65,2505.98,Yes
CUST00865,Male,0,No,Yes,31,Yes,No,No,No,No,No,No,Yes,No,Month-to-month,No,Electronic check,79.7,2441.31,No
CUST00866,Male,0,Yes,No,72,Yes,Yes,DSL,No,Yes,Yes,No,Yes,No internet,Month-to-month,No,Bank transfer,88.95,6350.98,Yes
CUST00867,Female,0,No,No,8,Yes,Yes,DSL,No,Yes,No,No internet,Yes,Yes,One year,No,Credit card,57.23,652.7,No
CUST00868,Male,0,Yes,No,24,Yes,Yes,Fiber optic,Yes,No,No,No,No,No,Month-to-month,No,Mailed check,74.62,1908.92,Yes
CUST00869,Female,0,No,No,46,Yes,Yes,DSL,No,No,No,No,Yes,Yes,Two year,No,Mailed check,81.76,3737.24,No
CUST00870,Male,0,No,No,20,No,Yes,No,No,Yes,Yes,No internet,No internet,No,One year,No,Bank transfer,58.71,1330.21,No
CUST00871,Female,0,Yes,No,37,Yes,Yes,Fiber optic,No,Yes,No,Yes,Yes,Yes,One year,Yes,Bank transfer,26.44,1022.59,No
CUST00872,Female,0,No,No,12,Yes,No,DSL,No,Yes,No,No,Yes,Yes,Two year,Yes,Electronic check,66.4,793.64,No
CUST00873,Male,0,Yes,No,21,Yes,No,Fiber optic,No,No internet,No,No internet,No,No,One year,Yes,Bank transfer,77.23,1530.3,No
CUST00874,Female,0,No,Yes,1,Yes,No,DSL,No,Yes,No internet,Yes,No internet,No internet,Two year,Yes,Mailed check,46.58,0.0,No
CUST00875,Male,0,Yes,No,72,Yes,Yes,No,No,No internet,No,Yes,No,No internet,Month-to-month,No,Credit card,69.34,5210.77,No
CUST00876,Female,0,No,No,38,Yes,No,Fiber optic,No,No,Yes,Yes,Yes,Yes,Month-to-month,Yes,Credit card,83.05,3203.04,Yes
CUST00877,Female,0,Yes,No,48,Yes,No,No,No internet,No,Yes,No internet,Yes,No internet,Month-to-month,No,Mailed check,88.29,4214.02,Yes
CUST00878,Male,0,Yes,No,28,Yes,No,DSL,No,No internet,Yes,No,No internet,No internet,Month-to-month,Yes,Credit card,51.17,,No
CUST00879,Male,0,Yes,No,4,Yes,Yes,DSL,No internet,No,Yes,Yes,Yes,Yes,Month-to-month,Yes,Electronic check,59.12,250.31,Yes
CUST00880,Male,0,Yes,Yes,0,Yes,Yes,Fiber optic,No internet,No,No,No internet,Yes,No internet,One year,Yes,Bank transfer,43.16,0.0,No
CUST00881,Female,0,No,Yes,47,Yes,No,No,No,No,Yes,Yes,Yes,No internet,Month-to-month,No,Electronic check,78.66,3450.97,Yes
CUST00882,Male,0,No,No,12,Yes,Yes,Fiber optic,No,No internet,Yes,No,No,Yes,One year,No,Electronic check,76.93,1008.01,No
CUST00883,Female,0,No,No,7,Yes,No phone service,No,No internet,Yes,Yes,No,No internet,Yes,Month-to-month,No,Credit card,60.58,602.27,Yes
CUST00884,Female,1,Yes,No,19,Yes,No,DSL,No,No,No,Yes,No,Yes,One year,No,Credit card,60.15,1171.51,No
CUST00885,Male,0,Yes,No,13,Yes,No,DSL,No,No internet,No internet,No,Yes,No internet,Month-to-month,Yes,Mailed check,48.42,674.48,Yes
CUST00886,Male,1,Yes,No,25,No,No,DSL,No internet,Yes,No internet,No,Yes,Yes,Two year,Yes,Electronic check,102.21,2472.84,No
CUST00887,Female,0,No,Yes,15,Yes,Yes,Fiber optic,No internet,No internet,Yes,No,No,No,Month-to-month,No,Mailed check,76.67,1111.83,Yes
CUST00888,Female,0,No,No,28,Yes,Yes,No,Yes,No internet,No internet,Yes,No,No,Two year,No,Credit card,57.46,1646.83,No
CUST00889,Male,0,Yes,No,46,Yes,No,Fiber optic,No internet,Yes,No,No internet,Yes,No,Month-to-month,Yes,Electronic check,71.44,3303.7,Yes
CUST00890,Male,0,Yes,Yes,5,Yes,Yes,DSL,No internet,Yes,No,Yes,Yes,Yes,One year,Yes,Electronic check,47.36,219.29,No
CUST00891,Male,0,Yes,No,9,Yes,No,Fiber optic,No,Yes,No,Yes,No,No,Month-to-month,Yes,Bank transfer,57.33,621.19,Yes
CUST00892,Male,0,No,Yes,13,Yes,No,DSL,No,Yes,No internet,No,No internet,No,Two year,Yes,Credit card,68.37,906.69,No
CUST00893,Male,0,No,No,72,Yes,Yes,Fiber optic,Yes,No,No,Yes,No,No,Two year,No,Electronic check,93.78,6808.75,No
CUST00894,Female,1,No,Yes,10,Yes,Yes,DSL,Yes,No internet,Yes,Yes,Yes,Yes,Two year,No,Credit card,75.54,702.72,No
CUST00895,Female,1,Yes,No,11,Yes,No,No,No,No,No,No,Yes,No internet,Month-to-month,Yes,Bank transfer,54.94,690.96,Yes
CUST00896,Female,0,No,No,25,Yes,Yes,No,No,No,No,No internet,No,No,Two year,Yes,Electronic check,64.28,1503.44,No
CUST00897,Female,0,No,No,13,Yes,Yes,Fiber optic,No,Yes,Yes,No internet,No,No,Month-to-month,No,Bank transfer,69.23,900.05,Yes
CUST00898,Male,0,Yes,No,72,Yes,Yes,DSL,No,No,No,Yes,No internet,Yes,Month-to-month,No,Bank transfer,108.77,7868.73,No
CUST00899,Male,0,No,Yes,53,No,No,DSL,No internet,No,No,No,No internet,Yes,Month-to-month,No,Electronic check,44.35,2308.74,Yes
CUST00900,Male,0,Yes,No,17,No,No phone service,DSL,Yes,No,Yes,No internet,Yes,No internet,Month-to-month,No,Mailed check,65.47,1117.21,Yes
CUST00901,Female,0,Yes,No,24,Yes,Yes,Fiber optic,No,No,No internet,Yes,Yes,No internet,One year,No,Bank transfer,80.27,1994.7,No
CUST00902,Female,0,No,No,1,Yes,No phone service,DSL,No,No internet,No internet,Yes,Yes,No,Month-to-month,Yes,Electronic check,20.35,90.27,Yes
CUST00903,Male,0,Yes,No,28,Yes,Yes,No,Yes,No internet,No,No internet,No,Yes,Month-to-month,No,Mailed check,84.49,2363.56,Yes
CUST00904,Male,1,No,Yes,29,Yes,No,No,Yes,Yes,Yes,Yes,Yes,No,One year,Yes,Electronic check,107.64,3080.86,Yes
CUST00905,Female,0,No,Yes,10,Yes,Yes,DSL,No,Yes,No,No,Yes,Yes,Two year,Yes,Electronic check,57.76,620.04,No
CUST00906,Female,1,Yes,No,5,Yes,Yes,Fiber optic,No internet,Yes,No,Yes,No internet,No,One year,Yes,Electronic check,70.62,563.59,Yes
CUST00907,Male,0,No,No,59,Yes,No,Fiber optic,Yes,No,No,Yes,Yes,No internet,One year,Yes,Mailed check,64.96,3890.71,No
CUST00908,Male,0,Yes,No,13,Yes,Yes,Fiber optic,Yes,Yes,Yes,No,No internet,Yes,One year,Yes,Electronic check,87.21,1303.34,No
CUST00909,Female,0,Yes,No,25,No,Yes,DSL,No,No,No,No,Yes,No internet,Two year,No,Mailed check,66.75,1690.66,No
CUST00910,Male,0,Yes,No,0,Yes,No,DSL,No internet,Yes,No,No,Yes,Yes,Two year,Yes,Electronic check,18.0,32.14,No
CUST00911,Male,0,Yes,No,12,Yes,Yes,Fiber optic,No,No,No,No internet,No,No internet,Month-to-month,No,Bank transfer,70.49,621.12,No
CUST00912,Male,0,Yes,No,40,Yes,Yes,DSL,No,Yes,Yes,Yes,No,Yes,Month-to-month,No,Bank transfer,56.4,2239.35,Yes
CUST00913,Female,0,Yes,No,11,Yes,No phone service,Fiber optic,Yes,No,No,Yes,Yes,No,Two year,Yes,Electronic check,47.94,626.21,Yes
CUST00914,Female,0,Yes,No,22,Yes,No,No,Yes,No internet,No,No internet,No,No,Two year,Yes,Credit card,65.34,1465.14,No
CUST00915,Female,0,Yes,No,5,No,Yes,Fiber optic,Yes,No,No internet,No,Yes,No,Month-to-month,Yes,Bank transfer,52.89,256.12,Yes
CUST00916,Female,0,No,Yes,12,Yes,No phone service,No,Yes,No,No,No internet,No,No,One year,Yes,Bank transfer,60.99,737.13,No
CUST00917,Female,0,Yes,No,63,Yes,Yes,Fiber optic,No,No internet,No,No,No,No,Two year,Yes,Mailed check,88.2,5731.98,No
CUST00918,Female,0,No,No,20,Yes,No,DSL,No internet,Yes,No,No,Yes,No internet,Month-to-month,Yes,Electronic check,80.19,1540.61,No
CUST00919,Female,0,No,No,55,Yes,Yes,No,No internet,Yes,Yes,No,No,Yes,Month-to-month,Yes,Credit card,57.21,3249.58,No
CUST00920,Male,0,No,No,55,Yes,Yes,DSL,No,No internet,Yes,Yes,No,No,One year,Yes,Electronic check,85.54,4867.48,No
CUST00921,Male,1,Yes,Yes,69,Yes,No,No,No,No internet,No,No,No,Yes,Month-to-month,Yes,Bank transfer,97.0,6762.07,Yes
CUST00922,Male,0,No,No,54,Yes,No,Fiber optic,No,Yes,No,No,No,No internet,Month-to-month,No,Mailed check,73.61,3886.5,Yes
CUST00923,Male,0,No,No,0,Yes,No,No,No,Yes,No internet,Yes,Yes,No internet,Two year,Yes,Credit card,31.12,62.65,No
CUST00924,Male,0,No,Yes,65,No,Yes,DSL,Yes,No,No internet,No,Yes,Yes,One year,Yes,Mailed check,88.45,5803.4,No
CUST00925,Male,0,Yes,No,3,Yes,Yes,DSL,No,No internet,Yes,No,Yes,Yes,Two year,Yes,Mailed check,37.21,265.14,No
CUST00926,Male,0,Yes,No,0,Yes,No,DSL,No,No,Yes,Yes,No internet,Yes,Two year,Yes,Bank transfer,24.69,0.0,No
CUST00927,Female,0,No,No,1,Yes,No,DSL,No internet,Yes,No,Yes,Yes,Yes,One year,No,Electronic check,47.59,0.0,No
CUST00928,Female,0,Yes,No,10,Yes,No,Fiber optic,No,No,Yes,No,No,No,Two year,Yes,Electronic check,63.89,542.28,No
CUST00929,Male,0,Yes,Yes,23,Yes,Yes,DSL,No,Yes,No internet,Yes,No internet,Yes,Month-to-month,Yes,Electronic check,50.68,1147.09,No
CUST00930,Male,0,Yes,No,12,Yes,No,Fiber optic,Yes,Yes,Yes,No,No internet,Yes,One year,Yes,Electronic check,28.18,339.6,No
CUST00931,Female,0,No,No,0,Yes,No,Fiber optic,No,Yes,No internet,Yes,Yes,No,One year,Yes,Electronic check,49.62,80.71,No
CUST00932,Male,0,No,Yes,15,No,Yes,Fiber optic,No internet,No,No,Yes,No,No,One year,Yes,Bank transfer,75.49,1122.84,No
CUST00933,Male,1,Yes,No,14,Yes,No,No,No,No,Yes,Yes,No,Yes,Month-to-month,Yes,Credit card,56.18,732.57,No
CUST00934,Female,0,No,No,33,Yes,Yes,DSL,No,No,No,Yes,No internet,Yes,Month-to-month,Yes,Credit card,45.98,1435.83,No
CUST00935,Male,0,Yes,Yes,7,Yes,Yes,DSL,No internet,No,No,No,No internet,No internet,Month-to-month,Yes,Mailed check,29.48,190.68,Yes
CUST00936,Female,0,Yes,No,5,Yes,No,DSL,No,No,No,No internet,No,No,One year,No,Electronic check,41.8,226.72,No
CUST00937,Male,0,No,No,7,Yes,No,DSL,No internet,No internet,Yes,No,No,No internet,Two year,Yes,Credit card,53.89,403.01,No
CUST00938,Female,1,No,No,8,Yes,No phone service,Fiber optic,No,Yes,No internet,No internet,No internet,No,Two year,Yes,Credit card,56.94,523.76,No
CUST00939,Female,0,No,No,21,Yes,Yes,No,No,Yes,No,Yes,No,Yes,Month-to-month,No,Bank transfer,64.3,1379.06,No
CUST00940,Female,1,Yes,No,15,No,No,Fiber optic,No,Yes,No internet,No,Yes,No internet,Month-to-month,No,Electronic check,69.12,886.35,No
CUST00941,Male,0,No,Yes,9,Yes,Yes,Fiber optic,Yes,Yes,Yes,Yes,No internet,Yes,Month-to-month,No,Credit card,69.48,492.17,Yes
CUST00942,Female,0,Yes,No,11,Yes,No,No,No internet,Yes,No,No internet,No internet,No internet,Month-to-month,No,Electronic check,53.45,548.73,No
CUST00943,Male,0,Yes,Yes,11,Yes,Yes,No,No,No internet,No,Yes,No internet,Yes,Two year,Yes,Electronic check,64.79,677.16,No
CUST00944,Male,0,Yes,No,72,Yes,Yes,No,Yes,Yes,No,No,Yes,No,Two year,Yes,Credit card,86.62,6379.45,No
CUST00945,Male,1,No,Yes,6,Yes,Yes,No,No,Yes,No,Yes,Yes,No internet,Month-to-month,No,Mailed check,65.72,307.18,Yes
CUST00946,Male,0,No,No,40,Yes,No,Fiber optic,No internet,No,No,Yes,No,No,Month-to-month,No,Electronic check,72.56,2956.3,No
CUST00947,Female,0,Yes,No,29,Yes,No,DSL,No,Yes,No internet,No,No internet,No,Month-to-month,Yes,Bank transfer,49.13,1585.74,No
CUST00948,Female,0,Yes,Yes,0,Yes,No,Fiber optic,No,Yes,No,Yes,Yes,Yes,Month-to-month,Yes,Bank transfer,48.73,69.02,Yes
CUST00949,Male,0,No,No,72,Yes,Yes,DSL,No internet,No,Yes,Yes,No,No,Two year,No,Credit card,76.52,5606.16,No
CUST00950,Male,0,Yes,Yes,33,No,Yes,DSL,Yes,No internet,No,No internet,Yes,Yes,One year,Yes,Electronic check,53.99,1928.62,No
CUST00951,Female,0,No,No,27,Yes,Yes,No,Yes,Yes,No,Yes,No,No,Two year,No,Electronic check,69.43,1918.36,No
CUST00952,Male,0,Yes,No,12,Yes,No,Fiber optic,Yes,Yes,No,No internet,No,Yes,One year,Yes,Mailed check,63.39,842.91,No
CUST00953,Female,0,Yes,Yes,19,No,Yes,Fiber optic,No,No internet,No,No internet,No,No,Month-to-month,No,Credit card,50.04,959.71,Yes
CUST00954,Male,1,No,No,7,Yes,Yes,Fiber optic,Yes,Yes,No,No,No,No,Month-to-month,Yes,Electronic check,73.95,706.88,Yes
CUST00955,Male,0,Yes,Yes,0,Yes,Yes,Fiber optic,No,No,No,Yes,No,Yes,Month-to-month,Yes,Mailed check,43.28,38.21,Yes
CUST00956,Female,0,Yes,Yes,43,Yes,No,Fiber optic,No internet,Yes,No internet,Yes,No internet,Yes,Two year,Yes,Electronic check,84.93,3581.34,Yes
CUST00957,Male,0,Yes,No,54,Yes,No,No,No,No internet,Yes,Yes,No,Yes,Two year,Yes,Electronic check,109.84,5848.8,No
CUST00958,Female,0,No,No,4,Yes,No,No,No,No,Yes,No,Yes,Yes,Two year,Yes,Credit card,59.18,187.76,Yes
CUST00959,Male,0,No,No,37,Yes,Yes,DSL,No internet,Yes,No internet,Yes,No,Yes,Month-to-month,No,Electronic check,66.86,2319.86,No
CUST00960,Male,0,Yes,Yes,32,No,No,DSL,Yes,No internet,No internet,Yes,Yes,Yes,Two year,Yes,Bank transfer,55.69,1930.5,No
CUST00961,Male,0,Yes,No,4,Yes,No,Fiber optic,No,No,Yes,No,No,No,Month-to-month,Yes,Mailed check,55.04,368.59,Yes
CUST00962,Female,1,No,No,13,Yes,Yes,Fiber optic,Yes,No internet,Yes,No,No internet,No,Month-to-month,Yes,Electronic check,51.83,766.52,Yes
CUST00963,Male,0,Yes,Yes,13,Yes,Yes,Fiber optic,No,No,No internet,No,No,Yes,Month-to-month,No,Credit card,52.93,694.52,No
CUST00964,Male,0,No,No,34,Yes,Yes,Fiber optic,No,No,No,No,No internet,Yes,Month-to-month,Yes,Bank transfer,53.56,1717.35,Yes
CUST00965,Male,0,Yes,No,43,No,No,Fiber optic,Yes,No,No internet,No,No,Yes,Two year,No,Bank transfer,84.11,3560.43,Yes
CUST00966,Male,0,Yes,No,2,Yes,Yes,No,No internet,Yes,No internet,Yes,No,Yes,One year,No,Bank transfer,43.05,137.57,No
CUST00967,Female,0,No,Yes,19,Yes,Yes,Fiber optic,Yes,Yes,Yes,No internet,Yes,Yes,Month-to-month,No,Mailed check,59.02,1082.66,Yes
CUST00968,Female,1,Yes,No,34,Yes,Yes,DSL,No,No,No internet,No internet,Yes,No,Month-to-month,Yes,Mailed check,51.17,1739.66,Yes
CUST00969,Male,1,No,Yes,37,Yes,No,No,No,Yes,No,No,Yes,No,Month-to-month,No,Electronic check,73.37,2585.75,No
CUST00970,Female,1,Yes,No,3,Yes,Yes,DSL,No,No internet,No internet,Yes,No,No internet,Month-to-month,Yes,Credit card,55.95,69.42,Yes
CUST00971,Male,1,Yes,No,17,Yes,No,No,Yes,No internet,No,No internet,Yes,No internet,Month-to-month,Yes,Bank transfer,54.72,874.9,Yes
CUST00972,Male,0,No,No,46,Yes,Yes,No,No,Yes,Yes,No,No,Yes,One year,Yes,Electronic check,68.59,3266.32,No
CUST00973,Male,0,Yes,No,9,Yes,Yes,DSL,Yes,No,No,Yes,No internet,Yes,Month-to-month,Yes,Credit card,18.0,184.59,Yes
CUST00974,Female,0,No,No,13,Yes,No,Fiber optic,No internet,No,No,No,No,Yes,Two year,Yes,Bank transfer,39.2,434.56,Yes
CUST00975,Female,0,Yes,No,39,No,No phone service,Fiber optic,Yes,No,No internet,No,Yes,Yes,Month-to-month,Yes,Mailed check,44.43,1697.26,Yes
CUST00976,Female,0,No,No,2,No,No,No,Yes,No,No,Yes,Yes,No,Month-to-month,Yes,Electronic check,62.41,264.73,Yes
CUST00977,Female,0,No,Yes,47,Yes,Yes,Fiber optic,No,No,Yes,No,Yes,Yes,Month-to-month,Yes,Credit card,73.1,3507.39,Yes
CUST00978,Female,0,Yes,No,8,Yes,Yes,DSL,No,No,No,No,Yes,Yes,One year,No,Credit card,18.0,43.98,No
CUST00979,Female,0,No,No,0,Yes,No,DSL,No,No,Yes,No internet,No internet,Yes,Month-to-month,No,Mailed check,64.88,15.44,No
CUST00980,Female,0,No,No,6,Yes,Yes,Fiber optic,Yes,Yes,No internet,Yes,No,Yes,Month-to-month,No,Mailed check,59.39,370.39,Yes
CUST00981,Female,0,Yes,No,2,No,No,Fiber optic,Yes,Yes,No,No internet,No,No internet,Two year,Yes,Mailed check,49.39,175.32,Yes
CUST00982,Female,0,No,No,2,Yes,Yes,DSL,No,Yes,No internet,Yes,No,No internet,Month-to-month,Yes,Electronic check,56.11,0.0,Yes
CUST00983,Male,0,No,No,28,Yes,No,Fiber optic,No internet,No,Yes,Yes,No,Yes,Two year,Yes,Bank transfer,62.06,1691.62,No
CUST00984,Female,0,Yes,No,5,Yes,No phone service,Fiber optic,Yes,Yes,No,No,No internet,Yes,Month-to-month,Yes,Electronic check,47.19,338.64,Yes
CUST00985,Female,0,Yes,No,65,Yes,Yes,No,Yes,No internet,Yes,No,Yes,No,Two year,No,Credit card,83.73,5519.91,No
CUST00986,Female,0,Yes,Yes,17,Yes,No,DSL,Yes,Yes,No,Yes,No,Yes,Month-to-month,Yes,Electronic check,59.37,950.41,No
CUST00987,Female,0,Yes,No,14,Yes,Yes,Fiber optic,No internet,No,No,No internet,Yes,Yes,Month-to-month,No,Bank transfer,44.75,673.2,No
CUST00988,Female,0,No,No,13,Yes,Yes,Fiber optic,No,Yes,No,No internet,No internet,Yes,Month-to-month,No,Electronic check,67.66,834.39,Yes
CUST00989,Female,0,Yes,No,28,No,No,Fiber optic,No internet,No internet,No,Yes,Yes,No,Month-to-month,No,Electronic check,52.08,1496.67,No
CUST00990,Female,0,No,No,14,No,No phone service,No,No,Yes,Yes,No,Yes,Yes,Two year,No,Mailed check,52.45,812.55,No
CUST00991,Female,0,Yes,Yes,3,Yes,No,Fiber optic,No internet,No,Yes,No internet,No internet,No,Two year,Yes,Bank transfer,64.22,120.88,No
CUST00992,Female,0,Yes,No,50,Yes,No,Fiber optic,No internet,No internet,No internet,No internet,No,Yes,Month-to-month,Yes,Bank transfer,91.27,4527.52,Yes
CUST00993,Female,0,No,No,13,Yes,Yes,Fiber optic,No,Yes,No,No internet,No,No,Month-to-month,No,Electronic check,70.66,928.55,No
CUST00994,Female,0,No,No,1,No,Yes,DSL,No,No,No,Yes,No internet,No internet,Month-to-month,Yes,Electronic check,25.09,0.0,Yes
CUST00995,Male,0,No,No,18,Yes,No,DSL,No,No,Yes,No,No internet,No,One year,Yes,Credit card,56.19,950.4,No
CUST00996,Male,0,Yes,No,25,Yes,Yes,DSL,Yes,No,Yes,No,No internet,Yes,Month-to-month,Yes,Bank transfer,45.1,1163.41,Yes
CUST00997,Female,0,Yes,Yes,7,Yes,No,Fiber optic,No,No,Yes,No,No internet,No internet,Month-to-month,No,Bank transfer,37.81,372.66,Yes
CUST00998,Female,0,Yes,Yes,38,Yes,No,Fiber optic,No internet,No,No,No internet,No internet,Yes,One year,Yes,Electronic check,59.4,2199.03,No
CUST00999,Male,0,No,Yes,26,Yes,No,Fiber optic,No internet,Yes,No,No,Yes,Yes,Month-to-month,No,Credit card,58.65,1450.1,No
CUST01000,Female,0,Yes,No,25,Yes,Yes,No,No internet,No,Yes,No internet,No,No,Month-to-month,Yes,Mailed check,54.16,1270.2,Yes
CUST01001,Male,0,No,No,13,Yes,No,Fiber optic,No internet,No,No,No,No,Yes,Month-to-month,No,Mailed check,18.0,224.93,Yes
CUST01002,Male,0,No,No,72,Yes,No,DSL,No,No,No,Yes,No internet,No,One year,No,Electronic check,89.84,6603.04,No
CUST01003,Male,0,Yes,No,7,Yes,Yes,DSL,Yes,No internet,No,Yes,No internet,Yes,Month-to-month,Yes,Electronic check,52.11,324.9,Yes
CUST01004,Male,0,No,No,20,No,Yes,DSL,No,No,No internet,No,Yes,Yes,Two year,Yes,Mailed check,78.48,,No
CUST01005,Male,0,No,No,8,Yes,No,No,No,No internet,No,No,No,No internet,Month-to-month,No,Electronic check,52.67,372.96,Yes
CUST01006,Female,0,No,No,32,Yes,No phone service,No,Yes,No internet,Yes,No internet,Yes,No,Month-to-month,No,Mailed check,37.66,1073.97,Yes
CUST01007,Male,0,Yes,No,1,No,Yes,DSL,No,No,No,No,No,Yes,One year,No,Bank transfer,30.06,200.78,No
CUST01008,Female,0,Yes,Yes,1,Yes,Yes,Fiber optic,No,No internet,Yes,No internet,No,No,Month-to-month,Yes,Credit card,25.0,10.92,Yes
CUST01009,Female,1,Yes,No,39,Yes,Yes,Fiber optic,No internet,Yes,No,Yes,Yes,Yes,Month-to-month,Yes,Electronic check,75.45,3037.26,Yes
CUST01010,Male,0,Yes,No,13,Yes,No phone service,DSL,Yes,Yes,No,No internet,No internet,Yes,Month-to-month,Yes,Electronic check,80.27,1125.77,Yes
CUST01011,Male,0,No,No,10,Yes,No,Fiber optic,No internet,No,Yes,No,No internet,No internet,Month-to-month,Yes,Mailed check,62.49,689.35,Yes
CUST01012,Female,0,No,No,22,Yes,No,No,Yes,No internet,No,Yes,No internet,No internet,One year,No,Electronic check,63.11,1365.56,No
CUST01013,Male,0,Yes,No,29,Yes,Yes,No,No,Yes,No,No,Yes,No,Month-to-month,Yes,Electronic check,48.04,1435.66,No
CUST01014,Male,0,No,No,5,Yes,Yes,Fiber optic,Yes,No,No internet,No internet,No internet,No,One year,No,Mailed check,58.92,270.39,No
CUST01015,Female,0,No,No,4,No,No,DSL,No,Yes,Yes,No internet,No internet,No,One year,Yes,Bank transfer,47.63,51.21,No
CUST01016,Female,0,Yes,No,72,Yes,No,Fiber optic,Yes,No,Yes,Yes,No internet,No,One year,Yes,Credit card,89.98,6442.38,No
CUST01017,Male,1,Yes,No,21,Yes,Yes,No,No,No,No internet,No,Yes,Yes,Two year,No,Credit card,78.2,1722.22,No
CUST01018,Female,0,No,Yes,11,Yes,No phone service,DSL,No internet,No,Yes,No internet,No,No,One year,No,Bank transfer,48.48,639.77,No
CUST01019,Male,0,No,No,38,Yes,Yes,Fiber optic,No internet,Yes,Yes,Yes,No internet,No internet,Month-to-month,No,Electronic check,73.23,2889.66,Yes
CUST01020,Male,1,No,Yes,17,Yes,Yes,DSL,No,Yes,No,No internet,No,Yes,Month-to-month,No,Bank transfer,96.2,1633.8,Yes
CUST01021,Male,0,Yes,No,6,No,No,DSL,No,No internet,No internet,No,No internet,Yes,Month-to-month,No,Mailed check,71.92,558.33,Yes
CUST01022,Female,1,Yes,No,5,Yes,No,DSL,No,No,No,Yes,No,No internet,Two year,No,Mailed check,76.13,282.96,No
CUST01023,Female,0,Yes,No,12,Yes,No,DSL,Yes,Yes,No,No,Yes,No,Two year,No,Credit card,91.71,1366.52,No
CUST01024,Female,0,No,No,47,Yes,No phone service,No,No,Yes,Yes,No internet,No internet,Yes,Month-to-month,No,Bank transfer,102.86,4831.75,No
CUST01025,Female,0,No,No,1,Yes,No,DSL,No,Yes,No,No internet,No,No,Two year,Yes,Bank transfer,73.32,82.69,No
CUST01026,Female,0,Yes,Yes,5,Yes,Yes,Fiber optic,Yes,No,No,Yes,Yes,Yes,One year,No,Electronic check,36.85,64.2,Yes
CUST01027,Male,1,No,Yes,53,Yes,No,No,No,No,No,No,No,No internet,Month-to-month,Yes,Credit card,68.69,3593.55,Yes
CUST01028,Male,0,No,No,3,Yes,No,No,Yes,No internet,No,No internet,No,No,Month-to-month,Yes,Credit card,32.51,168.53,No
CUST01029,Male,0,No,No,23,Yes,No,Fiber optic,No,No internet,No,No internet,No,Yes,Month-to-month,Yes,Electronic check,74.32,1761.16,No
CUST01030,Male,0,No,Yes,5,Yes,No,DSL,Yes,No,No,No,No,No,One year,No,Electronic check,63.82,175.89,Yes
CUST01031,Female,0,Yes,Yes,22,Yes,No,DSL,No,No,Yes,No internet,Yes,Yes,Month-to-month,Yes,Electronic check,67.83,1523.36,No
CUST01032,Male,0,No,No,11,Yes,No phone service,Fiber optic,No,No,Yes,Yes,No internet,No,Month-to-month,No,Electronic check,39.57,268.28,Yes
CUST01033,Female,0,Yes,No,2,Yes,No,No,No,No,No,No,No,No,Two year,Yes,Bank transfer,65.47,253.92,No
CUST01034,Male,0,Yes,No,20,No,No,DSL,Yes,No internet,No internet,No,No,Yes,One year,Yes,Electronic check,55.55,1235.42,No
CUST01035,Female,0,No,No,27,Yes,No,No,No,Yes,No internet,No internet,No,No,Month-to-month,Yes,Credit card,60.31,1525.19,Yes
CUST01036,Female,0,No,Yes,27,Yes,Yes,DSL,Yes,Yes,No,Yes,No,Yes,Month-to-month,Yes,Credit card,74.24,2025.76,No
CUST01037,Male,0,Yes,No,24,Yes,No phone service,DSL,No,No internet,Yes,No,No,No internet,Month-to-month,No,Mailed check,59.53,1287.54,No
CUST01038,Male,0,No,Yes,16,Yes,No,Fiber optic,Yes,No,No internet,No,Yes,Yes,Two year,No,Mailed check,56.61,861.24,No
CUST01039,Male,0,No,No,17,Yes,No,DSL,No,No,No,Yes,No,No,Two year,Yes,Electronic check,37.18,657.29,No
CUST01040,Male,0,No,No,24,Yes,No,Fiber optic,No,No internet,Yes,No,No,No,One year,Yes,Electronic check,39.27,952.99,No
CUST01041,Female,0,Yes,No,28,Yes,No,Fiber optic,Yes,No,No internet,Yes,No internet,Yes,Month-to-month,Yes,Electronic check,79.37,2253.36,Yes
CUST01042,Male,0,No,No,25,Yes,No,DSL,No,Yes,Yes,No internet,No internet,No internet,Month-to-month,No,Mailed check,67.33,1701.39,No
CUST01043,Male,0,Yes,No,21,Yes,No,Fiber optic,No,No,No,No internet,No internet,Yes,Month-to-month,Yes,Credit card,46.69,1016.88,Yes
CUST01044,Female,0,Yes,No,4,Yes,Yes,DSL,Yes,Yes,Yes,Yes,Yes,No,Month-to-month,Yes,Credit card,57.22,166.58,Yes
CUST01045,Male,0,Yes,No,5,Yes,Yes,Fiber optic,No,Yes,No,No internet,Yes,No,Month-to-month,Yes,Credit card,52.89,246.55,Yes
CUST01046,Male,0,Yes,No,7,Yes,Yes,Fiber optic,Yes,No internet,No internet,No internet,No,Yes,One year,No,Bank transfer,35.17,250.22,No
CUST01047,Male,0,No,No,60,Yes,Yes,No,Yes,No,No internet,No internet,Yes,Yes,Month-to-month,Yes,Credit card,78.35,4683.62,Yes
CUST01048,Male,0,No,No,34,Yes,Yes,DSL,No,No internet,Yes,Yes,No internet,No internet,Month-to-month,Yes,Mailed check,71.05,2686.41,No
CUST01049,Male,0,No,Yes,19,Yes,Yes,Fiber optic,No,No internet,No,No,No,No internet,One year,No,Electronic check,34.25,659.95,No
CUST01050,Female,1,Yes,No,6,Yes,No,DSL,Yes,No,No,Yes,No,No,Month-to-month,No,Bank transfer,76.34,320.07,Yes
CUST01051,Male,0,No,No,2,Yes,No phone service,Fiber optic,No,No internet,No internet,No,Yes,Yes,Two year,No,Credit card,54.14,0.0,No
CUST01052,Male,0,No,No,54,Yes,No,Fiber optic,No,No internet,Yes,No internet,No,No,Month-to-month,Yes,Electronic check,102.54,5561.65,Yes
CUST01053,Male,1,No,No,53,No,Yes,Fiber optic,No,Yes,No,Yes,Yes,No internet,Month-to-month,Yes,Electronic check,105.56,5582.57,Yes
CUST01054,Male,0,No,No,2,Yes,Yes,Fiber optic,No,No,No,No,Yes,No internet,Month-to-month,No,Electronic check,75.2,132.85,Yes
CUST01055,Male,0,No,No,38,Yes,No,DSL,No internet,Yes,No,No,No,Yes,Two year,Yes,Electronic check,58.43,2064.36,No
CUST01056,Female,0,No,Yes,14,Yes,Yes,No,No,Yes,No internet,Yes,No internet,No internet,One year,Yes,Electronic check,65.88,785.49,No
CUST01057,Male,0,No,No,9,Yes,Yes,No,Yes,Yes,Yes,Yes,Yes,No internet,Month-to-month,Yes,Mailed check,55.6,388.4,Yes
CUST01058,Female,1,Yes,No,32,Yes,Yes,DSL,Yes,No,No,No,No internet,No internet,Month-to-month,No,Credit card,99.19,3075.95,No
CUST01059,Female,1,No,No,22,Yes,Yes,Fiber optic,No,No,Yes,No internet,Yes,Yes,One year,No,Credit card,91.54,1880.29,No
CUST01060,Male,0,Yes,No,36,Yes,Yes,DSL,No,Yes,Yes,No,No,No,Month-to-month,No,Credit card,93.25,3426.95,Yes
CUST01061,Male,0,Yes,No,1,Yes,Yes,No,Yes,No,No,Yes,No,No,Two year,Yes,Electronic check,46.88,64.27,No
CUST01062,Male,1,No,Yes,9,Yes,No,Fiber optic,Yes,No,No internet,Yes,Yes,No,Two year,Yes,Electronic check,46.07,500.08,No
CUST01063,Male,0,Yes,No,9,No,No,DSL,No,Yes,No internet,No internet,No,Yes,One year,Yes,Electronic check,41.02,503.18,No
CUST01064,Female,0,No,Yes,9,Yes,Yes,Fiber optic,No,No internet,No,No,No,No internet,Two year,Yes,Credit card,60.75,570.71,No
CUST01065,Male,1,Yes,No,16,Yes,Yes,Fiber optic,No,No,No internet,Yes,No,No,Month-to-month,No,Electronic check,49.69,716.73,No
CUST01066,Male,0,Yes,No,7,Yes,No,Fiber optic,No,No internet,No,No,No,Yes,Month-to-month,Yes,Bank transfer,56.66,476.5,Yes
CUST01067,Male,0,Yes,No,14,Yes,Yes,Fiber optic,No,Yes,No internet,Yes,No internet,No internet,Month-to-month,Yes,Electronic check,53.96,621.55,Yes
CUST01068,Male,0,Yes,No,11,Yes,No,Fiber optic,No,No internet,No,No internet,No,No,Month-to-month,No,Electronic check,21.28,178.67,No
CUST01069,Male,1,No,No,31,Yes,Yes,DSL,No,No internet,Yes,Yes,Yes,No internet,Two year,Yes,Electronic check,79.38,2438.2,No
CUST01070,Male,0,Yes,Yes,22,Yes,Yes,Fiber optic,No internet,No,No,Yes,No internet,Yes,Month-to-month,No,Bank transfer,71.2,1585.23,No
CUST01071,Female,0,Yes,No,25,Yes,Yes,Fiber optic,Yes,No internet,Yes,No,No,No,Two year,No,Electronic check,80.57,2132.77,No
CUST01072,Female,0,Yes,Yes,5,Yes,Yes,Fiber optic,No,No,Yes,No internet,Yes,No,Two year,No,Electronic check,44.33,133.63,No
CUST01073,Male,0,Yes,No,9,Yes,No,DSL,No,Yes,No internet,Yes,No internet,No,Month-to-month,No,Mailed check,38.72,213.54,No
CUST01074,Male,0,No,Yes,0,Yes,No,DSL,No internet,No internet,Yes,No,Yes,Yes,Month-to-month,No,Bank transfer,44.15,153.66,Yes
CUST01075,Male,0,Yes,No,2,No,No phone service,DSL,Yes,No,Yes,No,No internet,Yes,Month-to-month,Yes,Mailed check,32.91,166.8,Yes
CUST01076,Female,0,No,No,7,Yes,No,Fiber optic,No,No,Yes,No,No,No,Month-to-month,Yes,Credit card,61.72,732.62,Yes
CUST01077,Male,0,No,No,1,Yes,No,DSL,Yes,Yes,No,Yes,Yes,No internet,Month-to-month,No,Mailed check,52.16,0.0,Yes
CUST01078,Female,1,No,Yes,22,Yes,Yes,Fiber optic,No,No,Yes,Yes,No,No,Month-to-month,Yes,Electronic check,53.03,1181.97,Yes
CUST01079,Male,0,No,No,72,Yes,No,Fiber optic,No internet,No,Yes,No,Yes,No,One year,No,Mailed check,79.65,5588.76,No
CUST01080,Male,1,Yes,No,2,No,No phone service,Fiber optic,No,No internet,No internet,No internet,Yes,No,Two year,Yes,Mailed check,84.41,333.36,Yes
CUST01081,Male,0,Yes,No,41,Yes,Yes,No,No internet,No,No internet,No,Yes,Yes,Month-to-month,Yes,Bank transfer,69.58,2666.67,Yes
CUST01082,Male,0,No,Yes,3,Yes,Yes,Fiber optic,No internet,No,No,No,No,Yes,Month-to-month,Yes,Credit card,40.62,26.33,Yes
CUST01083,Female,0,No,No,26,Yes,Yes,Fiber optic,No,No,Yes,No,Yes,No internet,Two year,Yes,Credit card,55.1,1462.08,No
CUST01084,Female,0,No,No,24,Yes,No,Fiber optic,No internet,No,No,No,Yes,No internet,Month-to-month,No,Mailed check,64.62,1564.82,Yes
CUST01085,Male,1,No,Yes,55,Yes,No,Fiber optic,No internet,No,No internet,No,Yes,No,Month-to-month,No,Electronic check,114.83,6312.02,No
CUST01086,Male,0,Yes,No,2,Yes,No,DSL,No,No,No internet,No internet,Yes,No,Two year,Yes,Credit card,35.25,115.67,No
CUST01087,Female,0,Yes,No,9,Yes,Yes,Fiber optic,No,No internet,Yes,No,No,Yes,Two year,No,Mailed check,75.93,788.67,Yes
CUST01088,Female,0,No,No,2,Yes,No phone service,DSL,Yes,No,No,Yes,No,Yes,Two year,Yes,Bank transfer,46.37,135.52,No
CUST01089,Female,0,No,Yes,12,Yes,Yes,DSL,No,No,No,Yes,Yes,Yes,Month-to-month,No,Credit card,75.3,863.2,Yes
CUST01090,Female,0,Yes,Yes,58,Yes,Yes,DSL,No,No internet,Yes,No internet,Yes,No,Month-to-month,No,Bank transfer,61.66,3493.35,No
CUST01091,Male,0,No,Yes,36,Yes,Yes,Fiber optic,No,No internet,No internet,No,Yes,No,Month-to-month,Yes,Mailed check,91.28,3316.05,Yes
CUST01092,Female,0,Yes,No,30,Yes,Yes,Fiber optic,Yes,Yes,No internet,No,No internet,Yes,Two year,Yes,Bank transfer,91.71,2796.37,No
CUST01093,Male,0,Yes,No,18,Yes,Yes,DSL,No internet,No,No internet,No internet,Yes,No internet,Month-to-month,No,Electronic check,86.97,1625.84,No
CUST01094,Female,0,No,No,51,Yes,No,DSL,No,No internet,Yes,No,No internet,Yes,Month-to-month,No,Mailed check,75.44,3817.35,No
CUST01095,Female,0,No,No,14,Yes,No,Fiber optic,No,No internet,Yes,Yes,No internet,Yes,Two year,No,Electronic check,57.04,627.03,No
CUST01096,Female,0,Yes,Yes,3,Yes,No,DSL,Yes,Yes,No internet,No,No internet,Yes,Two year,No,Electronic check,40.42,183.79,Yes
CUST01097,Female,0,Yes,Yes,43,Yes,No,Fiber optic,No internet,No,No,Yes,No,Yes,One year,No,Bank transfer,56.86,2393.32,No
CUST01098,Female,0,Yes,No,7,No,Yes,DSL,No,Yes,No,No,Yes,Yes,Month-to-month,Yes,Bank transfer,66.99,484.21,Yes
CUST01099,Male,0,No,Yes,1,Yes,Yes,DSL,No internet,No internet,No,Yes,Yes,No internet,Month-to-month,No,Bank transfer,50.74,57.73,Yes
CUST01100,Male,0,Yes,No,3,Yes,No,Fiber optic,Yes,No internet,No,No,No,No,Two year,Yes,Credit card,58.7,41.58,Yes
CUST01101,Female,0,No,No,22,Yes,No,No,Yes,No,Yes,No internet,Yes,No,One year,Yes,Electronic check,67.38,1479.74,No
CUST01102,Female,1,No,Yes,22,Yes,No,Fiber optic,No,No,No,Yes,No internet,No internet,Month-to-month,No,Bank transfer,51.6,1169.14,Yes
CUST01103,Male,0,No,No,7,Yes,No,Fiber optic,No internet,No internet,Yes,Yes,No,Yes,Month-to-month,Yes,Mailed check,35.25,327.65,Yes
CUST01104,Female,0,Yes,No,31,Yes,Yes,Fiber optic,No,No,No internet,No,No internet,Yes,Two year,Yes,Bank transfer,77.29,2207.7,No
CUST01105,Female,1,No,No,35,Yes,Yes,Fiber optic,No,Yes,No,No,No,No internet,Month-to-month,No,Credit card,83.97,2784.77,Yes
CUST01106,Male,1,Yes,No,60,Yes,No,No,No,No,No internet,No,Yes,Yes,One year,Yes,Electronic check,88.21,5235.78,No
CUST01107,Female,0,Yes,Yes,21,Yes,No,Fiber optic,No,Yes,No internet,Yes,Yes,No,Month-to-month,No,Bank transfer,66.48,1364.74,No
CUST01108,Female,1,Yes,No,36,Yes,Yes,No,No,No,Yes,Yes,No,Yes,Month-to-month,No,Mailed check,99.74,3423.47,Yes
CUST01109,Male,0,Yes,No,33,Yes,Yes,DSL,Yes,Yes,Yes,No internet,Yes,No,Two year,Yes,Credit card,80.35,2586.46,No
CUST01110,Male,0,No,No,7,Yes,No phone service,Fiber optic,Yes,Yes,No internet,No internet,No,Yes,Month-to-month,Yes,Bank transfer,57.45,272.7,Yes
CUST01111,Male,0,Yes,Yes,8,Yes,No,DSL,No,Yes,No internet,No internet,Yes,Yes,One year,No,Bank transfer,60.71,370.84,No
CUST01112,Female,0,Yes,No,15,Yes,No,Fiber optic,Yes,No,Yes,No,Yes,No,Month-to-month,Yes,Electronic check,79.61,1198.65,Yes
CUST01113,Male,0,No,No,0,Yes,Yes,Fiber optic,No internet,No internet,No internet,No,No,No internet,Month-to-month,Yes,Bank transfer,43.83,0.0,Yes
CUST01114,Male,0,Yes,No,8,Yes,No,DSL,Yes,Yes,No,Yes,No,Yes,Two year,No,Bank transfer,57.46,339.61,No
CUST01115,Male,0,No,No,15,No,Yes,Fiber optic,No,No internet,No,No,Yes,Yes,Two year,No,Mailed check,57.14,933.58,No
CUST01116,Male,0,Yes,No,2,Yes,Yes,Fiber optic,No,No,No internet,No internet,No,Yes,One year,Yes,Mailed check,41.47,6.28,No
CUST01117,Male,1,Yes,No,3,Yes,Yes,Fiber optic,No internet,No internet,Yes,Yes,No internet,Yes,Month-to-month,No,Electronic check,58.49,310.64,Yes
CUST01118,Male,0,No,No,14,Yes,Yes,DSL,No,No internet,No,Yes,Yes,Yes,Month-to-month,No,Electronic check,41.74,400.83,Yes
CUST01119,Female,1,Yes,Yes,31,Yes,Yes,No,No,Yes,Yes,No,No internet,No internet,Two year,Yes,Electronic check,91.44,2898.82,No
CUST01120,Female,1,No,No,43,Yes,Yes,DSL,No,No internet,Yes,No,No internet,No,Month-to-month,No,Electronic check,74.96,3219.48,Yes
CUST01121,Male,0,Yes,No,18,Yes,No,No,No,No,No,No internet,Yes,No internet,Two year,Yes,Credit card,62.18,1088.51,No
CUST01122,Male,0,Yes,No,15,Yes,Yes,DSL,Yes,No,Yes,No,No internet,Yes,Month-to-month,Yes,Credit card,73.19,1074.34,Yes
CUST01123,Male,0,Yes,No,11,Yes,Yes,DSL,Yes,No,No,No,No,Yes,Two year,No,Credit card,76.2,833.52,No
CUST01124,Female,1,Yes,No,5,Yes,No,Fiber optic,No,Yes,No,Yes,No,Yes,Two year,No,Credit card,63.39,331.73,No
CUST01125,Female,0,Yes,No,3,Yes,No,Fiber optic,Yes,No internet,No,No,No,No,Month-to-month,Yes,Electronic check,50.07,277.68,Yes
CUST01126,Female,0,No,Yes,37,No,No,DSL,Yes,Yes,Yes,No internet,No,Yes,Two year,No,Mailed check,79.07,2910.58,No
CUST01127,Female,0,Yes,Yes,15,Yes,No,DSL,Yes,No,Yes,Yes,No,Yes,Month-to-month,Yes,Credit card,63.69,1077.03,Yes
CUST01128,Female,0,Yes,No,37,Yes,Yes,No,No,No,Yes,No,No,No,Month-to-month,Yes,Bank transfer,51.33,1867.64,Yes
CUST01129,Female,0,Yes,No,29,No,No,No,Yes,No,Yes,No,No internet,Yes,Month-to-month,Yes,Electronic check,89.2,2594.83,Yes
CUST01130,Female,0,No,No,5,Yes,Yes,DSL,Yes,No,Yes,No,Yes,Yes,One year,Yes,Mailed check,56.07,256.86,No
CUST01131,Female,0,No,No,17,Yes,No,Fiber optic,No,No internet,Yes,Yes,No internet,Yes,Month-to-month,Yes,Electronic check,70.76,1027.86,Yes
CUST01132,Female,0,No,No,14,Yes,Yes,DSL,No,No internet,Yes,No,No internet,Yes,One year,No,Electronic check,62.32,792.07,No
CUST01133,Male,1,No,No,13,Yes,No,Fiber optic,Yes,No,No,No,No,Yes,Month-to-month,Yes,Mailed check,74.2,1121.37,Yes
CUST01134,Male,0,Yes,Yes,18,Yes,No,Fiber optic,No,No,Yes,Yes,Yes,No,Month-to-month,Yes,Credit card,56.53,931.11,Yes
CUST01135,Male,1,Yes,No,72,No,No,Fiber optic,No,Yes,Yes,No,No,Yes,One year,No,Bank transfer,106.45,7743.9,Yes
CUST01136,Male,0,No,No,40,Yes,Yes,Fiber optic,No,No internet,No,Yes,Yes,No,Month-to-month,Yes,Mailed check,80.17,2989.67,Yes
CUST01137,Female,0,No,No,56,Yes,No phone service,DSL,Yes,No internet,Yes,Yes,No internet,No internet,One year,No,Mailed check,90.79,5043.79,No
CUST01138,Female,0,Yes,No,0,Yes,Yes,Fiber optic,No,Yes,Yes,No internet,Yes,Yes,One year,Yes,Credit card,29.48,42.72,No
CUST01139,Male,0,Yes,No,3,Yes,Yes,No,No,No,No,No,Yes,Yes,Two year,Yes,Electronic check,33.23,93.84,No
CUST01140,Female,1,No,No,2,Yes,No phone service,Fiber optic,Yes,No,No,No,No,No,Month-to-month,No,Bank transfer,62.84,162.68,Yes
CUST01141,Male,0,No,No,7,Yes,No,Fiber optic,Yes,No,Yes,No,No,No,Month-to-month,Yes,Electronic check,47.49,82.92,Yes
CUST01142,Female,1,Yes,No,13,Yes,No,DSL,No,No internet,Yes,No,No,No,One year,Yes,Mailed check,85.06,1002.79,No
CUST01143,Male,0,No,No,24,Yes,No,Fiber optic,No,Yes,No internet,No,No,No,One year,Yes,Electronic check,48.87,1109.66,No
CUST01144,Female,0,Yes,No,16,Yes,Yes,No,No,No internet,Yes,Yes,No,No,Month-to-month,Yes,Credit card,71.38,1040.27,Yes
CUST01145,Female,0,Yes,No,56,Yes,Yes,No,No,Yes,No internet,Yes,Yes,No,One year,No,Electronic check,52.98,2954.0,No
CUST01146,Male,0,Yes,Yes,67,Yes,Yes,Fiber optic,No,No,Yes,No internet,Yes,Yes,Month-to-month,Yes,Electronic check,60.73,3886.97,Yes
CUST01147,Female,0,Yes,No,4,Yes,Yes,Fiber optic,No,Yes,No internet,Yes,No internet,No internet,Month-to-month,No,Electronic check,51.65,172.2,Yes
CUST01148,Male,1,Yes,Yes,46,Yes,Yes,Fiber optic,No internet,No internet,No,Yes,No,Yes,One year,No,Bank transfer,88.3,4255.68,No
CUST01149,Male,0,No,No,15,Yes,Yes,DSL,Yes,Yes,No,No,No,No,Month-to-month,Yes,Bank transfer,67.17,970.55,Yes
CUST01150,Male,0,Yes,No,14,Yes,No,No,No,No,Yes,No,No,No,Month-to-month,No,Electronic check,71.64,838.54,Yes
CUST01151,Male,0,No,Yes,36,Yes,Yes,DSL,No,No internet,No internet,No,No,No,Month-to-month,No,Electronic check,72.81,2721.53,No
CUST01152,Female,0,Yes,No,2,Yes,Yes,Fiber optic,No internet,No,No,No internet,Yes,Yes,Month-to-month,Yes,Credit card,49.73,39.67,Yes
CUST01153,Female,1,Yes,No,51,Yes,Yes,Fiber optic,No,No internet,No,Yes,Yes,No,One year,Yes,Bank transfer,73.57,,No
CUST01154,Female,0,No,No,26,Yes,Yes,DSL,No,No,No,No,No internet,Yes,Month-to-month,Yes,Credit card,36.44,927.03,No
CUST01155,Male,0,No,No,49,Yes,Yes,DSL,No internet,Yes,Yes,No,No,No internet,Two year,Yes,Bank transfer,84.78,4099.07,No
CUST01156,Female,0,No,No,72,Yes,No,Fiber optic,No internet,No,No internet,Yes,No,No,One year,Yes,Bank transfer,72.76,5250.14,No
CUST01157,Male,0,No,No,17,Yes,Yes,DSL,No,Yes,Yes,No,No,No,Month-to-month,Yes,Mailed check,60.66,1033.56,No
CUST01158,Female,0,Yes,No,2,No,Yes,DSL,No internet,Yes,Yes,No,Yes,No,Month-to-month,No,Bank transfer,64.01,179.05,Yes
CUST01159,Female,0,Yes,No,4,Yes,No,Fiber optic,No,No,No,No,No,No internet,Month-to-month,Yes,Credit card,97.18,403.83,Yes
CUST01160,Female,0,No,Yes,9,Yes,Yes,No,No,No internet,Yes,No,No,No,One year,No,Electronic check,53.38,706.54,No
CUST01161,Male,0,No,No,2,Yes,No phone service,DSL,No internet,Yes,No internet,No,Yes,Yes,Month-to-month,Yes,Mailed check,34.33,0.0,Yes
CUST01162,Female,0,No,No,40,Yes,No phone service,Fiber optic,Yes,Yes,Yes,No,No,Yes,Month-to-month,No,Bank transfer,72.3,2754.75,Yes
CUST01163,Female,0,No,No,8,Yes,No,DSL,No,No internet,No,Yes,Yes,Yes,Month-to-month,No,Mailed check,26.71,119.28,Yes
CUST01164,Male,0,No,Yes,72,Yes,No,Fiber optic,No,No,No,No,No,Yes,One year,Yes,Bank transfer,83.51,6125.03,No
CUST01165,Female,0,Yes,No,29,Yes,No,No,No internet,No,No,No,No,Yes,One year,No,Electronic check,64.82,1710.55,No
CUST01166,Male,0,No,No,4,Yes,No,DSL,Yes,No internet,No,No internet,Yes,No internet,One year,Yes,Electronic check,54.32,311.66,No
CUST01167,Female,0,No,No,15,Yes,No,No,No,No,No,No,Yes,No,Two year,No,Electronic check,75.63,1347.48,No
CUST01168,Male,0,No,No,15,Yes,Yes,No,No,No internet,No internet,No internet,No internet,No internet,Month-to-month,No,Credit card,68.23,1160.19,No
CUST01169,Male,0,Yes,No,16,Yes,Yes,Fiber optic,Yes,No,No internet,No,No,Yes,One year,Yes,Credit card,47.62,716.99,No
CUST01170,Female,0,Yes,No,18,Yes,Yes,Fiber optic,Yes,No,No,Yes,No,Yes,Month-to-month,No,Electronic check,79.2,1491.07,No
CUST01171,Male,1,Yes,No,0,Yes,Yes,No,Yes,No,Yes,No,No,Yes,Month-to-month,Yes,Electronic check,79.15,87.76,Yes
CUST01172,Male,0,Yes,No,27,Yes,Yes,No,Yes,No,No internet,No,No,Yes,One year,Yes,Electronic check,50.82,1328.16,No
CUST01173,Male,0,No,No,16,Yes,No,DSL,No internet,No,No,Yes,Yes,No,Month-to-month,Yes,Electronic check,33.34,423.76,No
CUST01174,Male,0,Yes,Yes,37,Yes,No,No,No internet,Yes,Yes,No,No,Yes,Month-to-month,Yes,Electronic check,35.4,1302.7,No
CUST01175,Male,1,Yes,No,40,Yes,No,DSL,No internet,Yes,Yes,No internet,Yes,Yes,Two year,No,Electronic check,89.19,3655.49,No
CUST01176,Male,0,Yes,No,6,Yes,Yes,No,No,No,No,No internet,Yes,No internet,Month-to-month,Yes,Credit card,68.31,542.44,Yes
CUST01177,Female,1,No,No,1,Yes,Yes,DSL,No,No,No,No,No internet,No internet,Month-to-month,No,Bank transfer,54.43,63.6,Yes
CUST01178,Male,0,No,No,29,Yes,No,Fiber optic,No internet,No,No,No,Yes,Yes,Two year,Yes,Electronic check,64.16,1839.16,No
CUST01179,Male,0,Yes,No,72,Yes,No,Fiber optic,No internet,No,No,Yes,Yes,Yes,Month-to-month,No,Bank transfer,94.24,6772.91,Yes
CUST01180,Female,0,Yes,Yes,14,No,No,Fiber optic,Yes,No internet,Yes,Yes,Yes,No,One year,Yes,Mailed check,61.58,1053.65,No
CUST01181,Female,0,Yes,No,7,Yes,Yes,No,Yes,No,Yes,No,Yes,Yes,Two year,Yes,Electronic check,59.08,432.19,No
CUST01182,Female,1,Yes,No,4,Yes,No,No,No internet,Yes,No,No,Yes,No,Month-to-month,No,Bank transfer,93.71,446.27,Yes
CUST01183,Female,0,Yes,Yes,8,Yes,No,DSL,No,Yes,Yes,No,No,No,Month-to-month,No,Electronic check,51.61,,Yes
CUST01184,Female,0,No,Yes,9,Yes,No,DSL,No internet,Yes,No,No,Yes,No,One year,No,Electronic check,57.29,489.74,No
CUST01185,Female,0,Yes,Yes,13,Yes,Yes,Fiber optic,No,No internet,Yes,No,Yes,No internet,One year,Yes,Electronic check,48.0,,No
CUST01186,Female,0,Yes,No,25,Yes,No,Fiber optic,No,No,Yes,No internet,Yes,Yes,Month-to-month,Yes,Credit card,78.96,1992.92,Yes
CUST01187,Male,0,No,Yes,7,Yes,Yes,Fiber optic,No,No internet,Yes,No,No,No internet,Month-to-month,Yes,Bank transfer,76.41,457.48,Yes
CUST01188,Male,0,Yes,No,1,Yes,Yes,No,No,Yes,Yes,No internet,Yes,No,Month-to-month,Yes,Mailed check,54.06,3.16,Yes
CUST01189,Female,1,No,No,11,Yes,No,No,No,No,Yes,Yes,No,Yes,Two year,Yes,Credit card,71.34,578.0,No
CUST01190,Male,0,Yes,No,46,Yes,No,DSL,No,No,No,No internet,Yes,Yes,Month-to-month,Yes,Electronic check,93.71,4412.59,No
CUST01191,Male,0,No,No,16,No,Yes,Fiber optic,Yes,No internet,Yes,No,No internet,No,Two year,Yes,Credit card,52.14,745.53,No
CUST01192,Male,0,No,No,72,Yes,No,Fiber optic,No,No,No internet,No,Yes,Yes,Two year,No,Bank transfer,90.71,6653.08,No
CUST01193,Female,0,No,No,16,Yes,Yes,Fiber optic,No,No internet,No,Yes,No,No,Two year,No,Mailed check,33.83,445.61,No
CUST01194,Female,0,Yes,No,7,Yes,No,No,No,No internet,No,Yes,No,Yes,One year,Yes,Credit card,55.53,252.38,No
CUST01195,Male,1,Yes,No,5,Yes,No,Fiber optic,Yes,No internet,Yes,Yes,No internet,No internet,Month-to-month,Yes,Bank transfer,59.42,123.73,Yes
CUST01196,Female,0,Yes,No,28,Yes,Yes,Fiber optic,No internet,Yes,No internet,No,Yes,No,Month-to-month,Yes,Credit card,82.03,2074.23,Yes
CUST01197,Male,0,No,No,18,Yes,No,Fiber optic,No,No,No internet,No,No,No,One year,Yes,Credit card,56.44,1171.39,No
CUST01198,Male,0,No,Yes,22,Yes,Yes,DSL,Yes,Yes,Yes,No,Yes,Yes,Month-to-month,No,Electronic check,56.28,1315.44,Yes
CUST01199,Male,1,Yes,No,33,Yes,No,DSL,Yes,No internet,No,No,No,Yes,Month-to-month,No,Electronic check,100.6,3336.77,No
CUST01200,Male,0,Yes,No,31,Yes,Yes,DSL,No,No internet,Yes,No,No,No,One year,No,Electronic check,62.51,2076.27,No
CUST01201,Female,0,Yes,No,1,Yes,No,No,No,No,No,No internet,No internet,No internet,Month-to-month,Yes,Electronic check,60.13,0.0,Yes
CUST01202,Female,0,Yes,No,38,Yes,No,Fiber optic,No,No internet,No internet,No,No,No,One year,No,Mailed check,90.32,3331.43,Yes
CUST01203,Female,0,Yes,No,18,No,No phone service,Fiber optic,No internet,No,No internet,No,No,Yes,Month-to-month,Yes,Electronic check,50.26,,Yes
CUST01204,Male,0,Yes,Yes,11,Yes,Yes,No,No,No,Yes,No,No,No internet,Month-to-month,No,Electronic check,68.46,697.53,Yes
CUST01205,Female,0,No,No,18,Yes,Yes,DSL,No,No,No internet,No internet,Yes,No internet,Month-to-month,Yes,Bank transfer,47.87,985.61,No
CUST01206,Male,0,No,No,22,No,Yes,No,No,No,Yes,No,No internet,No internet,Two year,Yes,Credit card,70.75,1864.62,No
CUST01207,Female,0,No,No,3,Yes,Yes,Fiber optic,Yes,No internet,No internet,No,No internet,No,Two year,Yes,Electronic check,64.5,303.51,Yes
CUST01208,Male,0,Yes,No,12,Yes,Yes,DSL,No,Yes,No,No,No,No internet,Month-to-month,Yes,Electronic check,47.75,605.3,Yes
CUST01209,Male,0,No,No,9,Yes,No phone service,Fiber optic,No internet,No internet,No internet,Yes,Yes,Yes,Month-to-month,Yes,Electronic check,20.48,189.88,Yes
CUST01210,Male,0,No,No,10,Yes,Yes,No,No,No,No,No,No internet,No internet,Two year,No,Credit card,39.14,557.57,No
CUST01211,Female,0,Yes,No,2,Yes,Yes,Fiber optic,No internet,No,No internet,No,No,No,Month-to-month,Yes,Mailed check,53.33,114.48,Yes
CUST01212,Female,0,No,No,4,Yes,No,Fiber optic,No internet,Yes,No internet,No,Yes,No internet,Month-to-month,No,Credit card,36.01,201.4,Yes
CUST01213,Female,0,Yes,No,4,No,Yes,DSL,Yes,No,Yes,Yes,Yes,Yes,Month-to-month,No,Credit card,45.83,83.52,Yes
CUST01214,Female,0,Yes,Yes,11,Yes,Yes,Fiber optic,No,No internet,Yes,No,No,Yes,One year,No,Credit card,63.17,644.24,No
CUST01215,Male,0,Yes,No,53,Yes,No phone service,Fiber optic,No,No,No,No internet,No,No,Month-to-month,Yes,Electronic check,72.23,3877.87,No
CUST01216,Female,0,Yes,No,5,Yes,Yes,Fiber optic,No,No,No,Yes,Yes,No internet,Month-to-month,No,Mailed check,53.71,387.36,Yes
CUST01217,Female,1,No,Yes,12,Yes,No,No,No,No,Yes,No,No internet,Yes,One year,Yes,Credit card,56.03,653.46,No
CUST01218,Male,0,Yes,Yes,8,Yes,Yes,No,Yes,No,No,No internet,No,Yes,Month-to-month,Yes,Electronic check,82.23,706.12,Yes
CUST01219,Male,1,Yes,No,37,Yes,No,Fiber optic,No,No,Yes,Yes,Yes,No,One year,No,Bank transfer,67.67,2401.7,No
CUST01220,Male,0,Yes,No,1,Yes,Yes,Fiber optic,No,No,No,No internet,No,No,Month-to-month,Yes,Mailed check,49.77,92.15,Yes
CUST01221,Female,0,No,No,5,Yes,Yes,No,No,No internet,No,Yes,No internet,No,Month-to-month,No,Mailed check,60.61,413.17,Yes
CUST01222,Male,0,Yes,No,5,Yes,Yes,No,Yes,No internet,No,No internet,Yes,No internet,Month-to-month,Yes,Credit card,36.82,189.03,Yes
CUST01223,Male,0,No,No,72,Yes,Yes,Fiber optic,No internet,Yes,Yes,No,Yes,No internet,One year,Yes,Bank transfer,86.22,6193.03,Yes
CUST01224,Male,0,No,Yes,20,Yes,No phone service,Fiber optic,No internet,No internet,Yes,No,No,No,Month-to-month,Yes,Bank transfer,56.86,1091.48,No
CUST01225,Female,0,Yes,Yes,3,Yes,Yes,No,Yes,No,Yes,Yes,Yes,Yes,Month-to-month,No,Bank transfer,63.08,143.85,No
CUST01226,Male,1,Yes,Yes,7,Yes,No,Fiber optic,No internet,Yes,Yes,Yes,Yes,No internet,One year,No,Mailed check,64.07,584.12,No
CUST01227,Female,1,No,Yes,4,Yes,No phone service,Fiber optic,Yes,No internet,Yes,No internet,Yes,No,One year,Yes,Credit card,53.22,158.89,No
CUST01228,Female,0,Yes,Yes,3,Yes,Yes,DSL,No,Yes,No,No internet,No internet,No internet,Month-to-month,Yes,Credit card,55.95,164.76,Yes
CUST01229,Male,0,Yes,No,38,Yes,No,Fiber optic,No internet,Yes,Yes,Yes,No,No,Month-to-month,Yes,Credit card,85.87,3170.13,Yes
CUST01230,Male,0,No,No,16,Yes,No,DSL,No,Yes,Yes,No,No,No,Month-to-month,No,Bank transfer,53.53,851.92,No
CUST01231,Female,0,Yes,No,23,Yes,No,Fiber optic,No,No internet,No internet,Yes,Yes,Yes,One year,No,Mailed check,62.42,1535.51,No
CUST01232,Male,0,Yes,No,9,Yes,No,Fiber optic,No,No internet,Yes,No internet,No,No internet,One year,No,Electronic check,53.31,367.66,No
CUST01233,Male,1,Yes,No,19,Yes,Yes,Fiber optic,No,Yes,Yes,No internet,No,No,One year,No,Electronic check,75.46,1338.32,No
CUST01234,Female,0,Yes,No,7,Yes,Yes,DSL,No,No,No,Yes,No internet,No,One year,No,Electronic check,42.12,445.21,No
CUST01235,Female,0,No,No,8,Yes,Yes,DSL,No,Yes,No,No,Yes,No,Two year,Yes,Mailed check,81.97,602.55,No
CUST01236,Male,0,No,No,25,Yes,No,Fiber optic,No internet,Yes,Yes,No internet,Yes,No,Month-to-month,Yes,Electronic check,82.99,2159.54,Yes
CUST01237,Female,0,No,Yes,3,Yes,Yes,Fiber optic,No,No internet,No,Yes,No internet,Yes,Month-to-month,No,Electronic check,46.39,91.64,Yes
CUST01238,Male,0,No,No,23,No,No phone service,Fiber optic,No,No internet,No,No internet,Yes,Yes,Two year,Yes,Electronic check,93.23,2068.33,No
CUST01239,Male,0,Yes,No,45,Yes,Yes,No,No,No internet,No,Yes,No,Yes,Month-to-month,No,Mailed check,36.03,1846.42,No
CUST01240,Male,0,Yes,No,3,No,No,Fiber optic,Yes,Yes,No internet,Yes,Yes,Yes,Month-to-month,Yes,Electronic check,64.52,173.91,Yes
CUST01241,Female,0,Yes,No,54,Yes,No,DSL,Yes,No,No internet,Yes,No,Yes,Month-to-month,Yes,Bank transfer,120.0,6546.66,Yes
CUST01242,Male,0,Yes,No,1,Yes,No phone service,Fiber optic,No internet,Yes,No,No,No,No,Two year,Yes,Electronic check,46.82,34.85,No
CUST01243,Male,1,No,No,10,Yes,Yes,Fiber optic,Yes,No,No internet,Yes,No internet,No internet,Month-to-month,No,Bank transfer,78.32,764.66,Yes
CUST01244,Male,0,No,Yes,22,Yes,Yes,Fiber optic,Yes,No internet,No,Yes,Yes,No internet,Month-to-month,No,Credit card,74.35,1761.67,Yes
CUST01245,Female,0,Yes,No,19,Yes,No,DSL,No,Yes,No,No,Yes,No,One year,Yes,Electronic check,56.22,1030.72,No
CUST01246,Female,0,Yes,Yes,2,Yes,No phone service,Fiber optic,No internet,No,No internet,No,No,Yes,Month-to-month,No,Credit card,59.49,22.87,Yes
CUST01247,Female,0,Yes,No,38,Yes,Yes,DSL,No internet,No,No internet,No internet,No internet,Yes,Two year,Yes,Bank transfer,94.58,3565.99,No
CUST01248,Female,0,Yes,Yes,72,Yes,No,Fiber optic,No internet,No,No internet,No,Yes,Yes,Month-to-month,Yes,Electronic check,73.15,5272.95,Yes
CUST01249,Female,0,Yes,No,4,Yes,Yes,Fiber optic,No internet,Yes,No,Yes,No internet,No internet,One year,Yes,Electronic check,59.79,191.99,No
CUST01250,Male,0,No,Yes,54,Yes,No,Fiber optic,Yes,Yes,No,Yes,Yes,No,Month-to-month,No,Credit card,91.54,4878.19,Yes
CUST01251,Female,0,No,No,19,Yes,No,Fiber optic,No,No,Yes,No internet,Yes,Yes,Two year,Yes,Bank transfer,49.46,813.81,No
CUST01252,Female,0,No,Yes,65,Yes,No,Fiber optic,No internet,No,No,No internet,No,No,Two year,No,Electronic check,84.44,5435.23,No
CUST01253,Female,0,Yes,Yes,4,Yes,Yes,DSL,No,No,No,No internet,No,No,Two year,Yes,Credit card,59.88,94.24,No
CUST01254,Male,1,Yes,No,37,No,Yes,Fiber optic,No internet,Yes,Yes,No,No internet,Yes,Two year,Yes,Bank transfer,68.35,2432.05,No
CUST01255,Female,1,Yes,Yes,1,Yes,No,No,Yes,Yes,Yes,No,Yes,No,Month-to-month,Yes,Bank transfer,83.02,161.44,Yes
CUST01256,Female,0,No,Yes,51,Yes,No,Fiber optic,No,No internet,No,Yes,No,No internet,Two year,No,Credit card,80.12,4191.97,No
CUST01257,Male,0,No,Yes,26,Yes,No phone service,DSL,No internet,Yes,No,No,No,Yes,One year,No,Bank transfer,52.96,1381.01,No
CUST01258,Female,0,No,No,11,Yes,Yes,DSL,Yes,No,No,Yes,No internet,Yes,Two year,Yes,Electronic check,38.98,278.04,No
CUST01259,Male,1,Yes,No,5,Yes,Yes,Fiber optic,No internet,No,No,No internet,Yes,Yes,One year,Yes,Bank transfer,58.99,246.84,No
CUST01260,Male,0,No,Yes,40,No,Yes,DSL,Yes,Yes,No internet,No,Yes,Yes,Month-to-month,Yes,Credit card,65.9,2750.34,No
CUST01261,Male,1,Yes,Yes,22,Yes,No,Fiber optic,Yes,No,No,No,No,Yes,One year,Yes,Electronic check,77.55,1751.47,No
CUST01262,Male,0,No,No,10,Yes,No,Fiber optic,No,No internet,No,Yes,No,No internet,Month-to-month,Yes,Electronic check,37.72,259.16,Yes
CUST01263,Male,0,Yes,No,14,No,No,No,Yes,Yes,No,No,Yes,No internet,One year,Yes,Electronic check,48.0,752.84,No
CUST01264,Female,0,Yes,No,42,Yes,Yes,Fiber optic,Yes,No,No internet,Yes,No,No,Month-to-month,No,Electronic check,94.29,3922.27,Yes
CUST01265,Male,1,No,No,9,Yes,Yes,Fiber optic,No,Yes,No internet,Yes,Yes,No,Month-to-month,Yes,Electronic check,41.89,314.43,Yes
CUST01266,Male,1,Yes,No,2,Yes,No phone service,DSL,No,No internet,No internet,No,Yes,No,Two year,No,Credit card,52.46,137.59,No
CUST01267,Female,0,Yes,No,58,Yes,No,DSL,No,Yes,No,No internet,No,Yes,Two year,No,Credit card,61.26,3544.07,No
CUST01268,Male,0,Yes,No,11,Yes,Yes,DSL,No internet,Yes,Yes,No,No,Yes,Two year,Yes,Electronic check,59.21,826.49,No
CUST01269,Female,0,Yes,No,10,Yes,Yes,DSL,No internet,Yes,No,Yes,No internet,No,Two year,No,Bank transfer,66.16,731.8,No
CUST01270,Female,0,Yes,No,5,Yes,No phone service,Fiber optic,No,No,No internet,No,No,Yes,One year,Yes,Bank transfer,106.42,524.71,Yes
CUST01271,Female,0,Yes,No,54,Yes,Yes,Fiber optic,No,No,Yes,Yes,Yes,No,One year,No,Electronic check,92.04,5032.99,No
CUST01272,Male,0,Yes,No,5,Yes,No,Fiber optic,Yes,No,Yes,No,No,No internet,Month-to-month,Yes,Electronic check,34.66,83.19,Yes
CUST01273,Male,0,Yes,No,24,Yes,Yes,DSL,No,No,No internet,Yes,Yes,No,Two year,Yes,Electronic check,70.76,1853.86,No
CUST01274,Male,0,No,No,51,Yes,No,DSL,Yes,No internet,No,No,No,No internet,Two year,Yes,Bank transfer,74.2,3823.1,No
CUST01275,Female,0,Yes,No,0,Yes,No,No,No,No,No,No internet,No,No,One year,Yes,Electronic check,43.27,227.43,No
CUST01276,Male,0,Yes,Yes,42,Yes,Yes,Fiber optic,No,No,No,No,Yes,No,Two year,Yes,Electronic check,71.35,2923.84,No
CUST01277,Male,0,No,No,12,Yes,No,DSL,No,Yes,No,No,No,Yes,One year,Yes,Electronic check,69.42,627.47,No
CUST01278,Male,0,No,No,25,Yes,Yes,No,No internet,No,No internet,No internet,No,No,Month-to-month,Yes,Credit card,75.03,1852.59,Yes
CUST01279,Female,0,No,No,11,Yes,Yes,Fiber optic,No,No internet,No,No,No,No,Two year,No,Bank transfer,35.26,173.35,Yes
CUST01280,Female,0,Yes,No,28,Yes,Yes,DSL,Yes,No internet,No,No internet,No,No internet,Month-to-month,Yes,Mailed check,64.66,2040.83,No
CUST01281,Male,0,No,Yes,7,No,No,DSL,Yes,No,No,No,No,No,One year,Yes,Credit card,38.57,263.67,Yes
CUST01282,Male,0,No,Yes,0,No,Yes,Fiber optic,No internet,No internet,Yes,Yes,No internet,Yes,Month-to-month,Yes,Electronic check,52.43,0.0,Yes
CUST01283,Male,0,No,No,70,Yes,Yes,Fiber optic,No,No,No,No internet,No,No internet,One year,Yes,Bank transfer,78.4,5428.63,No
CUST01284,Male,0,No,No,0,Yes,Yes,No,Yes,No internet,Yes,No,No internet,Yes,One year,No,Electronic check,62.3,0.0,No
CUST01285,Female,0,No,No,41,Yes,No,Fiber optic,Yes,No internet,Yes,Yes,Yes,No internet,One year,Yes,Electronic check,66.39,2627.69,No
CUST01286,Female,1,No,Yes,4,Yes,No phone service,Fiber optic,No,Yes,No,No,Yes,No,Month-to-month,No,Credit card,51.5,371.73,Yes
CUST01287,Female,1,No,No,11,Yes,Yes,Fiber optic,Yes,No,No,Yes,No,No,Month-to-month,Yes,Bank transfer,66.4,780.34,Yes
CUST01288,Female,0,Yes,No,41,Yes,Yes,Fiber optic,No,No,No internet,No,No,Yes,One year,Yes,Electronic check,70.21,2936.63,No
CUST01289,Male,0,No,No,5,Yes,No,DSL,No,Yes,No,No,No,No,Two year,No,Electronic check,50.12,282.83,No
CUST01290,Male,0,No,No,48,Yes,Yes,Fiber optic,Yes,No,Yes,No,No internet,Yes,Month-to-month,Yes,Mailed check,67.31,3232.39,No
CUST01291,Male,1,Yes,No,16,Yes,No,DSL,Yes,Yes,No,No,Yes,Yes,Month-to-month,Yes,Bank transfer,31.07,351.68,Yes
CUST01292,Female,0,No,No,10,Yes,Yes,No,Yes,Yes,Yes,No,No,Yes,Month-to-month,Yes,Electronic check,84.16,870.67,Yes
CUST01293,Male,0,Yes,No,26,Yes,No,Fiber optic,No,No,No internet,No,Yes,No,Two year,Yes,Bank transfer,42.85,1347.69,No
CUST01294,Female,0,Yes,Yes,10,Yes,Yes,Fiber optic,Yes,Yes,No,No,No,No,One year,Yes,Credit card,58.62,681.77,Yes
CUST01295,Female,0,No,No,10,Yes,Yes,Fiber optic,No internet,No internet,No,No,No internet,Yes,Two year,Yes,Electronic check,60.66,644.25,No
CUST01296,Male,0,Yes,No,31,Yes,No,No,No,No internet,No,Yes,No internet,No,One year,Yes,Credit card,98.17,3019.75,No
CUST01297,Male,0,Yes,No,8,Yes,No,Fiber optic,No,No internet,No,No,Yes,Yes,Month-to-month,No,Electronic check,88.69,633.93,Yes
CUST01298,Male,0,Yes,No,5,Yes,Yes,Fiber optic,No,No internet,Yes,Yes,No,No,Two year,No,Bank transfer,58.61,633.0,No
CUST01299,Female,0,Yes,No,39,No,No,No,Yes,No,No,No internet,No,No,Month-to-month,No,Credit card,54.13,2189.56,Yes
CUST01300,Male,0,Yes,No,39,Yes,Yes,No,No internet,No,No,No,No,Yes,Month-to-month,No,Mailed check,54.6,2132.71,No
CUST01301,Female,0,Yes,No,16,Yes,No,DSL,No internet,Yes,No,No internet,Yes,No internet,Month-to-month,No,Electronic check,48.67,756.62,No
CUST01302,Male,1,Yes,No,17,Yes,Yes,Fiber optic,No,Yes,No,Yes,No,Yes,Month-to-month,No,Credit card,68.07,1069.34,Yes
CUST01303,Female,0,No,No,28,Yes,Yes,No,No,No,No internet,No,No,No,Month-to-month,Yes,Electronic check,57.03,1752.62,Yes
CUST01304,Female,0,No,Yes,17,Yes,No phone service,Fiber optic,Yes,No,No,Yes,No,No,Month-to-month,Yes,Mailed check,43.95,772.92,Yes
CUST01305,Male,0,Yes,No,12,Yes,Yes,Fiber optic,No internet,Yes,No,No,No,No internet,Month-to-month,Yes,Mailed check,57.33,746.9,No
CUST01306,Female,0,No,No,72,Yes,No,DSL,No,Yes,Yes,No,No internet,Yes,Month-to-month,Yes,Mailed check,73.37,5161.08,Yes
CUST01307,Female,1,Yes,Yes,3,Yes,No,Fiber optic,No,Yes,No,No,No,No,Two year,Yes,Mailed check,82.25,300.31,Yes
CUST01308,Male,0,Yes,Yes,21,Yes,No,Fiber optic,No,Yes,Yes,No,No,No internet,Month-to-month,Yes,Mailed check,47.99,1005.02,Yes
CUST01309,Female,1,Yes,No,52,No,No,DSL,No,No internet,No,No,No internet,No,Month-to-month,Yes,Electronic check,75.73,3976.0,No
CUST01310,Male,0,No,No,27,Yes,Yes,DSL,Yes,No,No internet,No,Yes,Yes,Month-to-month,No,Bank transfer,65.19,1729.64,No
CUST01311,Female,1,No,No,51,No,No phone service,DSL,No,No,Yes,Yes,No internet,Yes,One year,No,Electronic check,65.91,,No
CUST01312,Male,0,Yes,Yes,9,Yes,Yes,DSL,Yes,Yes,No,No,No,No,One year,No,Electronic check,48.93,490.82,No
CUST01313,Male,0,Yes,Yes,7,Yes,No,DSL,No,Yes,No,No,No,No internet,Two year,Yes,Mailed check,30.95,122.64,No
CUST01314,Female,0,Yes,No,45,No,No,No,Yes,No,Yes,No,Yes,Yes,Two year,No,Mailed check,71.61,3123.61,No
CUST01315,Female,1,Yes,Yes,12,Yes,No,DSL,No internet,Yes,No internet,Yes,Yes,No,Month-to-month,No,Electronic check,53.58,466.73,Yes
CUST01316,Female,1,No,Yes,29,Yes,Yes,Fiber optic,No,No,Yes,Yes,No,Yes,Month-to-month,No,Mailed check,67.08,1959.03,Yes
CUST01317,Female,0,Yes,Yes,3,Yes,Yes,DSL,No internet,No internet,Yes,No internet,No internet,No,Month-to-month,No,Mailed check,53.59,203.36,Yes
CUST01318,Female,1,No,Yes,33,Yes,Yes,Fiber optic,No,Yes,No,No internet,No,Yes,Two year,Yes,Mailed check,70.48,2228.3,No
CUST01319,Male,0,Yes,Yes,19,Yes,No,Fiber optic,Yes,No,No internet,No,Yes,Yes,One year,Yes,Bank transfer,70.5,1211.91,No
CUST01320,Female,0,No,No,7,Yes,No,Fiber optic,No,No,No,Yes,Yes,No internet,Month-to-month,No,Credit card,38.66,262.71,Yes
CUST01321,Male,0,No,Yes,16,Yes,No,No,No,No internet,No internet,No,Yes,No,Month-to-month,Yes,Mailed check,50.91,879.86,No
CUST01322,Male,0,Yes,No,28,Yes,No phone service,DSL,No,No internet,No,No,No internet,No,Month-to-month,Yes,Bank transfer,59.13,1487.54,No
CUST01323,Female,0,No,No,0,Yes,No phone service,Fiber optic,No,No,Yes,No internet,No,No,Month-to-month,Yes,Electronic check,62.12,0.0,Yes
CUST01324,Male,0,No,No,24,Yes,Yes,No,No,No,No,No,No internet,No,Two year,Yes,Bank transfer,77.83,1979.93,No
CUST01325,Male,0,Yes,No,18,Yes,Yes,Fiber optic,Yes,Yes,Yes,No internet,No,No internet,One year,No,Bank transfer,44.41,721.78,No
CUST01326,Male,0,Yes,No,5,Yes,Yes,No,No internet,No internet,Yes,No,No,Yes,One year,Yes,Bank transfer,46.45,173.86,No
CUST01327,Male,0,No,No,33,Yes,No,DSL,No,No,Yes,No,No,Yes,Month-to-month,Yes,Credit card,37.49,1308.27,Yes
CUST01328,Female,0,Yes,No,8,Yes,Yes,No,No,No,Yes,No,Yes,No internet,Month-to-month,No,Electronic check,53.99,414.56,Yes
CUST01329,Male,0,Yes,No,7,Yes,Yes,Fiber optic,Yes,No,Yes,No,Yes,Yes,One year,Yes,Mailed check,54.18,421.02,No
CUST01330,Female,0,Yes,No,15,Yes,No,DSL,No,Yes,No,Yes,No internet,No,One year,No,Electronic check,78.75,1265.21,No
CUST01331,Female,0,No,No,27,Yes,No,Fiber optic,No,No internet,Yes,No internet,Yes,No internet,Month-to-month,Yes,Bank transfer,60.88,1792.38,Yes
CUST01332,Male,0,No,Yes,63,Yes,No phone service,Fiber optic,No,No internet,Yes,No internet,Yes,No internet,Month-to-month,No,Credit card,79.68,5132.3,No
CUST01333,Female,0,No,No,3,Yes,No,DSL,Yes,Yes,Yes,No,No,Yes,Two year,Yes,Mailed check,44.81,320.47,No
CUST01334,Female,0,No,No,12,Yes,No phone service,Fiber optic,No,No,No internet,Yes,No,No internet,Month-to-month,Yes,Mailed check,63.93,963.56,Yes
CUST01335,Female,0,Yes,No,1,Yes,Yes,DSL,No,Yes,No,No internet,Yes,Yes,Month-to-month,Yes,Bank transfer,54.36,116.41,Yes
CUST01336,Male,0,No,Yes,34,No,No,No,No,Yes,No,No,Yes,Yes,Month-to-month,No,Electronic check,73.45,2511.86,No
CUST01337,Female,0,No,No,14,Yes,Yes,Fiber optic,Yes,Yes,No,No,Yes,No,One year,Yes,Electronic check,89.12,1224.16,Yes
CUST01338,Female,0,Yes,No,29,Yes,No,DSL,Yes,No internet,No,Yes,No,No,Month-to-month,Yes,Mailed check,42.17,1153.39,No
CUST01339,Female,0,Yes,Yes,9,Yes,No phone service,DSL,No,No,Yes,No,No,Yes,One year,No,Mailed check,18.0,0.0,No
CUST01340,Male,1,Yes,No,44,Yes,No,No,No,No,No,No,No,Yes,Month-to-month,Yes,Mailed check,92.69,4027.79,Yes
CUST01341,Female,1,No,No,18,Yes,No,DSL,No,No internet,No internet,No,Yes,No,Month-to-month,No,Electronic check,68.3,1345.65,No
CUST01342,Male,0,No,No,69,Yes,No phone service,DSL,No,No internet,No,No,Yes,Yes,One year,No,Mailed check,75.9,5158.23,No
CUST01343,Male,0,No,No,1,Yes,Yes,Fiber optic,No internet,Yes,No internet,No,Yes,Yes,One year,Yes,Credit card,65.69,206.79,No
CUST01344,Male,0,No,No,17,Yes,No,DSL,Yes,Yes,Yes,Yes,No,No,Two year,Yes,Electronic check,61.05,1034.99,No
CUST01345,Male,0,Yes,No,34,Yes,No,DSL,Yes,Yes,No internet,No internet,No,No,Month-to-month,No,Bank transfer,60.9,2181.09,No
CUST01346,Male,1,No,No,22,Yes,No,Fiber optic,Yes,Yes,No,No,Yes,No,Month-to-month,Yes,Bank transfer,84.4,1962.71,Yes
CUST01347,Male,0,No,No,0,Yes,No,DSL,No,No internet,No,No,No internet,No,One year,Yes,Credit card,61.28,0.0,No
CUST01348,Female,0,Yes,No,72,Yes,No,DSL,No internet,No,No,No,No internet,Yes,Month-to-month,No,Bank transfer,95.77,7071.16,Yes
CUST01349,Male,0,No,No,8,Yes,No,Fiber optic,Yes,Yes,Yes,No internet,No,Yes,Month-to-month,Yes,Bank transfer,34.92,468.97,Yes
CUST01350,Female,1,Yes,No,6,Yes,Yes,No,No internet,No,No,Yes,No,No,Month-to-month,No,Bank transfer,50.67,361.8,Yes
CUST01351,Female,0,No,Yes,15,Yes,Yes,No,Yes,Yes,No,No internet,No,No,Month-to-month,Yes,Electronic check,61.91,705.81,Yes
CUST01352,Male,0,No,Yes,18,Yes,No,Fiber optic,No,Yes,Yes,No,Yes,Yes,Month-to-month,No,Bank transfer,66.08,1105.22,No
CUST01353,Female,0,No,No,34,Yes,Yes,Fiber optic,Yes,Yes,Yes,Yes,No internet,No,Two year,Yes,Mailed check,88.06,2840.86,No
CUST01354,Female,0,No,No,11,Yes,Yes,No,Yes,No internet,No,No,No,No internet,Two year,Yes,Mailed check,46.87,500.8,No
CUST01355,Female,0,Yes,No,13,Yes,No phone service,Fiber optic,Yes,No,No internet,No,No internet,Yes,Two year,No,Electronic check,56.46,670.16,No
CUST01356,Female,0,No,Yes,18,No,No,Fiber optic,No,No internet,No,No,No,Yes,Two year,Yes,Electronic check,76.57,1422.51,No
CUST01357,Male,1,Yes,No,12,Yes,Yes,No,No,No,Yes,No,No,Yes,Month-to-month,Yes,Electronic check,63.92,642.79,Yes
CUST01358,Female,1,No,No,59,No,Yes,Fiber optic,Yes,No,No internet,No internet,Yes,No,Month-to-month,No,Bank transfer,91.98,5190.89,No
CUST01359,Male,1,No,No,45,Yes,No,No,No internet,No internet,Yes,No,Yes,No,One year,No,Credit card,81.84,3780.04,No
CUST01360,Female,0,No,Yes,14,Yes,No phone service,No,No,Yes,Yes,No,No,Yes,Two year,Yes,Electronic check,65.55,1022.56,No
CUST01361,Female,0,Yes,No,0,Yes,No,Fiber optic,No internet,No internet,No,Yes,No,No,Month-to-month,Yes,Electronic check,57.58,0.0,Yes
CUST01362,Male,0,No,Yes,55,Yes,No,No,Yes,Yes,Yes,Yes,No,No internet,Month-to-month,No,Credit card,53.4,2882.86,No
CUST01363,Female,0,No,Yes,3,Yes,Yes,Fiber optic,Yes,No internet,No,No,No internet,No,Month-to-month,Yes,Bank transfer,61.19,142.8,Yes
CUST01364,Female,0,No,No,6,Yes,No phone service,Fiber optic,No internet,No internet,Yes,Yes,No,No internet,Month-to-month,No,Credit card,78.16,408.95,Yes
CUST01365,Female,0,Yes,Yes,3,Yes,No,DSL,No,No internet,No,Yes,No internet,Yes,Month-to-month,Yes,Electronic check,30.7,220.23,Yes
CUST01366,Male,0,Yes,Yes,4,Yes,Yes,No,No internet,No internet,Yes,No internet,Yes,No,Month-to-month,No,Credit card,57.1,243.53,Yes
CUST01367,Female,0,Yes,No,38,No,Yes,DSL,Yes,No,No internet,Yes,No,No internet,Two year,Yes,Credit card,77.67,2773.43,No
CUST01368,Male,0,No,Yes,20,Yes,Yes,No,Yes,No internet,No,Yes,No,No,Month-to-month,Yes,Electronic check,40.2,875.67,Yes
CUST01369,Female,0,No,No,72,Yes,No phone service,DSL,No internet,Yes,No internet,No,Yes,Yes,Two year,Yes,Electronic check,74.56,5381.37,No
CUST01370,Male,0,No,Yes,6,Yes,No,Fiber optic,No,No,Yes,No,Yes,No internet,Month-to-month,Yes,Electronic check,42.78,263.36,Yes
CUST01371,Male,0,Yes,No,15,Yes,Yes,DSL,No internet,No internet,No,No,No,Yes,Two year,Yes,Electronic check,60.76,977.39,No
CUST01372,Female,0,Yes,No,72,No,Yes,Fiber optic,No,No,No,No internet,No,No,Month-to-month,Yes,Credit card,65.54,4525.67,Yes
CUST01373,Female,0,No,Yes,42,Yes,Yes,Fiber optic,Yes,Yes,No internet,Yes,No internet,Yes,One year,No,Mailed check,60.71,2547.45,No
CUST01374,Male,0,No,No,31,Yes,Yes,No,No,No internet,No,Yes,Yes,No,Month-to-month,Yes,Bank transfer,70.95,2250.67,No
CUST01375,Male,0,No,No,5,Yes,Yes,Fiber optic,No internet,Yes,No internet,No,Yes,Yes,One year,No,Credit card,65.42,268.84,No
CUST01376,Female,0,No,Yes,35,Yes,Yes,Fiber optic,No internet,No,Yes,No internet,Yes,No internet,Two year,Yes,Mailed check,67.96,2333.26,No
CUST01377,Male,0,Yes,No,10,Yes,No,DSL,Yes,No,No,No,No internet,No internet,Month-to-month,No,Bank transfer,39.23,347.4,No
CUST01378,Female,0,No,Yes,18,Yes,No phone service,DSL,Yes,No internet,Yes,No,Yes,No,Month-to-month,No,Electronic check,54.9,1076.54,No
CUST01379,Female,0,No,Yes,22,Yes,Yes,No,No,No internet,Yes,No,No internet,No internet,Month-to-month,No,Mailed check,64.04,1299.56,Yes
CUST01380,Female,0,Yes,Yes,22,Yes,Yes,DSL,No internet,No,Yes,Yes,No internet,Yes,Month-to-month,Yes,Credit card,83.83,1823.84,Yes
CUST01381,Female,0,Yes,No,31,Yes,No,No,No internet,No,No,No,Yes,No,Month-to-month,No,Electronic check,71.87,2179.17,No
CUST01382,Male,0,Yes,No,26,Yes,Yes,DSL,Yes,No internet,No,No,Yes,No internet,One year,Yes,Mailed check,94.29,2595.06,No
CUST01383,Female,0,Yes,No,1,Yes,Yes,DSL,No,No,Yes,No,No,No,Month-to-month,Yes,Credit card,62.91,74.96,Yes
CUST01384,Male,0,No,No,14,Yes,Yes,No,No,No,Yes,No,No internet,No,One year,No,Bank transfer,75.22,1050.71,No
CUST01385,Female,1,Yes,No,26,Yes,Yes,No,No,Yes,No internet,No internet,Yes,No,Two year,Yes,Bank transfer,63.23,1434.22,No
CUST01386,Male,0,Yes,No,8,Yes,Yes,DSL,No,No internet,Yes,No internet,Yes,Yes,One year,Yes,Credit card,65.41,387.05,No
CUST01387,Female,0,Yes,No,9,Yes,No phone service,Fiber optic,No,No,Yes,No internet,No,No,Month-to-month,Yes,Electronic check,57.2,587.05,Yes
CUST01388,Male,0,No,No,3,Yes,Yes,No,No,No,Yes,No,No,Yes,One year,Yes,Bank transfer,88.24,245.18,No
CUST01389,Male,0,Yes,Yes,13,Yes,Yes,DSL,No,Yes,Yes,No,Yes,No,Month-to-month,Yes,Credit card,51.29,727.55,No
CUST01390,Female,0,No,No,72,Yes,Yes,DSL,Yes,No,Yes,No,No internet,No internet,Month-to-month,No,Electronic check,112.71,8195.5,Yes
CUST01391,Female,0,Yes,No,8,No,Yes,Fiber optic,No internet,No,Yes,No,Yes,Yes,Month-to-month,Yes,Mailed check,79.76,757.1,Yes
CUST01392,Female,0,Yes,No,18,Yes,No,DSL,Yes,Yes,Yes,No,No,No internet,Two year,No,Mailed check,50.39,793.94,No
CUST01393,Female,0,Yes,No,32,Yes,No,Fiber optic,No,No internet,No,No internet,No,No internet,One year,No,Electronic check,70.67,2436.47,No
CUST01394,Male,0,Yes,No,0,Yes,Yes,Fiber optic,No,No internet,No,Yes,No internet,Yes,Month-to-month,Yes,Mailed check,28.52,34.1,Yes
CUST01395,Female,0,Yes,No,55,Yes,No phone service,No,Yes,Yes,Yes,No,Yes,No,Month-to-month,No,Bank transfer,104.69,5801.89,Yes
CUST01396,Male,0,Yes,No,11,Yes,No,No,No,No,Yes,No,No,No internet,Month-to-month,No,Credit card,23.29,73.79,No
CUST01397,Male,0,No,No,48,Yes,No,Fiber optic,No internet,Yes,No,No internet,No,No,Two year,Yes,Bank transfer,49.82,2453.65,No
CUST01398,Female,0,No,Yes,0,Yes,Yes,Fiber optic,No internet,No,Yes,No,Yes,No,Two year,Yes,Credit card,47.68,0.0,No
CUST01399,Male,1,Yes,No,3,Yes,Yes,Fiber optic,No,No,No,No,No,No internet,Month-to-month,No,Electronic check,47.39,154.19,Yes
CUST01400,Male,0,Yes,No,9,Yes,No,DSL,No,No,No,Yes,No,No internet,Month-to-month,No,Electronic check,39.53,541.28,Yes
CUST01401,Male,0,No,No,10,Yes,Yes,No,No,Yes,No internet,No,No internet,No,One year,No,Credit card,49.89,537.73,No
CUST01402,Male,0,No,No,45,Yes,Yes,DSL,Yes,Yes,Yes,No,No,No,Month-to-month,Yes,Credit card,86.86,3929.9,Yes
CUST01403,Female,0,Yes,No,0,Yes,No phone service,DSL,No,No,No internet,No,No,Yes,Month-to-month,Yes,Electronic check,64.96,40.79,No
CUST01404,Female,1,No,Yes,24,Yes,No,Fiber optic,No,No internet,No,Yes,No,No internet,One year,Yes,Bank transfer,78.88,1818.6,No
CUST01405,Female,0,No,No,3,No,Yes,Fiber optic,No,No internet,No,No,No,Yes,Month-to-month,No,Mailed check,58.98,21.61,Yes
CUST01406,Female,1,No,No,41,Yes,No,Fiber optic,Yes,No internet,Yes,Yes,Yes,Yes,One year,No,Mailed check,81.08,3386.0,No
CUST01407,Male,0,Yes,No,36,Yes,No,DSL,No,Yes,Yes,No internet,No,Yes,Month-to-month,Yes,Credit card,83.55,3019.74,Yes
CUST01408,Male,0,Yes,No,16,Yes,Yes,Fiber optic,Yes,Yes,No internet,No internet,Yes,Yes,One year,No,Bank transfer,59.86,1087.95,No
CUST01409,Female,0,Yes,Yes,5,Yes,Yes,No,No,No,Yes,Yes,No,No internet,One year,Yes,Electronic check,40.73,112.41,No
CUST01410,Female,1,No,No,24,Yes,Yes,Fiber optic,No,Yes,No,Yes,Yes,No internet,Month-to-month,No,Electronic check,67.91,1501.67,Yes
CUST01411,Female,0,No,No,4,No,Yes,DSL,No,No,Yes,No internet,Yes,No,One year,Yes,Electronic check,55.62,293.57,No
CUST01412,Male,0,Yes,No,5,Yes,Yes,DSL,No internet,No internet,No,No,No,Yes,Month-to-month,No,Bank transfer,65.36,261.0,Yes
CUST01413,Female,0,No,No,23,Yes,No,Fiber optic,No,Yes,Yes,Yes,No,No internet,Month-to-month,Yes,Mailed check,66.43,1372.86,No
CUST01414,Female,0,No,No,72,Yes,Yes,Fiber optic,No internet,No internet,No,No internet,No,No internet,Month-to-month,Yes,Credit card,67.59,4808.47,Yes
CUST01415,Female,1,No,No,53,Yes,Yes,Fiber optic,No,Yes,No internet,No internet,Yes,No internet,Month-to-month,Yes,Credit card,99.17,5151.45,Yes
CUST01416,Male,0,No,No,21,Yes,Yes,No,No internet,Yes,Yes,Yes,No internet,Yes,Month-to-month,No,Electronic check,54.99,1001.63,No
CUST01417,Male,0,No,No,18,Yes,Yes,DSL,No internet,No,No internet,Yes,Yes,No,One year,No,Bank transfer,66.86,1246.09,No
CUST01418,Male,0,Yes,No,72,Yes,Yes,Fiber optic,No,No,Yes,No internet,No,No,Month-to-month,Yes,Mailed check,62.38,4549.06,Yes
CUST01419,Male,0,No,No,19,No,Yes,Fiber optic,No,No internet,No,Yes,Yes,No,Month-to-month,No,Electronic check,68.17,1264.48,Yes
CUST01420,Male,1,No,No,13,Yes,No,No,No,No,Yes,No,Yes,No,Two year,No,Mailed check,81.05,1238.12,No
CUST01421,Male,0,Yes,Yes,57,Yes,Yes,DSL,No,No,No,Yes,No,Yes,One year,No,Credit card,70.83,4012.25,No
CUST01422,Male,0,Yes,No,6,No,Yes,DSL,Yes,No,No,No internet,Yes,No internet,Month-to-month,Yes,Mailed check,59.04,418.29,Yes
CUST01423,Male,1,No,Yes,2,Yes,No,Fiber optic,No,No internet,No,No,Yes,No,Month-to-month,Yes,Bank transfer,63.99,0.0,Yes
CUST01424,Female,0,Yes,Yes,24,Yes,Yes,Fiber optic,No,No internet,No internet,No,No,Yes,Month-to-month,Yes,Mailed check,51.39,1118.25,No
CUST01425,Female,0,No,No,2,Yes,Yes,Fiber optic,No internet,No,No internet,No internet,No,No,Month-to-month,Yes,Mailed check,65.3,238.03,Yes
CUST01426,Male,0,Yes,No,11,Yes,Yes,No,No internet,No internet,Yes,No,No,Yes,Two year,No,Credit card,52.32,693.82,No
CUST01427,Male,0,Yes,No,13,Yes,No,No,Yes,No,Yes,Yes,Yes,Yes,Month-to-month,Yes,Credit card,50.64,636.79,No
CUST01428,Female,0,Yes,Yes,19,Yes,No phone service,DSL,No,No,No internet,No,No,No,One year,Yes,Electronic check,68.49,1362.77,No
CUST01429,Male,1,Yes,No,72,Yes,Yes,Fiber optic,No internet,Yes,Yes,No,No,No,Two year,Yes,Electronic check,99.06,7163.89,No
CUST01430,Male,0,No,No,5,Yes,Yes,DSL,No internet,Yes,No internet,No,No,No,One year,Yes,Mailed check,62.6,368.37,No
CUST01431,Male,0,No,No,11,Yes,No,No,No internet,No,Yes,Yes,Yes,Yes,Month-to-month,No,Electronic check,57.84,535.56,Yes
CUST01432,Female,1,Yes,No,3,Yes,Yes,DSL,Yes,Yes,No internet,Yes,No internet,No,One year,No,Bank transfer,67.75,460.62,No
CUST01433,Female,0,Yes,No,22,Yes,No phone service,No,Yes,No,Yes,No,No,Yes,Two year,Yes,Electronic check,60.0,1645.98,No
CUST01434,Female,0,Yes,Yes,31,Yes,Yes,Fiber optic,Yes,No,Yes,No,Yes,No,One year,No,Credit card,55.58,1661.08,No
CUST01435,Female,0,Yes,No,15,Yes,Yes,Fiber optic,No internet,Yes,No,Yes,No internet,No internet,Two year,Yes,Bank transfer,46.79,688.77,No
CUST01436,Female,1,No,No,6,Yes,Yes,Fiber optic,No,No,No,No internet,No,Yes,Month-to-month,No,Electronic check,52.99,397.06,Yes
CUST01437,Male,0,Yes,No,23,Yes,Yes,Fiber optic,No,No,No,Yes,No,No internet,Two year,Yes,Mailed check,53.8,1333.07,No
CUST01438,Female,0,Yes,Yes,18,No,Yes,DSL,No internet,Yes,No,No,Yes,Yes,Two year,Yes,Electronic check,105.13,1842.13,No
CUST01439,Male,0,Yes,No,4,Yes,No,Fiber optic,Yes,No,No internet,Yes,No,No,Month-to-month,No,Electronic check,60.24,313.92,Yes
CUST01440,Male,0,Yes,No,12,Yes,Yes,Fiber optic,No,No,No internet,No internet,No,No internet,One year,No,Bank transfer,45.32,527.62,Yes
CUST01441,Female,0,Yes,Yes,13,Yes,Yes,No,No,No,No internet,No internet,No internet,No internet,One year,Yes,Mailed check,71.77,818.49,No
CUST01442,Female,1,Yes,No,72,Yes,Yes,Fiber optic,No,No,Yes,Yes,No internet,Yes,Two year,No,Bank transfer,120.0,8608.93,No
CUST01443,Male,0,No,No,45,Yes,No,Fiber optic,No,Yes,Yes,Yes,No internet,Yes,Two year,No,Mailed check,64.73,2943.28,No
CUST01444,Male,0,No,No,31,No,Yes,No,Yes,Yes,No,Yes,No,Yes,Month-to-month,Yes,Electronic check,58.63,1859.08,Yes
CUST01445,Male,1,No,No,52,Yes,Yes,No,No,Yes,No,No internet,Yes,Yes,One year,Yes,Mailed check,59.03,2987.83,No
CUST01446,Female,0,Yes,Yes,31,Yes,Yes,DSL,No,No internet,Yes,Yes,No,No internet,Two year,Yes,Bank transfer,61.29,1872.6,No
CUST01447,Female,0,Yes,No,56,Yes,Yes,Fiber optic,Yes,No,Yes,No,Yes,Yes,One year,No,Electronic check,90.03,5125.38,No
CUST01448,Female,0,No,No,1,Yes,No phone service,DSL,No internet,No,No internet,No internet,No,No,One year,No,Bank transfer,45.46,104.98,No
CUST01449,Female,1,No,No,14,Yes,Yes,Fiber optic,No,No,Yes,No,Yes,Yes,Month-to-month,Yes,Electronic check,51.46,719.43,No
CUST01450,Female,0,No,No,32,Yes,Yes,No,No,No,No,No,No,No,Month-to-month,No,Electronic check,43.68,1390.35,Yes
CUST01451,Male,0,Yes,Yes,21,Yes,No phone service,No,Yes,No internet,Yes,No internet,No,No internet,Two year,No,Mailed check,65.17,1489.2,No
CUST01452,Female,0,Yes,No,4,Yes,Yes,No,Yes,No internet,No,No internet,No internet,Yes,Two year,Yes,Mailed check,42.65,288.82,No
CUST01453,Male,0,No,No,9,Yes,No,Fiber optic,No internet,No,No internet,Yes,No internet,Yes,Month-to-month,Yes,Bank transfer,84.91,721.17,Yes
CUST01454,Male,0,No,Yes,9,Yes,No,DSL,No,Yes,Yes,No,Yes,No,One year,Yes,Mailed check,55.3,206.58,No
CUST01455,Male,0,No,No,7,Yes,Yes,DSL,No,No,No,Yes,Yes,No,Two year,No,Electronic check,41.83,125.88,No
CUST01456,Female,0,No,No,10,Yes,Yes,Fiber optic,No,No,No internet,No,No internet,No,One year,No,Bank transfer,68.22,534.96,No
CUST01457,Female,0,No,No,17,Yes,No,DSL,Yes,No,No,No,No,Yes,One year,Yes,Mailed check,89.11,,No
CUST01458,Female,0,Yes,No,46,Yes,Yes,DSL,No internet,No,No,No internet,Yes,Yes,Month-to-month,Yes,Electronic check,100.1,4663.92,Yes
CUST01459,Male,0,No,No,32,Yes,Yes,Fiber optic,Yes,Yes,No,Yes,No,Yes,One year,No,Credit card,52.2,1743.22,No
CUST01460,Male,0,No,No,43,Yes,Yes,DSL,Yes,Yes,No,No,No,No internet,Two year,Yes,Electronic check,52.53,2167.93,No
CUST01461,Male,0,No,Yes,51,Yes,Yes,DSL,No internet,Yes,No internet,No,No,No,One year,Yes,Credit card,56.08,2802.57,No
CUST01462,Male,0,Yes,No,12,Yes,Yes,No,Yes,No,Yes,No,No internet,No,Two year,Yes,Electronic check,66.49,786.35,No
CUST01463,Male,0,Yes,Yes,10,Yes,Yes,DSL,No internet,Yes,Yes,Yes,No,Yes,Month-to-month,Yes,Mailed check,50.63,494.05,Yes
CUST01464,Male,0,No,No,1,Yes,Yes,No,No,No internet,No internet,No,No,No,Two year,No,Credit card,40.22,0.0,No
CUST01465,Female,0,Yes,Yes,63,Yes,No,No,No,No,Yes,No internet,No,No internet,Two year,Yes,Bank transfer,93.87,6169.67,No
CUST01466,Female,1,No,Yes,1,Yes,Yes,Fiber optic,Yes,Yes,No internet,Yes,Yes,Yes,One year,No,Electronic check,47.3,78.69,No
CUST01467,Female,0,Yes,Yes,32,Yes,Yes,No,No,No internet,No internet,Yes,No,Yes,Two year,Yes,Bank transfer,81.24,2490.59,No
CUST01468,Female,1,Yes,No,11,No,Yes,DSL,No,No,Yes,No,No,No,Two year,Yes,Electronic check,50.44,554.23,No
CUST01469,Male,0,No,No,71,Yes,Yes,No,Yes,No,No,No,No internet,No internet,Two year,Yes,Mailed check,80.29,5657.08,No
CUST01470,Male,0,Yes,No,13,Yes,Yes,No,No internet,Yes,Yes,No,No,No,One year,No,Bank transfer,77.31,977.2,No
CUST01471,Female,1,Yes,Yes,40,No,Yes,No,No,Yes,No,Yes,Yes,No,Month-to-month,Yes,Mailed check,81.87,3185.79,Yes
CUST01472,Male,0,Yes,No,7,Yes,Yes,DSL,No internet,No,No,Yes,No internet,No,Month-to-month,Yes,Electronic check,38.01,181.77,Yes
CUST01473,Female,0,No,No,8,Yes,No,No,No,No,No,No internet,Yes,No internet,Month-to-month,No,Mailed check,76.72,420.53,No
CUST01474,Female,0,Yes,No,21,No,Yes,No,Yes,No,Yes,Yes,No,No,Month-to-month,Yes,Electronic check,77.52,1603.96,Yes
CUST01475,Female,0,No,No,72,Yes,Yes,No,No internet,No,No,No,Yes,No,One year,Yes,Mailed check,107.58,7748.29,Yes
CUST01476,Male,0,Yes,No,17,Yes,No phone service,DSL,No,Yes,No,No,No,No,Month-to-month,Yes,Mailed check,32.87,501.11,No
CUST01477,Female,0,No,No,66,Yes,Yes,DSL,No,No internet,No,No,No,No,Two year,No,Bank transfer,87.49,5864.31,No
CUST01478,Female,0,Yes,Yes,37,Yes,Yes,Fiber optic,No,No internet,No internet,Yes,No,No,One year,No,Mailed check,57.94,2139.62,No
CUST01479,Female,0,Yes,Yes,38,Yes,No,Fiber optic,No,No internet,No internet,No,Yes,No internet,Month-to-month,Yes,Electronic check,59.92,2281.18,Yes
CUST01480,Male,1,Yes,No,13,No,Yes,DSL,Yes,No,No internet,Yes,No,No,Month-to-month,Yes,Credit card,76.14,1013.65,No
CUST01481,Male,0,Yes,No,11,Yes,No phone service,No,No,No internet,Yes,No,No,Yes,Month-to-month,Yes,Bank transfer,29.25,318.35,Yes
CUST01482,Female,0,No,Yes,5,Yes,Yes,Fiber optic,No,No,Yes,Yes,Yes,Yes,Two year,No,Electronic check,54.88,279.79,No
CUST01483,Male,0,Yes,No,72,No,No,Fiber optic,No internet,No,Yes,No internet,Yes,No,Month-to-month,Yes,Credit card,109.0,7708.55,Yes
CUST01484,Male,0,Yes,No,72,Yes,Yes,Fiber optic,Yes,No,No,No,No internet,No internet,One year,Yes,Credit card,88.18,6460.53,No
CUST01485,Male,0,No,No,32,No,No phone service,Fiber optic,Yes,No,No,Yes,No internet,Yes,One year,No,Electronic check,82.4,2501.65,No
CUST01486,Male,0,Yes,No,8,Yes,No,DSL,No,No,Yes,No,Yes,Yes,One year,Yes,Bank transfer,55.81,538.26,Yes
CUST01487,Male,0,Yes,Yes,6,No,Yes,DSL,No,Yes,Yes,No internet,No internet,No,Month-to-month,Yes,Mailed check,40.21,275.55,Yes
CUST01488,Male,0,No,No,72,No,No,Fiber optic,Yes,Yes,Yes,No internet,No,Yes,Month-to-month,No,Electronic check,114.95,8221.85,Yes
CUST01489,Male,0,No,Yes,1,Yes,Yes,Fiber optic,Yes,No internet,No,No,No,No,Month-to-month,No,Electronic check,47.62,86.63,Yes
CUST01490,Male,1,Yes,No,44,Yes,No,Fiber optic,No,Yes,No internet,No internet,No,No internet,Month-to-month,Yes,Mailed check,63.11,2747.7,Yes
CUST01491,Male,0,Yes,Yes,10,Yes,No,DSL,Yes,Yes,No,No,No,No,Two year,Yes,Electronic check,34.19,440.3,No
CUST01492,Male,0,No,No,13,Yes,No,DSL,No,Yes,No,Yes,No,No,Month-to-month,Yes,Credit card,53.71,626.54,No
CUST01493,Female,0,Yes,No,42,Yes,Yes,Fiber optic,No,No,No,No internet,Yes,No internet,Month-to-month,Yes,Electronic check,84.11,3531.11,Yes
CUST01494,Female,0,No,No,2,Yes,No phone service,Fiber optic,No internet,No,No,No,No internet,No,Month-to-month,No,Credit card,50.84,27.32,Yes
CUST01495,Male,1,Yes,Yes,10,Yes,No,Fiber optic,No,No,No,No,No,No,One year,No,Credit card,42.54,328.31,No
CUST01496,Female,0,No,Yes,72,Yes,Yes,Fiber optic,No,No internet,Yes,No internet,Yes,Yes,Month-to-month,No,Bank transfer,87.26,6270.97,Yes
CUST01497,Female,0,Yes,Yes,28,No,Yes,Fiber optic,No internet,Yes,No,Yes,Yes,No,Month-to-month,Yes,Electronic check,80.36,2389.76,Yes
CUST01498,Male,0,No,No,33,Yes,No,DSL,No internet,Yes,No,Yes,No,Yes,One year,Yes,Bank transfer,64.59,2180.0,No
CUST01499,Male,0,Yes,No,34,Yes,No,DSL,Yes,No,No internet,No,No,Yes,Month-to-month,Yes,Mailed check,88.85,3006.17,Yes
CUST01500,Male,0,No,No,1,Yes,No,Fiber optic,Yes,Yes,Yes,No,Yes,Yes,Month-to-month,Yes,Bank transfer,37.96,26.87,Yes
CUST01501,Female,0,Yes,Yes,5,Yes,Yes,Fiber optic,No internet,No internet,No internet,No,No internet,Yes,Month-to-month,Yes,Electronic check,65.96,170.11,Yes
CUST01502,Female,1,Yes,Yes,16,No,Yes,DSL,No,No,No,No,No,No,Two year,Yes,Credit card,75.26,1118.94,No
CUST01503,Male,0,No,Yes,11,Yes,No,DSL,No,No,Yes,No internet,No internet,No internet,Month-to-month,Yes,Electronic check,63.42,,Yes
CUST01504,Male,1,No,No,12,Yes,Yes,DSL,No internet,Yes,Yes,Yes,No,Yes,Month-to-month,Yes,Bank transfer,72.68,888.05,Yes
CUST01505,Male,0,No,No,36,Yes,Yes,No,No,No internet,Yes,No,Yes,No,Two year,Yes,Credit card,63.07,2368.15,No
CUST01506,Female,0,Yes,No,0,Yes,No,Fiber optic,No,No,No internet,No,No internet,No,Month-to-month,Yes,Bank transfer,54.5,0.0,Yes
CUST01507,Female,1,No,No,25,Yes,Yes,Fiber optic,Yes,No,Yes,No,No internet,Yes,One year,Yes,Electronic check,66.1,1673.45,No
CUST01508,Female,0,Yes,Yes,0,Yes,Yes,No,No internet,No,No internet,Yes,Yes,Yes,Month-to-month,Yes,Electronic check,54.11,3.74,Yes
CUST01509,Female,0,No,Yes,1,Yes,Yes,DSL,No,No internet,No internet,No,No,Yes,Month-to-month,Yes,Mailed check,54.88,69.46,Yes
CUST01510,Male,0,No,No,12,Yes,Yes,Fiber optic,Yes,Yes,No,Yes,Yes,No,One year,No,Electronic check,52.5,631.36,No
CUST01511,Male,0,Yes,No,44,No,No,Fiber optic,No,Yes,Yes,No,Yes,Yes,Two year,Yes,Electronic check,69.86,3113.16,No
CUST01512,Male,0,No,No,3,Yes,No,No,No,Yes,No,Yes,No internet,Yes,Month-to-month,No,Electronic check,30.07,19.44,Yes
CUST01513,Male,0,No,Yes,19,Yes,No,No,Yes,No,No internet,No,No,No,One year,No,Bank transfer,60.29,1234.13,No
CUST01514,Female,0,Yes,Yes,27,Yes,Yes,Fiber optic,Yes,Yes,No internet,No,No internet,No,One year,Yes,Electronic check,72.36,1847.1,No
CUST01515,Female,0,No,Yes,6,No,No,Fiber optic,No,No,No,No internet,No,No,Month-to-month,Yes,Credit card,56.62,182.71,Yes
CUST01516,Male,0,Yes,Yes,17,No,No,No,No,No,No,No,No,No,One year,Yes,Mailed check,60.64,1049.92,No
CUST01517,Male,0,No,Yes,58,Yes,No phone service,No,No internet,No,No,No,No,No,Month-to-month,Yes,Bank transfer,57.46,3325.09,Yes
CUST01518,Female,0,Yes,No,17,No,No phone service,No,Yes,No,No internet,Yes,No,No,Month-to-month,Yes,Electronic check,64.23,1059.31,No
CUST01519,Male,1,Yes,Yes,4,No,Yes,DSL,No internet,No,No internet,No,No,Yes,Month-to-month,No,Credit card,43.56,134.74,Yes
CUST01520,Female,0,Yes,Yes,23,Yes,No phone service,Fiber optic,No,No internet,Yes,Yes,Yes,Yes,Two year,Yes,Electronic check,50.23,1221.11,No
CUST01521,Male,0,No,No,21,Yes,Yes,No,Yes,Yes,No internet,No internet,No,No internet,Month-to-month,No,Electronic check,43.2,823.15,No
CUST01522,Male,1,No,No,0,Yes,Yes,DSL,No,No,No internet,No,No internet,Yes,One year,No,Electronic check,44.54,0.0,No
CUST01523,Male,0,No,No,2,Yes,Yes,Fiber optic,No internet,No,No,No,Yes,Yes,Month-to-month,Yes,Electronic check,53.14,158.19,Yes
CUST01524,Male,1,Yes,No,4,Yes,Yes,DSL,No,Yes,No,No,Yes,No internet,Month-to-month,Yes,Mailed check,41.69,246.85,Yes
CUST01525,Male,0,Yes,No,3,Yes,No,Fiber optic,No internet,Yes,No internet,No internet,No internet,No,One year,Yes,Bank transfer,33.02,,No
CUST01526,Male,0,No,Yes,7,No,No phone service,No,Yes,No internet,No internet,No,Yes,No,Two year,Yes,Electronic check,77.23,667.37,No
CUST01527,Male,0,No,No,14,Yes,No,Fiber optic,No internet,No,No,Yes,No internet,Yes,Month-to-month,Yes,Bank transfer,85.0,1163.29,No
CUST01528,Female,0,Yes,Yes,11,Yes,No,Fiber optic,No,Yes,No,No,No,No,Month-to-month,No,Bank transfer,70.42,739.05,Yes
CUST01529,Female,0,Yes,Yes,53,Yes,No,Fiber optic,No internet,No internet,Yes,No,No internet,Yes,Two year,Yes,Credit card,72.01,3834.7,No
CUST01530,Female,0,Yes,No,22,Yes,No,Fiber optic,No internet,No,Yes,No,Yes,Yes,Month-to-month,Yes,Electronic check,78.1,1726.35,Yes
CUST01531,Female,0,Yes,No,50,Yes,Yes,Fiber optic,No,No,No internet,No,No internet,Yes,One year,No,Electronic check,83.02,4232.17,No
CUST01532,Female,0,No,No,17,Yes,No,Fiber optic,No,No,Yes,No,Yes,No,One year,Yes,Electronic check,29.27,735.0,No
CUST01533,Male,0,No,No,2,Yes,No,No,Yes,Yes,No internet,Yes,No,No internet,One year,No,Mailed check,68.4,34.62,No
CUST01534,Male,0,No,No,14,Yes,No,DSL,No,Yes,No,Yes,Yes,Yes,Two year,Yes,Mailed check,38.23,498.47,No
CUST01535,Female,0,No,No,41,Yes,No,Fiber optic,No,Yes,Yes,No internet,No,Yes,One year,Yes,Mailed check,62.8,2540.1,No
CUST01536,Male,0,Yes,No,5,Yes,Yes,DSL,No,No,Yes,No,No,Yes,Month-to-month,No,Electronic check,57.04,478.06,Yes
CUST01537,Female,1,No,No,2,Yes,Yes,Fiber optic,No,No internet,Yes,No internet,Yes,No,Month-to-month,No,Bank transfer,65.41,0.0,Yes
CUST01538,Female,0,No,No,9,Yes,Yes,No,No internet,No,No internet,No,No internet,Yes,Month-to-month,Yes,Electronic check,60.25,525.07,Yes
CUST01539,Male,1,Yes,Yes,11,Yes,Yes,DSL,Yes,Yes,Yes,No,No,No internet,Month-to-month,Yes,Mailed check,83.46,970.87,Yes
CUST01540,Male,0,No,No,8,Yes,No,Fiber optic,No,No,No,No internet,No,No,Two year,Yes,Electronic check,58.06,572.97,No
CUST01541,Male,0,Yes,No,3,Yes,No,No,No,No internet,No,Yes,No,No,Month-to-month,No,Bank transfer,53.87,129.08,No
CUST01542,Female,0,No,Yes,6,No,Yes,Fiber optic,No internet,Yes,No,Yes,Yes,No,One year,No,Bank transfer,76.0,582.94,No
CUST01543,Male,0,Yes,No,27,Yes,Yes,Fiber optic,No internet,No internet,Yes,No,No,Yes,One year,Yes,Bank transfer,62.31,1598.9,No
CUST01544,Female,0,No,No,11,No,No,DSL,No,Yes,Yes,No,No internet,No,Two year,Yes,Credit card,53.77,545.26,No
CUST01545,Female,0,Yes,Yes,24,Yes,Yes,DSL,No,Yes,No internet,Yes,Yes,Yes,One year,No,Bank transfer,68.72,1471.86,No
CUST01546,Female,0,Yes,Yes,18,Yes,Yes,Fiber optic,No internet,No,No,No,Yes,No,One year,Yes,Electronic check,89.01,1684.61,No
CUST01547,Male,0,No,No,19,Yes,Yes,No,Yes,Yes,Yes,No,No,No internet,Month-to-month,No,Electronic check,49.18,844.59,No
CUST01548,Male,0,No,No,6,Yes,Yes,Fiber optic,No,No internet,No,Yes,Yes,No internet,One year,No,Credit card,27.26,143.08,No
CUST01549,Female,0,Yes,No,17,No,No phone service,No,Yes,No internet,No,Yes,Yes,No,Month-to-month,Yes,Credit card,58.35,1138.3,Yes
CUST01550,Male,0,Yes,Yes,0,Yes,No phone service,Fiber optic,No internet,No,Yes,No internet,No internet,No,Two year,No,Bank transfer,70.96,0.0,No
CUST01551,Male,0,Yes,Yes,13,Yes,No,No,No,Yes,No internet,No internet,Yes,No,Month-to-month,Yes,Bank transfer,65.27,965.36,Yes
CUST01552,Male,0,No,No,20,Yes,Yes,No,No,Yes,No,No,Yes,No,Month-to-month,No,Electronic check,52.28,1150.71,Yes
CUST01553,Female,0,No,No,4,Yes,No,DSL,No,No,No,Yes,Yes,Yes,Month-to-month,Yes,Credit card,52.1,,Yes
CUST01554,Female,0,No,No,7,No,Yes,Fiber optic,No internet,Yes,Yes,No,No,No,Two year,Yes,Electronic check,38.75,265.49,Yes
CUST01555,Male,0,Yes,No,5,Yes,Yes,DSL,No internet,No,No,Yes,Yes,Yes,One year,Yes,Mailed check,25.76,67.97,No
CUST01556,Female,0,No,No,1,No,Yes,Fiber optic,Yes,Yes,Yes,No,No internet,Yes,Month-to-month,No,Mailed check,46.23,36.45,Yes
CUST01557,Male,0,Yes,Yes,10,Yes,Yes,Fiber optic,No,No,Yes,Yes,No,No internet,Month-to-month,Yes,Mailed check,40.07,336.39,Yes
CUST01558,Male,0,Yes,Yes,72,Yes,Yes,Fiber optic,No,Yes,Yes,No internet,No,No,Month-to-month,Yes,Mailed check,81.31,6016.8,Yes
CUST01559,Male,0,No,No,10,Yes,No,Fiber optic,Yes,Yes,No,Yes,Yes,Yes,Month-to-month,Yes,Mailed check,32.68,340.29,Yes
CUST01560,Male,1,No,No,14,Yes,Yes,DSL,No,No,No,No,No,Yes,Month-to-month,Yes,Mailed check,92.83,1401.01,Yes
CUST01561,Female,1,No,No,25,Yes,Yes,DSL,No internet,No,Yes,No,Yes,No,Month-to-month,No,Mailed check,86.72,2098.32,Yes
CUST01562,Female,0,No,No,25,Yes,No,DSL,No,No,No,No,No,No internet,One year,Yes,Electronic check,54.51,1498.55,No
CUST01563,Female,0,No,No,71,Yes,No,DSL,Yes,Yes,Yes,No,No,No internet,Month-to-month,No,Bank transfer,86.19,6207.16,No
CUST01564,Male,0,No,Yes,46,Yes,Yes,Fiber optic,No internet,Yes,No internet,No,No,No,Two year,No,Credit card,88.93,4137.38,No
CUST01565,Male,0,Yes,Yes,37,Yes,No,Fiber optic,No internet,Yes,No,No,Yes,Yes,Month-to-month,No,Mailed check,73.12,2766.09,No
CUST01566,Male,0,Yes,Yes,72,No,No,DSL,No,No,No,Yes,Yes,Yes,One year,No,Bank transfer,80.79,5822.18,No
CUST01567,Female,0,No,Yes,6,Yes,Yes,No,No,Yes,Yes,No,No internet,No,One year,Yes,Mailed check,60.07,434.72,Yes
CUST01568,Male,1,No,No,23,Yes,No phone service,Fiber optic,No,No internet,No internet,Yes,No internet,No internet,Month-to-month,Yes,Electronic check,67.55,1630.17,Yes
CUST01569,Female,0,Yes,Yes,52,Yes,Yes,Fiber optic,Yes,No internet,No internet,Yes,No internet,Yes,Month-to-month,No,Mailed check,73.85,3899.82,No
CUST01570,Female,0,Yes,Yes,23,Yes,No,No,No,No internet,No,Yes,Yes,No,Month-to-month,No,Electronic check,87.71,2078.75,No
CUST01571,Female,0,Yes,No,72,Yes,Yes,No,Yes,No internet,Yes,No,Yes,No,Month-to-month,Yes,Bank transfer,92.41,6672.64,Yes
CUST01572,Female,0,Yes,No,2,Yes,Yes,DSL,No,No,No,No,No internet,No internet,Month-to-month,No,Mailed check,49.82,0.0,Yes
CUST01573,Female,0,No,No,13,No,Yes,Fiber optic,No,No internet,Yes,No internet,No,No,Month-to-month,No,Electronic check,41.57,525.4,Yes
CUST01574,Female,1,Yes,No,72,Yes,No,No,No,No,No,No,No,No internet,Month-to-month,No,Mailed check,104.12,7416.61,Yes
CUST01575,Male,0,No,No,11,Yes,Yes,DSL,No,Yes,No internet,No,No,Yes,Month-to-month,No,Credit card,71.04,648.56,Yes
CUST01576,Male,0,Yes,No,32,Yes,No phone service,DSL,No internet,No,No,Yes,No internet,No,Month-to-month,No,Mailed check,83.31,2705.51,No
CUST01577,Female,0,No,Yes,0,Yes,No,Fiber optic,No internet,No,Yes,No,Yes,No,Month-to-month,No,Credit card,88.48,165.1,Yes
CUST01578,Female,0,Yes,Yes,28,No,No phone service,Fiber optic,Yes,Yes,No,Yes,Yes,No internet,Month-to-month,Yes,Credit card,49.3,1154.15,No
CUST01579,Male,0,No,No,65,Yes,Yes,DSL,No,No internet,No internet,Yes,No,Yes,One year,No,Bank transfer,52.46,3317.65,No
CUST01580,Female,0,No,No,11,Yes,Yes,DSL,No,No internet,Yes,No,No,No internet,One year,Yes,Credit card,70.48,773.34,No
CUST01581,Female,0,No,No,0,No,Yes,Fiber optic,No,No,No internet,No,No,No internet,Two year,Yes,Mailed check,32.01,49.0,No
CUST01582,Male,0,Yes,Yes,0,Yes,No,No,Yes,No,Yes,No,Yes,No,Month-to-month,No,Mailed check,32.64,0.0,Yes
CUST01583,Female,0,Yes,No,53,Yes,Yes,Fiber optic,No,No,No,No internet,No,No internet,Month-to-month,No,Credit card,84.86,4551.17,Yes
CUST01584,Female,0,Yes,No,30,Yes,No phone service,No,Yes,No,No,No,No,No internet,Month-to-month,No,Mailed check,69.7,2213.99,No
CUST01585,Female,0,Yes,No,2,No,Yes,DSL,Yes,Yes,No,No,Yes,Yes,Month-to-month,Yes,Electronic check,41.39,110.27,Yes
CUST01586,Male,0,No,Yes,1,Yes,No,DSL,No,No,No,No internet,No,Yes,One year,Yes,Electronic check,38.17,78.4,Yes
CUST01587,Male,0,No,No,39,Yes,Yes,Fiber optic,No,Yes,No,No,No,No internet,Month-to-month,Yes,Bank transfer,69.98,2572.25,Yes
CUST01588,Male,0,No,No,39,Yes,No,DSL,Yes,Yes,No,No,No internet,Yes,Two year,Yes,Mailed check,62.3,2205.57,No
CUST01589,Female,0,No,No,3,No,No phone service,DSL,Yes,No internet,Yes,No,No,No,One year,No,Electronic check,53.36,100.69,No
CUST01590,Female,0,Yes,Yes,8,Yes,No,DSL,No,Yes,No,No internet,No,Yes,Two year,Yes,Credit card,39.01,318.26,No
CUST01591,Male,0,Yes,No,36,Yes,No phone service,DSL,No,No internet,No internet,No,No internet,No,Month-to-month,Yes,Mailed check,54.83,1997.8,No
CUST01592,Female,0,Yes,Yes,17,Yes,No,Fiber optic,Yes,No internet,Yes,Yes,No,No internet,Month-to-month,Yes,Mailed check,35.3,622.52,Yes
CUST01593,Female,0,No,Yes,72,No,No phone service,No,No,Yes,Yes,No internet,Yes,Yes,Month-to-month,No,Electronic check,91.49,6530.05,No
CUST01594,Female,0,No,No,15,No,No,DSL,No internet,No internet,No,No,No,No,Month-to-month,Yes,Electronic check,47.79,751.58,Yes
CUST01595,Female,0,Yes,Yes,27,Yes,No,Fiber optic,No,No,No,No,No,Yes,Two year,No,Electronic check,74.43,2004.06,No
CUST01596,Female,1,Yes,No,17,Yes,No,No,No,Yes,Yes,No,No internet,Yes,Month-to-month,Yes,Mailed check,35.48,613.81,Yes
CUST01597,Male,0,No,No,68,Yes,No,DSL,No,No,No,Yes,Yes,No,One year,Yes,Bank transfer,63.21,4313.93,No
CUST01598,Female,0,No,Yes,12,Yes,No,No,No,No internet,No,No,No,Yes,Month-to-month,No,Bank transfer,53.38,583.35,No
CUST01599,Male,0,No,No,6,Yes,No,No,No internet,No,No internet,Yes,No,No,Month-to-month,Yes,Electronic check,42.84,216.98,Yes
CUST01600,Female,0,Yes,No,9,Yes,Yes,DSL,Yes,No,No,No internet,Yes,No internet,Month-to-month,No,Credit card,38.29,535.7,Yes
CUST01601,Male,0,Yes,Yes,45,No,No,No,No internet,Yes,No internet,No,Yes,No internet,Month-to-month,No,Electronic check,68.3,3150.06,No
CUST01602,Female,0,No,No,16,Yes,Yes,No,Yes,No,No,No internet,No,No internet,One year,No,Electronic check,53.71,834.84,No
CUST01603,Male,0,No,No,10,Yes,No,DSL,Yes,Yes,No,Yes,No,Yes,Two year,No,Credit card,68.06,691.32,No
CUST01604,Female,0,Yes,No,18,Yes,No,No,No,Yes,No,No,Yes,Yes,One year,No,Electronic check,62.99,1100.9,No
CUST01605,Male,0,No,Yes,3,Yes,No,Fiber optic,Yes,No,No internet,Yes,Yes,No internet,Month-to-month,Yes,Bank transfer,68.39,222.14,Yes
CUST01606,Female,0,No,No,0,Yes,No,No,No,No,No,Yes,No internet,No,Month-to-month,Yes,Electronic check,73.03,,Yes
CUST01607,Male,0,Yes,Yes,7,Yes,No,Fiber optic,No,Yes,No,No,Yes,Yes,Two year,Yes,Electronic check,43.99,245.05,Yes
CUST01608,Female,0,Yes,No,22,Yes,Yes,Fiber optic,No,No,Yes,No,Yes,No,Month-to-month,No,Bank transfer,77.54,1742.42,No
CUST01609,Male,1,Yes,No,29,Yes,No,Fiber optic,Yes,Yes,No,No,No,No,Two year,No,Electronic check,87.61,2559.91,Yes
CUST01610,Male,1,Yes,No,42,Yes,Yes,Fiber optic,No,No,No internet,Yes,Yes,No,Month-to-month,Yes,Electronic check,80.38,3321.18,Yes
CUST01611,Female,1,No,No,62,Yes,No,Fiber optic,Yes,No,No,Yes,Yes,No,Month-to-month,Yes,Mailed check,98.88,6212.49,Yes
CUST01612,Female,0,Yes,No,12,Yes,No,No,No internet,No,No internet,No,No,Yes,Month-to-month,Yes,Electronic check,58.9,643.7,No
CUST01613,Male,0,No,No,32,No,Yes,Fiber optic,No internet,No,No internet,No,No,No,Two year,No,Credit card,65.13,1986.86,No
CUST01614,Female,0,No,No,1,Yes,No phone service,No,No internet,Yes,No,No,No internet,No internet,Month-to-month,Yes,Credit card,54.38,135.06,Yes
CUST01615,Male,0,Yes,No,1,Yes,Yes,Fiber optic,No internet,No,Yes,Yes,No internet,Yes,Month-to-month,No,Bank transfer,55.39,0.0,Yes
CUST01616,Male,0,Yes,Yes,3,Yes,Yes,No,No,No internet,Yes,Yes,No,No,Month-to-month,No,Electronic check,66.81,254.61,Yes
CUST01617,Male,0,No,Yes,14,Yes,Yes,DSL,No internet,No internet,No,No,Yes,No,One year,No,Mailed check,41.35,758.41,No
CUST01618,Female,0,No,No,5,Yes,No phone service,DSL,No,No,Yes,No,No,No internet,Month-to-month,Yes,Bank transfer,63.93,,Yes
CUST01619,Male,0,No,No,8,Yes,No,Fiber optic,No,No internet,Yes,No,No,No,Two year,No,Electronic check,36.73,242.06,No
CUST01620,Male,0,Yes,Yes,25,Yes,No phone service,Fiber optic,No,No,Yes,No,Yes,No internet,Two year,No,Electronic check,61.24,1466.34,No
CUST01621,Female,1,Yes,Yes,10,Yes,Yes,No,No,Yes,No,No internet,No,No,Two year,Yes,Credit card,68.92,783.79,No
CUST01622,Female,0,No,Yes,19,Yes,Yes,DSL,No,No,No internet,No,Yes,No internet,Month-to-month,Yes,Mailed check,21.82,437.35,Yes
CUST01623,Female,0,No,No,12,No,No,Fiber optic,No,No internet,Yes,No internet,Yes,Yes,One year,No,Bank transfer,51.63,456.62,No
CUST01624,Female,1,Yes,No,4,Yes,No,DSL,No,No,No,No,No internet,No,Month-to-month,No,Electronic check,68.69,340.44,Yes
CUST01625,Male,0,No,No,1,Yes,No,No,No,Yes,No,Yes,No,No,One year,Yes,Bank transfer,48.86,26.6,No
CUST01626,Male,0,Yes,No,6,Yes,No,DSL,Yes,No internet,No,Yes,Yes,No,Two year,Yes,Electronic check,39.23,247.45,No
CUST01627,Male,0,No,No,1,Yes,Yes,Fiber optic,No,No,No,No,No,No internet,Month-to-month,Yes,Credit card,61.37,79.65,Yes
CUST01628,Male,0,No,No,23,Yes,Yes,Fiber optic,No,Yes,No,Yes,Yes,Yes,Two year,No,Electronic check,49.63,1174.28,No
CUST01629,Female,1,Yes,Yes,38,Yes,Yes,DSL,No,No,No,No,Yes,No,Two year,No,Credit card,82.12,3332.84,No
CUST01630,Male,0,No,Yes,9,Yes,Yes,Fiber optic,Yes,Yes,No internet,No,No internet,No internet,Month-to-month,Yes,Mailed check,52.84,631.07,Yes
CUST01631,Male,0,Yes,No,11,Yes,No phone service,No,No,Yes,Yes,No,No,No,One year,Yes,Bank transfer,54.22,450.08,No
CUST01632,Female,0,Yes,No,40,Yes,No phone service,DSL,Yes,Yes,No internet,No,No,No internet,Month-to-month,No,Credit card,72.53,2950.03,No
CUST01633,Male,0,Yes,No,6,Yes,No,No,No,Yes,No,No internet,No internet,No,Month-to-month,No,Electronic check,43.71,105.75,Yes
CUST01634,Male,1,Yes,No,3,Yes,Yes,DSL,No,No,No,No,No,Yes,Month-to-month,No,Electronic check,75.09,358.37,Yes
CUST01635,Male,0,Yes,No,16,Yes,Yes,DSL,No,Yes,Yes,No,Yes,No,Two year,No,Credit card,45.81,846.85,No
CUST01636,Male,0,No,Yes,24,Yes,No,Fiber optic,Yes,No internet,No internet,No,Yes,Yes,Month-to-month,Yes,Mailed check,74.57,1717.62,Yes
CUST01637,Male,0,No,Yes,21,Yes,No,Fiber optic,Yes,No,Yes,Yes,Yes,No,One year,No,Bank transfer,54.93,1140.27,No
CUST01638,Male,0,Yes,No,30,Yes,No phone service,Fiber optic,No,No,No,Yes,No,No internet,One year,Yes,Electronic check,35.17,1142.67,No
CUST01639,Female,1,No,No,1,Yes,No,DSL,No,Yes,No internet,No,No,Yes,Two year,No,Bank transfer,48.78,30.95,No
CUST01640,Female,0,No,No,13,Yes,Yes,Fiber optic,Yes,No internet,No,No internet,No,No,One year,No,Electronic check,76.13,933.93,No
CUST01641,Male,0,No,No,6,Yes,No phone service,DSL,Yes,No,No,No internet,No,No,Month-to-month,No,Bank transfer,70.37,426.68,Yes
CUST01642,Male,0,No,No,34,Yes,Yes,No,Yes,No,No,No,Yes,Yes,One year,No,Electronic check,37.68,1421.34,No
CUST01643,Female,0,Yes,No,49,No,No,Fiber optic,No internet,Yes,No,No,Yes,No internet,Month-to-month,Yes,Mailed check,63.4,2954.08,Yes
CUST01644,Male,0,Yes,Yes,7,Yes,No,Fiber optic,No,Yes,No,No internet,No internet,No,One year,Yes,Electronic check,24.37,85.67,Yes
CUST01645,Male,1,No,Yes,2,Yes,No,No,No internet,No internet,No,No internet,No internet,No internet,Month-to-month,Yes,Bank transfer,62.5,65.24,Yes
CUST01646,Male,0,Yes,Yes,7,Yes,No,Fiber optic,No,No,No,No,No internet,Yes,Month-to-month,No,Electronic check,43.33,489.76,Yes
CUST01647,Female,1,Yes,No,2,Yes,No,Fiber optic,No internet,No internet,Yes,No,Yes,No,Two year,No,Mailed check,66.32,267.81,No
CUST01648,Male,0,Yes,Yes,9,Yes,No,No,No,No internet,No,Yes,Yes,Yes,Month-to-month,No,Bank transfer,64.61,492.63,Yes
CUST01649,Female,0,Yes,No,18,No,No,DSL,No,Yes,No,Yes,Yes,Yes,Month-to-month,No,Electronic check,81.68,1461.37,Yes
CUST01650,Male,0,Yes,No,72,Yes,Yes,Fiber optic,No,No internet,No,No,No,Yes,Month-to-month,Yes,Credit card,111.87,8142.19,Yes
CUST01651,Female,0,Yes,No,12,Yes,No,DSL,Yes,No internet,Yes,No,No internet,No,Month-to-month,Yes,Bank transfer,84.85,1099.74,Yes
CUST01652,Female,1,Yes,Yes,5,No,No phone service,DSL,Yes,No internet,No internet,Yes,No,No internet,Month-to-month,Yes,Bank transfer,76.44,396.12,Yes
CUST01653,Male,0,No,Yes,4,Yes,No,DSL,Yes,No,No,Yes,No,No internet,One year,No,Electronic check,49.79,203.17,No
CUST01654,Female,0,No,No,4,Yes,No phone service,No,No,Yes,Yes,No,No internet,No,Two year,No,Bank transfer,24.71,296.1,No
CUST01655,Male,0,Yes,Yes,5,Yes,Yes,Fiber optic,No,Yes,No,No internet,Yes,No,Month-to-month,Yes,Electronic check,40.59,189.15,Yes
CUST01656,Female,0,Yes,Yes,34,Yes,No,DSL,No,Yes,Yes,No,No,No,Month-to-month,No,Credit card,46.64,1426.69,Yes
CUST01657,Male,0,Yes,Yes,1,Yes,Yes,DSL,No internet,No internet,Yes,No,No internet,Yes,One year,Yes,Electronic check,57.39,73.98,No
CUST01658,Male,0,Yes,Yes,72,Yes,No,Fiber optic,No internet,No internet,No,Yes,No,No,Month-to-month,Yes,Electronic check,117.26,8472.73,Yes
CUST01659,Female,0,Yes,Yes,17,Yes,No,Fiber optic,No internet,No,Yes,No internet,No,No,Two year,Yes,Electronic check,45.1,756.29,No
CUST01660,Male,0,Yes,No,18,Yes,No,Fiber optic,No,No,No,No internet,No,No,Month-to-month,Yes,Credit card,36.75,536.54,Yes
CUST01661,Male,0,No,No,10,Yes,No,Fiber optic,No,No,No,No,No internet,Yes,Month-to-month,No,Bank transfer,39.56,433.77,Yes
CUST01662,Female,0,No,No,28,Yes,Yes,Fiber optic,No,No,No,No,No,Yes,Month-to-month,Yes,Electronic check,90.47,2435.91,Yes
CUST01663,Male,0,Yes,Yes,15,Yes,No phone service,No,No,No,Yes,No,No internet,No,Two year,Yes,Credit card,76.43,1146.55,No
CUST01664,Male,0,Yes,No,9,Yes,Yes,Fiber optic,No,Yes,No,No internet,Yes,Yes,One year,No,Electronic check,70.54,587.48,No
CUST01665,Female,1,No,No,7,Yes,No,No,No,No,No,No,Yes,No,Month-to-month,No,Bank transfer,43.31,403.21,Yes
CUST01666,Female,0,No,Yes,62,Yes,No,DSL,Yes,Yes,No internet,No,Yes,No,Month-to-month,No,Bank transfer,94.87,5725.91,Yes
CUST01667,Male,0,No,No,8,Yes,No,DSL,No,Yes,No,Yes,Yes,No,Two year,Yes,Credit card,54.84,322.54,No
CUST01668,Male,0,No,Yes,13,Yes,No,DSL,No,No,No internet,Yes,No,Yes,Two year,Yes,Mailed check,69.35,908.37,No
CUST01669,Female,0,Yes,No,10,Yes,No,DSL,No,No,No internet,No,No,No internet,Month-to-month,Yes,Mailed check,39.04,390.9,Yes
CUST01670,Female,0,Yes,No,2,Yes,Yes,No,Yes,No,No,No internet,No,No,Two year,Yes,Bank transfer,50.62,77.94,No
CUST01671,Male,0,No,No,4,Yes,Yes,Fiber optic,Yes,No,Yes,No,No,Yes,One year,No,Mailed check,43.17,207.17,No
CUST01672,Female,0,Yes,Yes,5,Yes,Yes,Fiber optic,No,Yes,No internet,No,Yes,Yes,Month-to-month,Yes,Electronic check,62.85,332.76,Yes
CUST01673,Male,0,No,No,28,Yes,No,Fiber optic,Yes,No internet,No internet,No,No internet,Yes,Month-to-month,Yes,Bank transfer,97.03,2806.39,Yes
CUST01674,Male,0,No,Yes,12,Yes,No,Fiber optic,No,No,No internet,No internet,Yes,No,Two year,No,Bank transfer,36.47,453.16,No
CUST01675,Male,0,No,No,36,Yes,No,DSL,No internet,No internet,No internet,No internet,No internet,No internet,Month-to-month,No,Mailed check,64.84,2508.72,Yes
CUST01676,Male,1,Yes,No,29,Yes,No,Fiber optic,No,No internet,Yes,No internet,No,No,One year,Yes,Electronic check,90.07,2503.4,No
CUST01677,Male,0,No,Yes,5,Yes,No,Fiber optic,No,Yes,Yes,Yes,Yes,No,Month-to-month,Yes,Electronic check,46.35,393.26,Yes
CUST01678,Female,0,Yes,No,19,Yes,Yes,No,No,No internet,No,No,No,No,Two year,Yes,Bank transfer,47.15,898.71,No
CUST01679,Female,1,Yes,No,32,Yes,No,Fiber optic,No,No internet,No,No,No internet,No,Month-to-month,Yes,Bank transfer,77.44,2295.93,Yes
CUST01680,Female,0,Yes,No,24,Yes,No,No,No,Yes,No internet,Yes,No internet,No internet,Month-to-month,Yes,Credit card,55.96,1101.59,No
CUST01681,Female,0,No,Yes,21,Yes,Yes,Fiber optic,No internet,Yes,Yes,No,Yes,No internet,Month-to-month,Yes,Bank transfer,86.77,1765.39,Yes
CUST01682,Male,0,No,No,32,Yes,No,DSL,No,No internet,No,Yes,No,No internet,Month-to-month,Yes,Bank transfer,70.8,2333.91,No
CUST01683,Male,1,Yes,No,1,Yes,No,Fiber optic,No,Yes,No internet,No,Yes,Yes,Month-to-month,Yes,Electronic check,68.0,159.01,Yes
CUST01684,Male,0,Yes,No,31,Yes,Yes,No,No,No internet,Yes,No,Yes,No internet,Month-to-month,Yes,Electronic check,52.52,1538.42,No
CUST01685,Male,1,No,No,7,Yes,Yes,Fiber optic,No,Yes,Yes,Yes,No,No,Two year,No,Bank transfer,65.56,395.76,No
CUST01686,Female,0,No,No,20,Yes,Yes,DSL,No,No,No,Yes,Yes,No,One year,Yes,Electronic check,59.02,1300.55,No
CUST01687,Male,0,No,No,6,Yes,No,DSL,No,No,Yes,No,No internet,No,One year,No,Credit card,63.29,221.22,No
CUST01688,Male,1,Yes,Yes,43,Yes,Yes,DSL,Yes,No internet,Yes,No internet,No,No,Month-to-month,Yes,Credit card,91.47,3854.96,Yes
CUST01689,Female,0,Yes,No,15,Yes,Yes,Fiber optic,Yes,No,No,Yes,No,No,Month-to-month,No,Mailed check,49.06,801.96,No
CUST01690,Female,0,No,No,24,Yes,Yes,No,No,Yes,Yes,No internet,Yes,No,Month-to-month,Yes,Mailed check,63.94,1458.11,Yes
CUST01691,Female,0,Yes,No,37,Yes,Yes,Fiber optic,No internet,No,No,No,Yes,No internet,Two year,Yes,Mailed check,83.11,3108.13,Yes
CUST01692,Female,0,No,No,54,Yes,No,Fiber optic,No internet,No,Yes,No,Yes,No,Month-to-month,No,Bank transfer,67.7,3627.04,Yes
CUST01693,Male,1,No,Yes,31,Yes,No,Fiber optic,No,No,No internet,Yes,No,Yes,One year,No,Bank transfer,104.08,3167.41,No
CUST01694,Male,0,Yes,No,3,Yes,Yes,Fiber optic,Yes,No,No,No internet,Yes,Yes,Month-to-month,No,Electronic check,33.91,4.78,Yes
CUST01695,Female,0,Yes,No,46,Yes,No,DSL,No internet,Yes,No internet,No,Yes,Yes,Two year,No,Credit card,69.14,3126.08,No
CUST01696,Male,0,No,Yes,23,Yes,Yes,No,No,No,Yes,No,Yes,No,Month-to-month,Yes,Bank transfer,48.03,1333.53,Yes
CUST01697,Male,0,Yes,No,22,Yes,Yes,DSL,Yes,Yes,Yes,No,Yes,Yes,Month-to-month,Yes,Electronic check,68.64,1446.71,Yes
CUST01698,Male,0,Yes,No,61,No,Yes,DSL,No internet,No internet,No,No,No internet,No,One year,Yes,Electronic check,80.67,4941.64,No
CUST01699,Female,0,No,Yes,6,Yes,No,DSL,No,Yes,Yes,No internet,No,No internet,Two year,Yes,Mailed check,32.83,240.35,No
CUST01700,Male,0,Yes,Yes,6,Yes,Yes,DSL,No internet,No,No internet,Yes,No,No internet,One year,No,Electronic check,84.25,773.63,No
CUST01701,Female,1,No,No,17,Yes,No,Fiber optic,Yes,No internet,Yes,No,No internet,Yes,Month-to-month,Yes,Electronic check,59.75,1170.65,Yes
CUST01702,Male,0,Yes,No,33,Yes,Yes,DSL,No internet,No internet,Yes,No,Yes,Yes,Month-to-month,No,Electronic check,36.89,1048.54,No
CUST01703,Male,0,No,Yes,14,Yes,Yes,Fiber optic,No,No,No internet,Yes,No,Yes,Two year,Yes,Credit card,60.55,906.97,No
CUST01704,Male,1,Yes,No,24,Yes,No,Fiber optic,Yes,No,No,No,Yes,Yes,Month-to-month,Yes,Electronic check,73.9,1852.14,Yes
CUST01705,Female,0,Yes,No,14,Yes,No,Fiber optic,No,No,Yes,No,No,No,Month-to-month,Yes,Mailed check,47.55,791.12,Yes
CUST01706,Male,0,No,No,22,Yes,Yes,DSL,No,No internet,No,Yes,Yes,No,Two year,Yes,Electronic check,48.41,915.97,No
CUST01707,Female,0,No,No,41,Yes,Yes,No,Yes,Yes,No,Yes,No,Yes,Two year,No,Bank transfer,70.17,2870.88,No
CUST01708,Female,1,Yes,No,4,No,No,Fiber optic,No,Yes,No,Yes,No,Yes,One year,No,Bank transfer,46.21,148.34,No
CUST01709,Female,0,Yes,No,28,Yes,Yes,DSL,No,No,Yes,No,Yes,Yes,Two year,Yes,Credit card,76.82,2193.27,No
CUST01710,Male,1,No,Yes,37,Yes,Yes,No,No,No,No internet,Yes,No,No,Month-to-month,No,Bank transfer,90.08,3292.37,Yes
CUST01711,Male,0,Yes,No,14,Yes,Yes,DSL,No,Yes,Yes,No internet,No,Yes,Month-to-month,No,Bank transfer,58.07,778.16,No
CUST01712,Male,0,No,No,9,Yes,No,Fiber optic,No,No,No,No internet,Yes,No,One year,No,Mailed check,37.14,193.43,Yes
CUST01713,Male,0,No,Yes,0,Yes,Yes,Fiber optic,Yes,Yes,No internet,Yes,No internet,No,One year,Yes,Bank transfer,33.12,74.84,Yes
CUST01714,Female,0,No,No,38,Yes,No,DSL,Yes,Yes,Yes,Yes,Yes,No,Two year,Yes,Electronic check,74.39,2811.5,No
CUST01715,Female,0,Yes,Yes,9,Yes,No,No,No,No internet,Yes,Yes,Yes,No,Two year,Yes,Bank transfer,60.83,518.36,No
CUST01716,Female,0,Yes,No,10,Yes,No phone service,DSL,Yes,No,No internet,No,No,No,Month-to-month,Yes,Electronic check,55.35,522.96,Yes
CUST01717,Male,0,No,No,9,Yes,No phone service,Fiber optic,No,Yes,No,No internet,Yes,Yes,Month-to-month,Yes,Credit card,62.44,521.02,Yes
CUST01718,Female,0,Yes,No,16,Yes,No phone service,DSL,No,No internet,No,Yes,No internet,No,Month-to-month,Yes,Mailed check,65.94,1145.5,Yes
CUST01719,Male,0,Yes,Yes,29,Yes,No,Fiber optic,No internet,Yes,No,Yes,No,No internet,One year,No,Mailed check,64.82,1930.61,No
CUST01720,Female,0,Yes,Yes,35,Yes,Yes,No,Yes,Yes,Yes,No,No,No,Month-to-month,Yes,Bank transfer,68.7,2203.11,No
CUST01721,Male,0,Yes,No,11,No,Yes,Fiber optic,No,No internet,No,No internet,Yes,No internet,Two year,No,Bank transfer,31.1,192.1,No
CUST01722,Male,0,Yes,No,26,No,Yes,DSL,No,Yes,Yes,No internet,No internet,No internet,Month-to-month,No,Mailed check,63.49,1465.09,No
CUST01723,Female,0,Yes,No,30,Yes,No,Fiber optic,No,No internet,Yes,No,No,No internet,Month-to-month,No,Mailed check,62.65,1635.61,No
CUST01724,Female,0,No,Yes,8,Yes,No,Fiber optic,Yes,No,No,No internet,No,No internet,Month-to-month,Yes,Electronic check,41.84,448.05,Yes
CUST01725,Female,0,Yes,Yes,2,Yes,No phone service,Fiber optic,No,No,No,No,Yes,No,One year,Yes,Electronic check,59.83,189.32,No
CUST01726,Female,0,Yes,No,54,Yes,No phone service,No,No internet,No,No,No,No,No internet,Month-to-month,Yes,Electronic check,76.05,4261.31,Yes
CUST01727,Male,1,Yes,No,27,Yes,Yes,No,Yes,No,Yes,No,No,No,One year,Yes,Electronic check,77.88,2068.57,No
CUST01728,Female,0,No,Yes,25,Yes,No,DSL,No internet,No internet,No,Yes,No,Yes,Month-to-month,No,Credit card,32.79,913.34,No
CUST01729,Female,0,Yes,No,1,Yes,Yes,No,No,Yes,No,No,No internet,Yes,Month-to-month,Yes,Bank transfer,47.84,100.3,Yes
CUST01730,Female,0,No,No,40,Yes,No,No,No internet,No internet,No,No,No internet,No,Month-to-month,Yes,Electronic check,79.64,2989.42,No
CUST01731,Male,0,No,Yes,20,Yes,No,DSL,No internet,No internet,No internet,No,Yes,No,One year,Yes,Electronic check,54.29,1197.92,No
CUST01732,Male,0,Yes,No,45,No,No phone service,DSL,Yes,No,No,Yes,Yes,Yes,Month-to-month,Yes,Mailed check,69.87,3096.67,Yes
CUST01733,Female,0,Yes,No,72,Yes,No,DSL,No,Yes,No,No,No,No,Two year,No,Mailed check,89.54,6490.33,No
CUST01734,Male,0,Yes,No,72,Yes,Yes,DSL,Yes,Yes,No,No internet,No,Yes,Month-to-month,No,Bank transfer,85.88,6134.22,Yes
CUST01735,Female,0,No,No,46,Yes,Yes,No,Yes,No,No,No internet,Yes,No internet,Month-to-month,Yes,Mailed check,92.7,4111.07,No
CUST01736,Male,0,No,No,0,No,No,Fiber optic,No,Yes,No internet,No,Yes,No,Month-to-month,Yes,Credit card,58.04,32.32,Yes
CUST01737,Male,0,No,Yes,52,Yes,No,Fiber optic,Yes,Yes,No,Yes,Yes,No,Month-to-month,No,Electronic check,82.97,4475.48,No
CUST01738,Male,0,Yes,No,1,Yes,No,DSL,No,No,No,No,Yes,No internet,One year,No,Mailed check,55.35,0.0,Yes
CUST01739,Male,0,No,No,45,Yes,No phone service,DSL,No,No,No,No,No,Yes,One year,No,Credit card,91.23,4126.47,No
CUST01740,Female,1,Yes,No,7,Yes,Yes,Fiber optic,No,No internet,No,No internet,Yes,No,Two year,Yes,Electronic check,70.02,615.78,No
CUST01741,Female,0,Yes,Yes,22,Yes,No,Fiber optic,No,No,No,No,Yes,Yes,Month-to-month,Yes,Mailed check,44.68,729.96,Yes
CUST01742,Female,0,No,No,0,Yes,No phone service,Fiber optic,No internet,Yes,Yes,No,Yes,Yes,Month-to-month,Yes,Electronic check,65.56,0.0,Yes
CUST01743,Male,1,No,No,35,Yes,No,DSL,No internet,Yes,Yes,No,No,Yes,Month-to-month,No,Mailed check,65.93,2307.18,No
CUST01744,Female,0,Yes,No,2,Yes,No,No,No,No,Yes,Yes,No internet,No internet,Month-to-month,No,Electronic check,59.6,73.3,Yes
CUST01745,Female,0,Yes,No,12,Yes,Yes,No,Yes,No,No,No,Yes,Yes,Month-to-month,Yes,Credit card,38.64,399.26,No
CUST01746,Female,0,Yes,No,40,Yes,Yes,Fiber optic,No,No,No,No internet,Yes,No,Two year,Yes,Credit card,45.08,1679.11,No
CUST01747,Male,1,Yes,Yes,28,Yes,Yes,Fiber optic,No,Yes,No,Yes,No internet,Yes,One year,No,Credit card,69.9,1965.06,No
CUST01748,Male,0,Yes,No,0,No,Yes,DSL,Yes,No internet,No internet,No,No,No,Two year,No,Mailed check,74.97,0.0,No
CUST01749,Male,0,No,No,12,Yes,No,DSL,No,Yes,Yes,No internet,No,No,Month-to-month,No,Credit card,41.02,365.16,No
CUST01750,Female,0,No,No,1,No,No phone service,Fiber optic,Yes,Yes,No internet,No,Yes,Yes,Month-to-month,No,Bank transfer,34.15,0.0,Yes
CUST01751,Female,1,No,No,26,Yes,Yes,Fiber optic,No,No,Yes,No,No,No,Month-to-month,Yes,Mailed check,62.33,1743.43,Yes
CUST01752,Female,0,No,No,72,Yes,Yes,DSL,No internet,No,Yes,Yes,No,Yes,Month-to-month,Yes,Electronic check,56.97,4019.88,Yes
CUST01753,Male,0,No,No,25,Yes,Yes,DSL,No internet,No,Yes,No,Yes,Yes,One year,No,Bank transfer,82.37,2105.58,No
CUST01754,Male,1,No,Yes,6,Yes,No,Fiber optic,No internet,Yes,No,No,No,No,Month-to-month,No,Bank transfer,91.11,487.55,Yes
CUST01755,Female,0,No,No,10,Yes,No phone service,DSL,Yes,Yes,No,No,No,Yes,Two year,Yes,Electronic check,52.41,357.82,No
CUST01756,Male,0,Yes,No,72,Yes,No,No,Yes,Yes,No internet,Yes,No internet,No,Two year,Yes,Mailed check,74.58,5291.44,No
CUST01757,Male,0,No,Yes,6,Yes,No,Fiber optic,Yes,No,No,No,Yes,Yes,Month-to-month,No,Credit card,45.82,216.6,Yes
CUST01758,Male,0,No,Yes,19,Yes,Yes,Fiber optic,No,No,Yes,Yes,No internet,No,One year,Yes,Electronic check,44.29,846.0,No
CUST01759,Male,1,No,Yes,12,Yes,Yes,DSL,Yes,No,Yes,No internet,No internet,No,One year,Yes,Electronic check,67.49,823.2,No
CUST01760,Female,0,No,No,35,Yes,No,No,No internet,No internet,No internet,No internet,Yes,No,Month-to-month,No,Credit card,80.79,2704.54,Yes
CUST01761,Male,0,Yes,No,48,Yes,No,Fiber optic,Yes,Yes,Yes,No,Yes,No,Two year,No,Electronic check,99.62,4917.13,No
CUST01762,Male,0,No,Yes,10,Yes,Yes,No,No,No,No internet,No internet,Yes,No internet,Month-to-month,No,Credit card,43.34,576.34,Yes
CUST01763,Male,0,Yes,Yes,25,Yes,Yes,DSL,No internet,Yes,Yes,No,Yes,Yes,One year,Yes,Bank transfer,49.07,1231.17,Yes
CUST01764,Male,1,No,No,19,Yes,Yes,DSL,No internet,No,Yes,No,No,No,Month-to-month,Yes,Mailed check,78.49,1522.21,No
CUST01765,Female,0,Yes,No,7,Yes,No,Fiber optic,No,No,Yes,No,Yes,Yes,Month-to-month,Yes,Electronic check,49.52,262.69,Yes
CUST01766,Female,0,Yes,Yes,7,Yes,No phone service,Fiber optic,No,No,Yes,No,No internet,No internet,Month-to-month,No,Electronic check,52.54,212.98,Yes
CUST01767,Male,0,Yes,No,18,Yes,Yes,DSL,No,Yes,No,No,No internet,Yes,Two year,No,Mailed check,54.73,979.39,No
CUST01768,Male,1,No,No,4,Yes,No,DSL,No,No,Yes,No,Yes,No,Month-to-month,Yes,Bank transfer,66.13,224.5,Yes
CUST01769,Male,0,Yes,No,39,Yes,Yes,DSL,No,No internet,No internet,No internet,No,No internet,Month-to-month,Yes,Mailed check,77.22,3171.14,Yes
CUST01770,Male,0,No,No,1,Yes,No phone service,Fiber optic,No,No internet,Yes,No internet,Yes,Yes,Month-to-month,Yes,Bank transfer,50.38,292.05,Yes
CUST01771,Male,0,Yes,No,2,Yes,Yes,DSL,No,Yes,No,No,No,No internet,Month-to-month,Yes,Bank transfer,40.22,0.0,Yes
CUST01772,Male,0,No,Yes,10,Yes,No,Fiber optic,No,No,No,No,Yes,Yes,One year,Yes,Bank transfer,70.58,718.3,Yes
CUST01773,Female,0,No,Yes,3,Yes,Yes,Fiber optic,Yes,Yes,Yes,No,No internet,No,Two year,No,Credit card,49.17,232.24,Yes
CUST01774,Male,0,Yes,No,15,Yes,No,Fiber optic,Yes,No,Yes,No internet,No internet,No,Two year,No,Bank transfer,78.85,,No
CUST01775,Female,0,Yes,No,12,Yes,Yes,DSL,No,No,No,Yes,No,No,One year,No,Credit card,40.3,523.51,No
CUST01776,Female,0,No,No,30,Yes,Yes,DSL,No,Yes,Yes,No,No internet,No internet,Two year,No,Electronic check,57.58,1856.37,No
CUST01777,Male,0,No,No,72,Yes,Yes,Fiber optic,No,No,No,No,No internet,No internet,One year,Yes,Bank transfer,65.09,4825.42,No
CUST01778,Female,1,No,Yes,33,Yes,No,DSL,No internet,No internet,No,Yes,Yes,Yes,Two year,No,Bank transfer,87.13,2910.02,No
CUST01779,Female,0,Yes,No,4,Yes,Yes,Fiber optic,No internet,Yes,No,No,Yes,Yes,Month-to-month,Yes,Credit card,58.24,456.83,Yes
CUST01780,Female,1,Yes,No,65,Yes,Yes,Fiber optic,Yes,No,No,No,Yes,Yes,Month-to-month,Yes,Mailed check,100.83,6639.92,Yes
CUST01781,Female,0,No,No,11,Yes,No,No,No internet,Yes,Yes,No,Yes,No,Two year,Yes,Electronic check,50.02,478.86,No
CUST01782,Female,0,Yes,No,15,Yes,No,Fiber optic,No,No internet,No,No,No internet,No,One year,No,Mailed check,69.11,1135.14,Yes
CUST01783,Female,1,Yes,No,13,Yes,Yes,DSL,No internet,Yes,Yes,Yes,Yes,Yes,Two year,Yes,Electronic check,74.84,901.29,No
CUST01784,Male,0,Yes,No,7,Yes,Yes,Fiber optic,No internet,Yes,Yes,Yes,Yes,No,Month-to-month,Yes,Electronic check,45.35,331.98,No
CUST01785,Female,0,No,No,54,Yes,No,No,No,Yes,Yes,No,Yes,No internet,Two year,Yes,Mailed check,105.74,5792.82,No
CUST01786,Female,1,No,No,9,Yes,No,No,Yes,No internet,Yes,No,No,No,One year,No,Credit card,64.99,522.12,No
CUST01787,Female,0,Yes,Yes,20,Yes,No,No,No,No,No,No internet,Yes,No internet,Month-to-month,Yes,Electronic check,62.96,1338.84,Yes
CUST01788,Male,0,Yes,No,6,Yes,Yes,No,No,No,No,No,No internet,Yes,Month-to-month,Yes,Electronic check,66.25,420.44,Yes
CUST01789,Female,0,Yes,No,38,Yes,No phone service,DSL,No,Yes,Yes,No,No internet,No internet,Month-to-month,No,Credit card,57.65,2073.72,No
CUST01790,Male,0,Yes,No,35,Yes,Yes,DSL,Yes,Yes,Yes,No,Yes,No,Two year,No,Electronic check,67.31,2177.37,No
CUST01791,Female,0,Yes,No,8,Yes,Yes,Fiber optic,No internet,No,Yes,No internet,Yes,No,One year,Yes,Credit card,43.73,175.89,No
CUST01792,Male,0,No,No,27,Yes,Yes,Fiber optic,No,Yes,No,No internet,Yes,Yes,Two year,Yes,Electronic check,45.21,1188.19,No
CUST01793,Male,0,Yes,No,29,Yes,No phone service,DSL,No internet,No internet,No internet,Yes,Yes,No,Month-to-month,No,Mailed check,72.59,2044.18,Yes
CUST01794,Female,0,Yes,No,19,Yes,No,DSL,No internet,No,No,No,No,No,Two year,Yes,Electronic check,20.32,554.1,No
CUST01795,Female,0,No,Yes,22,Yes,No,No,No internet,Yes,No internet,No internet,No,Yes,Month-to-month,Yes,Credit card,37.96,815.91,No
CUST01796,Male,0,Yes,No,20,Yes,Yes,No,No,Yes,Yes,No,Yes,Yes,Month-to-month,Yes,Credit card,71.27,1361.16,Yes
CUST01797,Female,0,No,No,2,Yes,No,DSL,No,Yes,Yes,No,No,No internet,Month-to-month,No,Credit card,28.23,75.69,Yes
CUST01798,Male,0,Yes,No,26,Yes,Yes,DSL,No,Yes,No internet,No internet,No,Yes,Two year,Yes,Electronic check,53.94,1411.3,No
CUST01799,Male,0,Yes,No,15,Yes,No phone service,No,No internet,Yes,No,Yes,No,No,Month-to-month,Yes,Credit card,61.39,863.9,Yes
CUST01800,Male,0,No,No,13,Yes,No,Fiber optic,No,No,No,Yes,No internet,No internet,Month-to-month,Yes,Credit card,64.07,836.22,Yes
CUST01801,Male,0,No,No,47,Yes,No,No,Yes,No internet,No internet,No internet,No internet,No internet,Month-to-month,No,Mailed check,81.16,3789.32,Yes
CUST01802,Male,0,Yes,No,0,Yes,Yes,Fiber optic,No,Yes,No,No,No,No,Month-to-month,No,Bank transfer,60.15,0.0,Yes
CUST01803,Female,1,No,Yes,6,Yes,No,Fiber optic,No,No internet,No,Yes,No,Yes,Two year,No,Credit card,47.05,232.97,No
CUST01804,Male,0,No,No,3,Yes,No,Fiber optic,No,No,No,No,No,No,Month-to-month,Yes,Mailed check,59.12,230.8,Yes
CUST01805,Male,0,Yes,No,0,Yes,No,No,Yes,No internet,No,No internet,No,No,One year,No,Electronic check,42.9,0.0,No
CUST01806,Female,0,Yes,No,7,Yes,No,DSL,No,No,No,Yes,Yes,No,Two year,Yes,Credit card,18.0,0.0,No
CUST01807,Male,0,No,Yes,72,Yes,Yes,Fiber optic,Yes,Yes,Yes,Yes,No internet,Yes,Month-to-month,Yes,Mailed check,110.63,7952.13,No
CUST01808,Female,1,Yes,No,7,No,No,Fiber optic,No internet,No internet,No internet,No,No,No,Two year,No,Credit card,56.8,388.57,No
CUST01809,Female,1,No,No,26,Yes,No,Fiber optic,No,Yes,No internet,Yes,No,No internet,Month-to-month,No,Mailed check,73.01,1827.71,Yes
CUST01810,Female,0,No,No,3,Yes,Yes,DSL,No,Yes,Yes,No internet,No,No internet,Two year,No,Electronic check,39.41,362.41,No
CUST01811,Male,0,No,No,22,Yes,Yes,Fiber optic,No,No internet,No,No,Yes,Yes,Month-to-month,No,Mailed check,68.86,1590.38,Yes
CUST01812,Male,1,Yes,Yes,72,Yes,No,DSL,Yes,Yes,No internet,No,No,Yes,One year,Yes,Bank transfer,89.73,6438.46,No
CUST01813,Male,1,Yes,No,8,Yes,Yes,No,No,No,Yes,Yes,No,No,One year,Yes,Electronic check,52.57,347.16,No
CUST01814,Female,0,No,No,45,Yes,Yes,DSL,No internet,No internet,Yes,No,Yes,No,Month-to-month,Yes,Mailed check,110.31,4833.73,Yes
CUST01815,Male,0,Yes,No,72,Yes,Yes,No,Yes,No,No,Yes,No internet,No,Month-to-month,Yes,Electronic check,43.64,3023.77,No
CUST01816,Female,0,Yes,Yes,21,Yes,No,Fiber optic,No,No,Yes,No internet,Yes,No internet,Month-to-month,No,Bank transfer,52.55,1074.28,No
CUST01817,Male,1,Yes,No,8,Yes,Yes,Fiber optic,Yes,No,No internet,No,No internet,No internet,Month-to-month,Yes,Credit card,66.87,617.89,Yes
CUST01818,Female,0,Yes,No,26,Yes,No,DSL,No,No,No internet,No,No,No internet,One year,No,Bank transfer,45.0,1255.91,No
CUST01819,Male,0,No,No,44,Yes,No phone service,No,No internet,No internet,No,No,No internet,Yes,Two year,Yes,Bank transfer,60.63,2698.34,No
CUST01820,Male,0,Yes,No,4,Yes,No,DSL,No,No,No internet,No,No,No internet,One year,Yes,Mailed check,55.6,291.32,No
CUST01821,Male,0,No,No,14,Yes,No,Fiber optic,No,No,No,No internet,Yes,No internet,Month-to-month,Yes,Mailed check,18.81,,Yes
CUST01822,Female,0,Yes,No,9,Yes,Yes,DSL,Yes,No,Yes,Yes,No,Yes,Month-to-month,No,Mailed check,76.61,747.53,Yes
CUST01823,Female,1,No,Yes,7,Yes,Yes,No,No,No,Yes,Yes,Yes,No,Month-to-month,No,Bank transfer,66.2,457.6,Yes
CUST01824,Male,0,Yes,Yes,47,Yes,Yes,Fiber optic,No internet,No internet,No internet,Yes,No internet,Yes,Month-to-month,No,Credit card,75.65,3481.67,No
CUST01825,Male,0,No,No,13,Yes,No phone service,No,No internet,Yes,No,No internet,No,No internet,Two year,No,Bank transfer,56.08,723.08,No
CUST01826,Female,0,No,Yes,9,Yes,No,No,No,No,No,No,No,Yes,Two year,No,Credit card,45.56,349.81,No
CUST01827,Female,0,Yes,No,22,Yes,Yes,Fiber optic,No internet,No,No internet,Yes,Yes,No,Month-to-month,No,Credit card,56.33,1270.47,Yes
CUST01828,Female,0,No,Yes,5,Yes,Yes,DSL,No,Yes,Yes,No,No,No,Month-to-month,Yes,Electronic check,54.03,164.68,Yes
CUST01829,Male,0,Yes,Yes,6,Yes,Yes,DSL,No internet,No internet,Yes,Yes,No,No internet,One year,Yes,Mailed check,44.6,268.53,No
CUST01830,Female,0,No,Yes,17,Yes,No,DSL,Yes,No internet,No,No internet,No internet,No,One year,Yes,Credit card,52.7,1056.39,No
CUST01831,Male,0,No,No,12,Yes,Yes,DSL,Yes,Yes,Yes,Yes,No,Yes,One year,No,Credit card,62.12,948.01,No
CUST01832,Female,0,No,No,8,Yes,Yes,Fiber optic,No,Yes,No,No,Yes,No internet,Two year,No,Mailed check,32.54,356.31,No
CUST01833,Male,0,No,No,1,Yes,Yes,No,No,No,No,No internet,Yes,No,Month-to-month,No,Bank transfer,58.89,182.69,Yes
CUST01834,Female,1,Yes,No,17,Yes,Yes,DSL,No,No,No,Yes,No,No,Two year,Yes,Mailed check,103.78,1677.2,No
CUST01835,Female,1,Yes,No,40,Yes,No,DSL,Yes,No internet,No,Yes,Yes,No,Month-to-month,Yes,Electronic check,110.21,4350.99,Yes
CUST01836,Female,0,Yes,No,45,Yes,Yes,Fiber optic,No,Yes,No,No,No,No internet,Month-to-month,Yes,Credit card,76.92,3503.04,Yes
CUST01837,Female,0,Yes,No,6,No,Yes,No,Yes,No internet,No internet,No internet,Yes,No,Two year,Yes,Credit card,34.26,403.49,No
CUST01838,Female,1,No,No,21,Yes,No,DSL,Yes,No,No,No internet,No,Yes,Month-to-month,Yes,Mailed check,91.25,2066.76,Yes
CUST01839,Male,0,Yes,No,46,Yes,Yes,Fiber optic,Yes,No,Yes,No,No internet,No internet,Month-to-month,Yes,Electronic check,70.14,3128.33,No
CUST01840,Female,0,No,No,12,Yes,No,Fiber optic,No internet,Yes,No,No internet,No internet,Yes,Month-to-month,No,Credit card,77.34,948.68,Yes
CUST01841,Female,1,Yes,No,64,No,Yes,DSL,Yes,No internet,No,No,No internet,No,One year,Yes,Mailed check,80.55,5243.49,No
CUST01842,Female,0,Yes,No,55,Yes,Yes,Fiber optic,Yes,No,No,No,No,No,Month-to-month,No,Electronic check,68.69,3919.5,No
CUST01843,Male,0,No,No,5,Yes,Yes,Fiber optic,No,Yes,No internet,No,No internet,Yes,Month-to-month,No,Electronic check,59.72,274.99,Yes
CUST01844,Female,1,Yes,Yes,7,Yes,Yes,No,No,Yes,No,No,No internet,Yes,Month-to-month,Yes,Electronic check,53.2,360.56,Yes
CUST01845,Male,0,No,No,4,Yes,No phone service,No,No,No,No,No,Yes,Yes,Two year,Yes,Bank transfer,80.16,348.49,No
CUST01846,Female,0,Yes,Yes,5,Yes,Yes,No,No,Yes,No,No internet,Yes,No internet,Month-to-month,No,Electronic check,60.96,191.24,Yes
CUST01847,Female,0,No,No,57,Yes,Yes,Fiber optic,Yes,No,Yes,No,No internet,No,One year,No,Electronic check,105.1,5981.33,No
CUST01848,Male,0,Yes,No,64,Yes,Yes,DSL,No,No internet,Yes,No internet,Yes,Yes,Month-to-month,Yes,Credit card,64.96,4222.46,Yes
CUST01849,Female,0,Yes,No,1,Yes,Yes,DSL,Yes,No,No internet,No,Yes,No,One year,Yes,Credit card,37.41,2.4,No
CUST01850,Male,0,No,Yes,21,Yes,Yes,Fiber optic,Yes,Yes,No,No internet,Yes,No,Month-to-month,No,Electronic check,101.36,2306.58,Yes
CUST01851,Male,1,No,Yes,19,Yes,Yes,No,No internet,Yes,Yes,No,No internet,Yes,One year,Yes,Electronic check,45.39,913.67,No
CUST01852,Female,0,Yes,Yes,11,Yes,No,Fiber optic,No,Yes,No internet,No,Yes,No,One year,Yes,Bank transfer,75.89,696.39,Yes
CUST01853,Male,0,Yes,No,23,Yes,Yes,No,No internet,No internet,Yes,Yes,No,Yes,Month-to-month,No,Electronic check,64.5,1427.81,Yes
CUST01854,Female,0,No,No,70,Yes,No,DSL,Yes,Yes,No,No internet,Yes,No,Two year,No,Electronic check,78.63,5311.17,No
CUST01855,Female,0,Yes,No,4,Yes,Yes,DSL,No,Yes,No,No internet,Yes,No internet,Two year,Yes,Electronic check,66.94,250.23,No
CUST01856,Male,0,No,No,3,Yes,Yes,No,No,No internet,No,No internet,Yes,No,Month-to-month,No,Credit card,75.9,133.36,No
CUST01857,Male,1,No,No,0,Yes,No,No,Yes,No,Yes,No,No,No,One year,No,Credit card,61.08,4.74,No
CUST01858,Male,1,Yes,No,10,Yes,No,Fiber optic,No internet,No,No,No internet,Yes,No,One year,No,Credit card,69.26,670.89,No
CUST01859,Male,0,Yes,Yes,9,Yes,Yes,DSL,Yes,No internet,Yes,Yes,No internet,No,Month-to-month,Yes,Bank transfer,57.01,553.15,Yes
CUST01860,Female,0,No,Yes,13,Yes,Yes,DSL,No,No,No,Yes,No,Yes,Month-to-month,Yes,Bank transfer,55.39,861.82,Yes
CUST01861,Female,0,Yes,No,16,Yes,Yes,DSL,No,Yes,No internet,Yes,Yes,Yes,Two year,Yes,Mailed check,33.0,656.84,No
CUST01862,Male,0,No,No,34,Yes,Yes,Fiber optic,No internet,No internet,Yes,No,No,No,One year,Yes,Mailed check,53.95,1997.81,No
CUST01863,Female,0,Yes,No,11,Yes,No phone service,DSL,No,Yes,No,Yes,No internet,No,Two year,No,Bank transfer,74.16,805.28,No
CUST01864,Female,0,No,No,9,Yes,No,Fiber optic,No,No,No,No internet,No internet,No,One year,No,Bank transfer,46.65,390.34,No
CUST01865,Female,1,Yes,No,42,Yes,No phone service,Fiber optic,No internet,No internet,Yes,No internet,No,Yes,Month-to-month,No,Electronic check,65.53,2675.81,No
CUST01866,Female,0,No,No,45,No,Yes,Fiber optic,Yes,No internet,No,No,No,No,Month-to-month,Yes,Electronic check,67.17,2960.59,Yes
CUST01867,Male,0,Yes,Yes,6,No,No,Fiber optic,No,No,No,No,No internet,No,One year,No,Credit card,49.29,338.04,Yes
CUST01868,Male,0,Yes,No,9,Yes,Yes,Fiber optic,Yes,No,Yes,Yes,No,No internet,One year,Yes,Electronic check,33.04,167.07,Yes
CUST01869,Female,0,No,No,41,Yes,No,Fiber optic,No internet,Yes,No,No internet,No,No,Month-to-month,Yes,Electronic check,68.03,2752.21,Yes
CUST01870,Male,0,Yes,Yes,1,Yes,Yes,DSL,No internet,No,No internet,No internet,No,Yes,One year,Yes,Mailed check,51.89,0.0,No
CUST01871,Male,0,Yes,No,9,Yes,No,Fiber optic,No internet,Yes,No,Yes,No,Yes,Two year,No,Electronic check,43.72,396.53,No
CUST01872,Male,0,Yes,No,14,Yes,Yes,DSL,No,No,Yes,Yes,No internet,Yes,One year,Yes,Electronic check,61.8,,No
CUST01873,Female,0,Yes,No,4,Yes,No,DSL,Yes,No,No,No internet,No internet,No,Month-to-month,Yes,Electronic check,93.81,237.13,Yes
CUST01874,Female,0,No,No,4,Yes,No,DSL,Yes,No,No,No internet,Yes,No,Month-to-month,Yes,Bank transfer,47.34,176.9,Yes
CUST01875,Female,0,No,No,13,Yes,No,DSL,No,Yes,Yes,No internet,No internet,No,Two year,No,Electronic check,38.06,339.79,No
CUST01876,Male,0,Yes,No,33,Yes,Yes,Fiber optic,Yes,No,No,No,Yes,No internet,Two year,Yes,Bank transfer,82.3,,No
CUST01877,Female,0,No,No,44,Yes,No,No,Yes,Yes,No,No,No,Yes,Month-to-month,No,Electronic check,86.55,3757.21,Yes
CUST01878,Female,0,No,Yes,72,Yes,Yes,No,Yes,Yes,No,No internet,Yes,Yes,Two year,Yes,Electronic check,103.28,,No
CUST01879,Male,0,No,No,1,Yes,Yes,No,Yes,Yes,No,No,No,No,Month-to-month,Yes,Credit card,55.76,0.0,Yes
CUST01880,Female,0,Yes,No,5,Yes,No,Fiber optic,No,No internet,No,No,Yes,No,Month-to-month,No,Bank transfer,43.72,351.86,Yes
CUST01881,Female,0,No,Yes,33,Yes,No phone service,No,Yes,No,No,No,Yes,No,Month-to-month,Yes,Bank transfer,68.84,2155.48,No
CUST01882,Male,0,Yes,No,18,Yes,No phone service,Fiber optic,No internet,No internet,No,Yes,Yes,Yes,Month-to-month,Yes,Electronic check,50.43,1086.72,Yes
CUST01883,Male,0,Yes,No,9,Yes,Yes,Fiber optic,Yes,No,No internet,No internet,No,Yes,Two year,No,Electronic check,74.67,628.7,Yes
CUST01884,Male,0,Yes,No,5,Yes,No,Fiber optic,No,Yes,No,No internet,Yes,No,One year,Yes,Credit card,67.51,,No
CUST01885,Female,0,Yes,No,7,Yes,No,DSL,Yes,Yes,No,No,No internet,No,Month-to-month,No,Electronic check,29.77,303.8,Yes
CUST01886,Female,0,No,No,13,No,Yes,DSL,No,Yes,Yes,No,No,Yes,Two year,Yes,Credit card,49.85,602.94,No
CUST01887,Female,1,Yes,No,4,Yes,No,Fiber optic,Yes,No internet,No internet,No,No,Yes,Two year,Yes,Bank transfer,74.55,367.27,No
CUST01888,Male,0,No,No,72,Yes,No,Fiber optic,Yes,Yes,Yes,No,No internet,Yes,Month-to-month,No,Bank transfer,67.61,4836.0,Yes
CUST01889,Male,1,Yes,No,2,Yes,No,Fiber optic,Yes,Yes,Yes,Yes,No internet,Yes,One year,Yes,Bank transfer,61.4,99.69,Yes
CUST01890,Female,0,No,No,72,Yes,Yes,No,No,No internet,No internet,No,No,No,One year,Yes,Mailed check,59.62,4366.74,No
CUST01891,Female,0,No,No,44,Yes,No,No,No,Yes,Yes,Yes,No,No,One year,Yes,Electronic check,65.97,2747.17,No
CUST01892,Male,1,No,Yes,13,Yes,Yes,Fiber optic,No,No,No internet,No,Yes,No internet,One year,Yes,Bank transfer,66.01,799.03,No
CUST01893,Male,0,No,No,32,Yes,Yes,No,No internet,Yes,No,No,Yes,Yes,Month-to-month,No,Credit card,48.39,1594.37,Yes
CUST01894,Male,0,No,No,26,Yes,No,No,Yes,No internet,Yes,No,No,No internet,Month-to-month,No,Electronic check,64.94,1779.24,Yes
CUST01895,Male,0,Yes,No,5,Yes,Yes,DSL,Yes,No,No,No,No,Yes,Two year,No,Mailed check,60.38,319.1,No
CUST01896,Female,0,No,No,9,Yes,No,Fiber optic,No,No,Yes,No internet,No,No internet,Two year,Yes,Mailed check,40.62,298.11,No
CUST01897,Male,0,Yes,No,17,Yes,Yes,Fiber optic,Yes,No internet,No,Yes,Yes,Yes,Month-to-month,No,Mailed check,69.33,1226.14,No
CUST01898,Female,0,No,No,24,Yes,No,DSL,Yes,No,No internet,No internet,No,Yes,Month-to-month,Yes,Electronic check,77.41,1824.79,No
CUST01899,Female,1,Yes,No,18,Yes,No,Fiber optic,No,No internet,No,No internet,No internet,No,Two year,No,Credit card,66.03,1408.76,No
CUST01900,Female,0,No,No,15,Yes,No,Fiber optic,No,No internet,No internet,No,No,No,Month-to-month,No,Mailed check,30.76,479.68,Yes
CUST01901,Male,1,No,No,14,No,No,DSL,Yes,Yes,No internet,Yes,No,No internet,Month-to-month,Yes,Credit card,57.38,638.2,Yes
CUST01902,Male,1,Yes,No,16,Yes,No,No,No internet,Yes,No,No internet,No internet,No,Month-to-month,No,Credit card,72.15,1105.7,Yes
CUST01903,Male,0,Yes,No,13,Yes,No,Fiber optic,No,No,Yes,No internet,Yes,No internet,Month-to-month,No,Electronic check,39.18,419.49,Yes
CUST01904,Male,0,No,No,18,Yes,Yes,DSL,No internet,No,No,No internet,No,No internet,Month-to-month,No,Electronic check,56.59,879.84,No
CUST01905,Female,1,Yes,Yes,52,Yes,No,Fiber optic,No,No internet,No,No,Yes,No,One year,No,Credit card,73.14,3684.09,No
CUST01906,Male,1,Yes,Yes,24,Yes,Yes,Fiber optic,No,Yes,No,No internet,No,No internet,Month-to-month,No,Mailed check,71.75,1704.61,No
CUST01907,Male,0,Yes,Yes,30,Yes,Yes,Fiber optic,No internet,No,No,Yes,No,No,Two year,No,Electronic check,61.64,1765.82,No
CUST01908,Female,0,No,No,21,Yes,Yes,No,No,No,No,No,No internet,Yes,Two year,No,Credit card,59.81,1283.09,No
CUST01909,Male,0,No,No,24,Yes,Yes,DSL,No internet,No,No,No,No internet,Yes,Two year,Yes,Mailed check,69.27,1689.89,No
CUST01910,Female,0,No,No,20,Yes,Yes,Fiber optic,No,Yes,Yes,No internet,No,Yes,Two year,No,Electronic check,55.87,1095.3,No
CUST01911,Female,0,No,Yes,0,Yes,Yes,No,No,Yes,No,No internet,No,No,One year,Yes,Mailed check,74.88,0.0,No
CUST01912,Female,0,Yes,No,72,No,Yes,Fiber optic,No internet,Yes,No internet,No,No,Yes,Month-to-month,No,Credit card,107.13,7894.39,Yes
CUST01913,Female,0,No,No,0,Yes,Yes,DSL,Yes,No,Yes,Yes,No,No internet,Month-to-month,No,Electronic check,56.66,150.8,Yes
CUST01914,Female,0,Yes,No,12,Yes,Yes,No,No,No,Yes,No internet,Yes,No internet,Month-to-month,Yes,Mailed check,63.21,776.73,No
CUST01915,Female,0,Yes,No,2,Yes,Yes,No,Yes,Yes,No internet,No,Yes,No internet,Month-to-month,No,Electronic check,42.7,104.61,Yes
CUST01916,Female,0,Yes,Yes,2,Yes,Yes,Fiber optic,No,No,Yes,No internet,No internet,No internet,Month-to-month,No,Credit card,56.56,164.35,Yes
CUST01917,Female,0,No,No,37,Yes,Yes,No,No internet,No internet,Yes,No internet,Yes,No internet,Two year,Yes,Bank transfer,76.6,2873.69,No
CUST01918,Male,0,No,Yes,13,Yes,Yes,Fiber optic,No,Yes,No,No,Yes,Yes,Month-to-month,Yes,Mailed check,64.88,885.25,Yes
CUST01919,Male,0,Yes,No,38,No,Yes,Fiber optic,No,No,Yes,No,No,Yes,Month-to-month,Yes,Bank transfer,84.71,3062.67,Yes
CUST01920,Male,0,No,No,7,Yes,No phone service,DSL,No,Yes,No,No internet,Yes,No,One year,No,Mailed check,59.56,422.16,No
CUST01921,Male,0,Yes,No,7,Yes,Yes,Fiber optic,No,No internet,Yes,Yes,No internet,Yes,Month-to-month,Yes,Bank transfer,58.29,482.51,Yes
CUST01922,Female,1,Yes,No,6,Yes,No,No,No,No internet,No,No internet,Yes,No,Two year,No,Credit card,82.09,471.39,No
CUST01923,Male,0,Yes,Yes,22,Yes,Yes,No,Yes,Yes,No internet,Yes,No internet,No,Month-to-month,Yes,Mailed check,62.49,1288.7,No
CUST01924,Female,0,No,No,40,Yes,Yes,DSL,No,No internet,No,Yes,No,No internet,Month-to-month,Yes,Credit card,60.98,2427.85,No
CUST01925,Male,0,No,No,14,Yes,Yes,Fiber optic,No,Yes,Yes,No internet,No internet,Yes,Two year,Yes,Bank transfer,65.56,924.61,No
CUST01926,Male,1,Yes,Yes,11,Yes,Yes,No,No,No internet,No,No internet,Yes,No internet,One year,Yes,Electronic check,75.4,690.04,No
CUST01927,Male,0,No,No,72,No,Yes,DSL,No,No,No,Yes,No,Yes,Month-to-month,Yes,Credit card,80.42,5735.02,Yes
CUST01928,Female,0,Yes,No,2,Yes,No,Fiber optic,No,No,No,No internet,No internet,No internet,One year,Yes,Electronic check,45.41,162.51,No
CUST01929,Male,0,No,No,16,Yes,No,No,No,No,No internet,No,No,Yes,One year,No,Mailed check,59.97,999.53,No
CUST01930,Female,0,No,No,12,Yes,Yes,No,Yes,Yes,Yes,No,No,Yes,Month-to-month,Yes,Bank transfer,75.14,930.15,Yes
CUST01931,Female,0,Yes,Yes,2,Yes,Yes,DSL,No,No,No,No,No,No,Two year,No,Credit card,43.57,240.55,No
CUST01932,Male,0,No,No,7,Yes,Yes,DSL,No,Yes,Yes,No,Yes,No internet,Two year,No,Electronic check,32.68,243.85,No
CUST01933,Male,0,No,No,0,Yes,Yes,Fiber optic,No,No,Yes,No,No,No,One year,Yes,Credit card,27.95,14.54,Yes
CUST01934,Male,0,Yes,No,50,Yes,No,No,No,No internet,No,No,Yes,Yes,One year,Yes,Credit card,55.54,2894.05,No
CUST01935,Female,0,No,No,22,Yes,No phone service,Fiber optic,No,No internet,No internet,No internet,Yes,No internet,Two year,No,Electronic check,43.23,949.62,No
CUST01936,Male,0,Yes,No,40,Yes,Yes,Fiber optic,Yes,No,No,No internet,No,No,Month-to-month,Yes,Credit card,62.09,2532.62,Yes
CUST01937,Female,1,Yes,Yes,17,Yes,No,No,No internet,No,Yes,No,Yes,No,Two year,Yes,Electronic check,60.71,851.17,No
CUST01938,Female,0,Yes,No,21,Yes,No,Fiber optic,No,Yes,No,No,Yes,Yes,One year,No,Electronic check,67.93,1477.67,No
CUST01939,Male,1,Yes,No,28,Yes,No,Fiber optic,No,No,No internet,No,Yes,Yes,Month-to-month,No,Credit card,92.92,2566.93,Yes
CUST01940,Male,0,No,No,57,Yes,Yes,Fiber optic,Yes,Yes,Yes,No internet,No,No,One year,Yes,Mailed check,91.78,5223.37,Yes
CUST01941,Female,0,No,No,2,Yes,Yes,Fiber optic,No,Yes,Yes,Yes,Yes,No,Month-to-month,No,Bank transfer,40.35,228.7,Yes
CUST01942,Female,0,No,Yes,9,No,No,DSL,No,No,Yes,No,Yes,Yes,Month-to-month,No,Mailed check,45.55,447.84,Yes
CUST01943,Female,1,Yes,Yes,29,Yes,No,DSL,Yes,Yes,No,Yes,No,No internet,Two year,No,Electronic check,111.69,3279.39,No
CUST01944,Male,0,Yes,Yes,72,Yes,No phone service,No,No internet,No,Yes,Yes,No,Yes,One year,Yes,Bank transfer,63.3,4509.42,No
CUST01945,Female,0,Yes,No,72,Yes,No,DSL,No,No internet,No,No,Yes,Yes,Two year,Yes,Electronic check,99.72,,No
CUST01946,Male,0,Yes,No,24,Yes,Yes,DSL,No,No,No internet,No internet,Yes,No internet,Month-to-month,No,Electronic check,49.17,1316.14,No
CUST01947,Female,0,No,No,5,Yes,No phone service,Fiber optic,Yes,No,No internet,No,No internet,Yes,Month-to-month,Yes,Credit card,64.23,365.1,Yes
CUST01948,Female,0,No,Yes,3,Yes,Yes,Fiber optic,No internet,No,No,No,Yes,Yes,Two year,No,Credit card,69.27,374.24,Yes
CUST01949,Male,0,Yes,Yes,70,Yes,Yes,Fiber optic,Yes,No internet,Yes,No internet,No internet,No,Two year,Yes,Mailed check,87.93,6068.13,No
CUST01950,Female,0,No,No,13,Yes,No,Fiber optic,Yes,No,No internet,Yes,Yes,Yes,Two year,Yes,Electronic check,72.64,793.28,No
CUST01951,Male,0,No,No,5,No,Yes,DSL,No,No internet,No internet,No,No,No internet,Two year,No,Mailed check,102.27,488.27,No
CUST01952,Male,0,Yes,No,65,Yes,No phone service,DSL,Yes,Yes,Yes,Yes,No internet,Yes,Month-to-month,Yes,Credit card,62.25,4143.01,No
CUST01953,Female,0,No,No,2,No,Yes,DSL,No,No,No internet,Yes,No,No internet,Two year,Yes,Electronic check,67.1,158.5,No
CUST01954,Male,0,Yes,No,31,Yes,Yes,No,No,No,No internet,No,Yes,No,Month-to-month,No,Electronic check,83.1,2450.9,Yes
CUST01955,Male,0,Yes,Yes,23,Yes,Yes,Fiber optic,No,No,No internet,No,No internet,No internet,Month-to-month,Yes,Credit card,40.01,871.54,Yes
CUST01956,Female,0,Yes,Yes,2,Yes,No,Fiber optic,Yes,No,Yes,No,No internet,No,Month-to-month,No,Mailed check,56.53,173.16,Yes
CUST01957,Male,0,Yes,Yes,9,Yes,Yes,Fiber optic,No,No,No internet,No,Yes,No,Two year,Yes,Electronic check,52.24,568.04,Yes
CUST01958,Male,1,Yes,Yes,3,Yes,Yes,Fiber optic,Yes,No,Yes,No internet,No,No,Month-to-month,Yes,Electronic check,71.29,143.54,Yes
CUST01959,Male,1,Yes,Yes,22,Yes,No,Fiber optic,No,No,Yes,No,No,No,Month-to-month,Yes,Credit card,74.56,1771.38,Yes
CUST01960,Female,0,Yes,No,15,Yes,Yes,No,No internet,No internet,Yes,No,No,No,Month-to-month,No,Mailed check,70.36,1125.2,No
CUST01961,Male,0,No,No,0,Yes,Yes,DSL,No,Yes,No,Yes,Yes,No,One year,Yes,Electronic check,36.97,0.0,No
CUST01962,Female,0,No,No,72,Yes,No,Fiber optic,No,No,Yes,No,No,No,Two year,Yes,Credit card,118.62,8726.03,No
CUST01963,Female,0,No,No,10,Yes,Yes,No,Yes,Yes,No,Yes,Yes,Yes,Month-to-month,No,Credit card,58.27,528.73,Yes
CUST01964,Male,0,Yes,No,7,Yes,No phone service,DSL,Yes,Yes,No,No internet,Yes,No internet,Month-to-month,No,Electronic check,78.17,511.46,Yes
CUST01965,Male,0,Yes,Yes,6,Yes,Yes,Fiber optic,Yes,Yes,Yes,Yes,No,No,Month-to-month,No,Bank transfer,60.07,445.86,Yes
CUST01966,Male,0,Yes,No,4,Yes,Yes,Fiber optic,No,No,No internet,No internet,Yes,No,Month-to-month,Yes,Electronic check,72.01,261.04,Yes
CUST01967,Female,1,Yes,No,72,Yes,Yes,Fiber optic,Yes,No,Yes,No,No internet,Yes,Month-to-month,Yes,Mailed check,96.64,7112.17,Yes
CUST01968,Male,1,No,No,8,No,Yes,DSL,No,Yes,Yes,No internet,No,Yes,Month-to-month,No,Electronic check,82.54,773.25,No
CUST01969,Male,0,No,No,12,Yes,No,DSL,Yes,No internet,No,No,Yes,No internet,One year,No,Electronic check,41.23,535.43,No
CUST01970,Male,0,No,Yes,49,Yes,No,DSL,No internet,Yes,Yes,Yes,Yes,No,Month-to-month,No,Bank transfer,90.04,4496.13,Yes
CUST01971,Male,0,No,No,24,Yes,Yes,No,No,No internet,No internet,No,No internet,Yes,Two year,No,Mailed check,51.26,1180.24,No
CUST01972,Male,0,Yes,Yes,11,Yes,Yes,No,No,Yes,Yes,Yes,No internet,No,Two year,No,Mailed check,53.06,,No
CUST01973,Female,0,Yes,No,54,Yes,Yes,DSL,No internet,No,Yes,No,Yes,No internet,Month-to-month,Yes,Electronic check,60.93,3153.82,No
CUST01974,Female,0,No,No,33,Yes,No,DSL,No internet,No,No,No,No,Yes,Month-to-month,No,Credit card,56.77,1910.74,Yes
CUST01975,Male,0,Yes,Yes,6,Yes,No,Fiber optic,No internet,No,No,No,No,No internet,Two year,No,Electronic check,48.62,508.98,No
CUST01976,Male,0,Yes,Yes,24,Yes,Yes,Fiber optic,No,No,Yes,No,No internet,No,Month-to-month,No,Bank transfer,71.21,1650.99,Yes
CUST01977,Male,0,Yes,Yes,61,Yes,Yes,Fiber optic,No,No internet,Yes,Yes,Yes,Yes,Month-to-month,No,Electronic check,85.99,5057.45,No
CUST01978,Male,0,Yes,Yes,16,Yes,No,Fiber optic,No,No,No,Yes,Yes,No internet,Month-to-month,Yes,Bank transfer,52.42,911.04,Yes
CUST01979,Female,0,Yes,No,31,Yes,No,No,No,No internet,No,No,Yes,No,Two year,No,Electronic check,74.45,2340.58,No
CUST01980,Male,0,No,No,72,Yes,Yes,DSL,No,Yes,Yes,No,No,Yes,One year,Yes,Electronic check,93.28,6770.69,No
CUST01981,Female,0,No,Yes,28,Yes,Yes,DSL,Yes,Yes,No internet,Yes,Yes,Yes,Month-to-month,Yes,Bank transfer,58.96,1616.19,Yes
CUST01982,Female,0,Yes,No,2,Yes,No,No,No internet,No internet,Yes,Yes,No,No internet,Month-to-month,Yes,Electronic check,45.21,0.0,Yes
CUST01983,Male,0,Yes,No,6,Yes,No,Fiber optic,No internet,Yes,No,No,No,No,Month-to-month,No,Mailed check,47.92,193.38,Yes
CUST01984,Female,0,No,Yes,21,Yes,Yes,No,Yes,Yes,No,No internet,No internet,Yes,Month-to-month,No,Electronic check,91.05,1719.04,No
CUST01985,Female,1,Yes,Yes,7,Yes,Yes,Fiber optic,Yes,Yes,Yes,No,Yes,No,Month-to-month,No,Electronic check,54.03,470.17,Yes
CUST01986,Female,0,Yes,No,72,Yes,No phone service,Fiber optic,Yes,No,Yes,No internet,No internet,No,Two year,Yes,Bank transfer,102.57,7442.0,No
CUST01987,Female,0,Yes,Yes,12,Yes,No,Fiber optic,No,No,No,No internet,No internet,No,Month-to-month,Yes,Electronic check,44.76,507.5,Yes
CUST01988,Male,0,Yes,No,14,Yes,No,DSL,Yes,Yes,Yes,No,No,Yes,Month-to-month,No,Electronic check,50.59,598.26,Yes
CUST01989,Male,1,No,Yes,29,Yes,Yes,DSL,No,Yes,Yes,No,No internet,No,Month-to-month,Yes,Electronic check,81.72,2339.89,Yes
CUST01990,Female,0,No,No,17,Yes,No,No,Yes,No,No,No,Yes,Yes,Month-to-month,Yes,Electronic check,68.74,996.73,No
CUST01991,Male,0,Yes,No,11,Yes,No,DSL,No,Yes,No,No,Yes,Yes,Two year,No,Electronic check,60.61,611.57,Yes
CUST01992,Male,0,Yes,No,1,Yes,Yes,DSL,No,Yes,No internet,No internet,Yes,No internet,Month-to-month,Yes,Electronic check,61.15,283.94,Yes
CUST01993,Male,0,Yes,No,21,Yes,Yes,Fiber optic,No,No,Yes,No,Yes,No,Month-to-month,Yes,Electronic check,70.23,1494.17,Yes
CUST01994,Male,0,Yes,No,48,Yes,Yes,Fiber optic,No,Yes,No,No internet,No internet,Yes,Month-to-month,Yes,Credit card,83.44,4243.25,Yes
CUST01995,Male,0,No,Yes,27,Yes,No,DSL,No internet,Yes,No internet,No,No internet,Yes,Month-to-month,No,Electronic check,55.69,1321.26,No
CUST01996,Female,0,No,No,11,Yes,No,Fiber optic,No,No,No,Yes,No,No internet,Two year,No,Credit card,50.85,,No
CUST01997,Male,1,No,No,3,Yes,No,Fiber optic,No internet,No internet,No,Yes,No,No,Month-to-month,No,Credit card,61.58,75.61,Yes
CUST01998,Male,0,No,No,40,Yes,Yes,No,No internet,Yes,No internet,No,Yes,No,Month-to-month,No,Electronic check,86.95,3419.41,No
CUST01999,Male,0,No,No,68,Yes,Yes,No,Yes,Yes,No internet,No,No,No internet,Month-to-month,Yes,Electronic check,94.31,6411.94,Yes
CUST02000,Male,0,No,Yes,11,Yes,Yes,No,Yes,No,No,Yes,No,No,Two year,No,Electronic check,57.11,582.83,Yes
CUST02001,Female,0,Yes,No,31,Yes,Yes,No,No,Yes,No,No internet,No internet,Yes,One year,Yes,Bank transfer,68.23,2004.63,No
CUST02002,Female,0,Yes,No,12,Yes,Yes,No,Yes,No,Yes,Yes,No,No,One year,Yes,Bank transfer,40.02,426.06,No
CUST02003,Female,0,No,No,16,Yes,Yes,No,No,No internet,No,No internet,No,No,Month-to-month,Yes,Bank transfer,54.34,772.59,Yes
CUST02004,Female,0,Yes,No,43,Yes,No phone service,DSL,No,Yes,No,No,Yes,No,Two year,No,Mailed check,64.06,2784.33,No
CUST02005,Male,0,No,Yes,2,Yes,Yes,Fiber optic,Yes,No,Yes,No,Yes,No,Month-to-month,No,Electronic check,64.26,219.0,Yes
CUST02006,Female,0,No,No,18,Yes,No,Fiber optic,No,No internet,No,No,Yes,No internet,Month-to-month,Yes,Credit card,62.16,1237.99,Yes
CUST02007,Male,0,No,No,5,Yes,No,No,Yes,No internet,Yes,No internet,No internet,No,One year,Yes,Electronic check,70.94,371.83,No
CUST02008,Male,0,Yes,No,9,Yes,Yes,Fiber optic,No,No,No internet,No,Yes,No,Month-to-month,No,Credit card,89.33,799.86,Yes
CUST02009,Male,0,No,No,24,Yes,No,DSL,No,Yes,No internet,No,No,Yes,Month-to-month,Yes,Mailed check,74.53,1636.85,Yes
CUST02010,Male,0,Yes,No,0,Yes,Yes,No,Yes,No,No,No,No,Yes,Month-to-month,No,Electronic check,35.98,0.0,Yes
CUST02011,Male,1,No,Yes,21,Yes,Yes,Fiber optic,No,No,Yes,No,No,Yes,Month-to-month,Yes,Credit card,67.61,1442.76,Yes
CUST02012,Female,1,Yes,No,7,Yes,No,Fiber optic,No,No,No,No,No internet,Yes,Month-to-month,Yes,Mailed check,39.06,240.81,Yes
CUST02013,Female,0,Yes,No,26,Yes,Yes,Fiber optic,Yes,No internet,Yes,No,No,No internet,One year,Yes,Bank transfer,89.76,2216.6,Yes
CUST02014,Female,0,No,No,3,Yes,Yes,Fiber optic,Yes,No,Yes,No,Yes,No internet,Month-to-month,Yes,Mailed check,85.87,334.09,Yes
CUST02015,Female,0,Yes,No,31,Yes,Yes,DSL,No,No,No internet,No internet,No internet,No internet,One year,No,Credit card,51.51,1514.46,No
CUST02016,Male,0,Yes,No,24,Yes,No,DSL,No,No,Yes,No internet,Yes,Yes,Two year,No,Credit card,55.84,1428.68,No
CUST02017,Female,0,No,Yes,72,Yes,Yes,No,No,Yes,No,Yes,Yes,No,Month-to-month,Yes,Mailed check,77.54,5663.79,Yes
CUST02018,Male,0,Yes,Yes,58,No,Yes,DSL,No internet,Yes,No,No,No,No,Month-to-month,No,Electronic check,66.35,3635.87,No
CUST02019,Female,0,No,No,7,Yes,Yes,Fiber optic,Yes,No,Yes,No,Yes,No,Two year,No,Bank transfer,31.6,304.91,Yes
CUST02020,Male,0,Yes,No,0,Yes,No,Fiber optic,Yes,Yes,Yes,Yes,No internet,No internet,One year,Yes,Credit card,62.78,0.0,No
CUST02021,Male,0,No,No,25,No,No,No,No,Yes,No,No,No,Yes,Month-to-month,Yes,Bank transfer,46.42,995.09,No
CUST02022,Female,0,No,No,22,Yes,Yes,Fiber optic,No,Yes,Yes,No internet,Yes,Yes,Month-to-month,No,Credit card,60.97,1280.71,Yes
CUST02023,Male,0,Yes,No,0,Yes,No,Fiber optic,No,No internet,Yes,Yes,Yes,Yes,One year,Yes,Mailed check,38.29,97.95,Yes
CUST02024,Male,0,Yes,No,3,No,No,DSL,No,No,No,Yes,Yes,No,One year,Yes,Credit card,25.88,78.06,No
CUST02025,Female,0,No,No,21,No,No,DSL,No,Yes,No,No internet,No,No,One year,No,Electronic check,51.17,1009.89,No
CUST02026,Male,0,Yes,No,58,Yes,Yes,Fiber optic,No,No internet,No,No,Yes,Yes,One year,No,Mailed check,57.56,3348.64,No
CUST02027,Female,0,Yes,Yes,56,Yes,Yes,DSL,No,No,No internet,No,Yes,Yes,Two year,Yes,Mailed check,78.05,4356.61,No
CUST02028,Female,0,No,No,3,Yes,No phone service,Fiber optic,No internet,No,No,No,No,No,Month-to-month,Yes,Bank transfer,60.54,60.93,Yes
CUST02029,Female,0,Yes,No,11,Yes,No phone service,Fiber optic,Yes,No,No internet,Yes,No,Yes,One year,Yes,Electronic check,64.19,583.11,Yes
CUST02030,Male,0,Yes,No,1,Yes,No,No,No,No,No,No,No,Yes,Two year,Yes,Credit card,54.3,75.16,No
CUST02031,Male,0,No,Yes,15,Yes,No,DSL,No,No,Yes,Yes,No,Yes,Month-to-month,Yes,Credit card,67.23,1071.54,Yes
CUST02032,Male,0,Yes,No,33,Yes,Yes,Fiber optic,No internet,Yes,Yes,No,Yes,Yes,Two year,Yes,Credit card,52.44,1689.76,No
CUST02033,Female,0,Yes,No,37,Yes,No phone service,Fiber optic,No internet,Yes,No internet,Yes,No,Yes,Month-to-month,Yes,Electronic check,63.8,2384.8,Yes
CUST02034,Male,0,Yes,Yes,16,Yes,No,DSL,No,No,No,No,No internet,No,Month-to-month,No,Electronic check,53.31,774.88,Yes
CUST02035,Female,0,No,No,2,Yes,Yes,Fiber optic,No,Yes,No,Yes,Yes,Yes,Two year,Yes,Mailed check,29.17,245.48,No
CUST02036,Female,0,No,No,11,Yes,No,Fiber optic,No,No,No,No,Yes,Yes,Month-to-month,Yes,Bank transfer,43.26,473.99,Yes
CUST02037,Male,1,No,No,64,Yes,Yes,DSL,No,No internet,Yes,No,Yes,Yes,Month-to-month,Yes,Electronic check,75.4,4641.81,Yes
CUST02038,Female,0,Yes,Yes,6,Yes,Yes,Fiber optic,Yes,No internet,No internet,No,Yes,No internet,Month-to-month,Yes,Bank transfer,50.8,201.98,Yes
CUST02039,Male,0,Yes,Yes,9,Yes,No,DSL,Yes,No,No,No internet,Yes,No internet,Month-to-month,Yes,Mailed check,63.05,536.57,Yes
CUST02040,Male,0,Yes,No,32,Yes,No,No,No internet,No,Yes,No,Yes,No internet,One year,Yes,Bank transfer,59.61,2011.0,No
CUST02041,Male,0,Yes,No,31,No,No,Fiber optic,Yes,No,No internet,No,No,No,Month-to-month,Yes,Mailed check,51.1,1649.45,Yes
CUST02042,Male,1,No,Yes,58,No,No,DSL,Yes,No,No,No internet,No,No internet,Month-to-month,Yes,Bank transfer,90.62,5189.96,No
CUST02043,Male,0,Yes,Yes,11,Yes,Yes,DSL,No internet,No internet,No,No,No,No internet,Month-to-month,No,Electronic check,49.09,382.25,No
CUST02044,Female,0,Yes,No,17,Yes,Yes,Fiber optic,No,No,No internet,No,Yes,No internet,Month-to-month,Yes,Electronic check,48.22,796.67,Yes
CUST02045,Female,0,Yes,Yes,15,Yes,No,No,No,Yes,No,No internet,No internet,Yes,One year,Yes,Credit card,80.99,1146.55,No
CUST02046,Female,0,No,No,63,Yes,Yes,DSL,No internet,Yes,Yes,Yes,No,No internet,One year,Yes,Electronic check,97.27,6107.27,No
CUST02047,Male,0,No,No,35,Yes,No,DSL,No,No,No internet,No,No internet,Yes,Month-to-month,No,Credit card,69.66,2431.47,Yes
CUST02048,Male,0,No,No,42,No,No,No,No,No,No,No internet,Yes,No,Month-to-month,No,Electronic check,63.39,2689.3,No
CUST02049,Male,0,No,No,3,Yes,No phone service,DSL,No,Yes,Yes,No,No,No,Two year,Yes,Mailed check,44.82,119.67,No
CUST02050,Female,0,Yes,No,37,Yes,Yes,DSL,No internet,No internet,No internet,No,Yes,No,Month-to-month,Yes,Electronic check,56.03,1856.71,Yes
CUST02051,Male,0,Yes,Yes,13,Yes,Yes,DSL,Yes,No,Yes,Yes,No,No internet,Month-to-month,Yes,Credit card,45.77,620.64,Yes
CUST02052,Female,1,Yes,No,0,Yes,No phone service,Fiber optic,Yes,Yes,No,No internet,No,No internet,One year,Yes,Credit card,58.44,43.07,No
CUST02053,Female,0,No,No,1,Yes,Yes,Fiber optic,No,Yes,Yes,No internet,Yes,No,Month-to-month,Yes,Electronic check,18.0,0.0,Yes
CUST02054,Male,0,No,No,27,Yes,No,Fiber optic,No,No,Yes,No internet,No internet,Yes,Month-to-month,Yes,Electronic check,84.56,2143.43,Yes
CUST02055,Male,0,No,No,11,No,Yes,DSL,Yes,No,No,Yes,No,No,Month-to-month,Yes,Bank transfer,61.47,729.45,Yes
CUST02056,Female,0,No,No,48,Yes,No,Fiber optic,No,Yes,No,Yes,Yes,Yes,Month-to-month,Yes,Credit card,61.03,2901.45,Yes
CUST02057,Male,0,No,Yes,31,Yes,No,DSL,No internet,No,No,No,Yes,No internet,Month-to-month,Yes,Bank transfer,87.06,2616.72,Yes
CUST02058,Female,0,No,No,0,Yes,No phone service,Fiber optic,Yes,Yes,No,Yes,Yes,No,Two year,No,Credit card,59.48,10.85,No
CUST02059,Male,0,No,No,27,Yes,Yes,Fiber optic,Yes,No internet,No,No,Yes,No internet,Month-to-month,Yes,Electronic check,75.1,2132.57,Yes
CUST02060,Male,0,No,No,5,Yes,No,No,Yes,Yes,Yes,No internet,No,No internet,One year,No,Bank transfer,47.33,185.68,No
CUST02061,Female,1,Yes,Yes,13,Yes,No,Fiber optic,No,No internet,No internet,Yes,No,Yes,Two year,Yes,Bank transfer,74.39,941.26,No
CUST02062,Male,0,No,Yes,23,Yes,No,Fiber optic,Yes,No internet,No internet,Yes,No,Yes,One year,Yes,Electronic check,36.4,804.61,No
CUST02063,Female,0,No,Yes,49,Yes,Yes,Fiber optic,No,Yes,Yes,No internet,No internet,Yes,One year,No,Bank transfer,79.22,3756.78,No
CUST02064,Male,1,Yes,No,14,Yes,Yes,DSL,No internet,No,No,No,Yes,No,One year,Yes,Credit card,61.74,854.96,No
CUST02065,Female,0,No,No,39,Yes,Yes,Fiber optic,Yes,No,No,Yes,Yes,No internet,Month-to-month,Yes,Credit card,83.82,3431.32,Yes
CUST02066,Female,0,No,No,36,Yes,Yes,DSL,No,No internet,No internet,No,No internet,No,Two year,Yes,Electronic check,62.3,2064.93,No
CUST02067,Male,0,Yes,No,12,Yes,No,Fiber optic,No,No,No internet,No,Yes,No internet,Month-to-month,Yes,Electronic check,47.64,548.43,No
CUST02068,Female,0,No,Yes,16,Yes,Yes,DSL,No,No,Yes,No internet,Yes,No internet,Two year,No,Mailed check,75.7,1291.35,No
CUST02069,Male,1,Yes,No,28,Yes,No,Fiber optic,No,No,No internet,No,Yes,Yes,One year,Yes,Electronic check,90.75,2424.38,No
CUST02070,Male,1,No,No,0,Yes,No,Fiber optic,Yes,Yes,Yes,No,No internet,Yes,Two year,Yes,Credit card,71.73,18.83,No
CUST02071,Male,0,No,No,53,Yes,Yes,Fiber optic,No,Yes,No,No,No,Yes,Month-to-month,No,Electronic check,83.16,4495.59,No
CUST02072,Female,0,Yes,No,35,Yes,Yes,Fiber optic,No internet,No,Yes,No,No,No internet,Two year,Yes,Bank transfer,77.79,2571.45,No
CUST02073,Female,0,Yes,No,6,Yes,Yes,Fiber optic,No,Yes,No,No internet,No internet,No,Month-to-month,Yes,Mailed check,49.34,450.74,Yes
CUST02074,Male,0,No,No,72,Yes,Yes,DSL,No internet,Yes,No,No internet,No,Yes,One year,No,Bank transfer,72.99,5243.31,No
CUST02075,Male,0,Yes,Yes,4,Yes,No,No,No,No,No,No,No internet,Yes,Month-to-month,Yes,Electronic check,56.89,184.13,Yes
CUST02076,Female,0,Yes,No,58,Yes,No,DSL,No,No internet,Yes,No,Yes,No internet,One year,No,Electronic check,53.12,2928.3,No
CUST02077,Male,1,No,Yes,9,Yes,No phone service,DSL,No,No internet,No internet,No,No,No,One year,No,Mailed check,84.44,694.57,No
CUST02078,Male,1,Yes,No,34,Yes,Yes,DSL,Yes,No internet,Yes,No,No internet,No,Month-to-month,Yes,Bank transfer,75.55,2394.02,Yes
CUST02079,Female,0,Yes,Yes,14,Yes,No,Fiber optic,Yes,No,No,No internet,Yes,Yes,Month-to-month,Yes,Bank transfer,54.56,553.55,Yes
CUST02080,Male,0,No,No,32,Yes,No,DSL,No,No internet,No internet,No,Yes,No,Month-to-month,Yes,Electronic check,51.97,1679.81,No
CUST02081,Female,0,No,No,4,Yes,Yes,DSL,No internet,No,No internet,No,No,No internet,One year,Yes,Electronic check,71.65,297.81,No
CUST02082,Male,0,No,No,7,Yes,No phone service,Fiber optic,Yes,No,No internet,No,No internet,No internet,One year,No,Bank transfer,64.14,280.94,No
CUST02083,Female,0,No,No,2,Yes,No phone service,Fiber optic,No internet,Yes,No,Yes,Yes,No,Month-to-month,Yes,Credit card,54.79,128.78,Yes
CUST02084,Male,0,Yes,Yes,48,Yes,Yes,Fiber optic,No internet,No internet,No,No internet,No internet,No,Month-to-month,Yes,Electronic check,82.26,3817.58,Yes
CUST02085,Male,0,Yes,No,8,Yes,Yes,Fiber optic,No,No,No,No,No,No,One year,Yes,Electronic check,55.65,459.75,Yes
CUST02086,Female,0,Yes,No,28,Yes,No,No,No,No,No,No,No,No,Month-to-month,No,Electronic check,76.52,2192.39,No
CUST02087,Male,0,No,No,41,Yes,No,No,No,Yes,No,Yes,Yes,Yes,Two year,Yes,Electronic check,65.29,2464.92,No
CUST02088,Female,1,No,No,55,Yes,No,DSL,No,No,No,No,No,Yes,Month-to-month,No,Electronic check,87.82,4825.77,Yes
CUST02089,Male,0,No,No,2,Yes,Yes,Fiber optic,Yes,No internet,Yes,No internet,No,Yes,Month-to-month,No,Bank transfer,59.22,181.26,Yes
CUST02090,Female,0,No,No,53,Yes,Yes,Fiber optic,No,No,Yes,No,No internet,No internet,Month-to-month,Yes,Credit card,55.43,2821.56,Yes
CUST02091,Female,0,No,Yes,5,Yes,Yes,DSL,Yes,No internet,No,No,No,No internet,Month-to-month,Yes,Electronic check,33.22,130.66,Yes
CUST02092,Female,0,Yes,Yes,32,Yes,Yes,DSL,No internet,No,Yes,No,No internet,Yes,Month-to-month,Yes,Bank transfer,93.59,3074.91,Yes
CUST02093,Female,1,Yes,Yes,31,No,No,No,Yes,Yes,No,No,Yes,No internet,Month-to-month,No,Bank transfer,62.49,1899.2,No
CUST02094,Male,0,Yes,No,0,No,No,Fiber optic,No,No,No,No,No internet,No,Month-to-month,No,Credit card,72.93,102.43,Yes
CUST02095,Male,0,Yes,No,5,Yes,No,Fiber optic,No,No,No,Yes,Yes,No internet,One year,Yes,Credit card,47.15,377.73,No
CUST02096,Female,0,No,No,16,Yes,Yes,DSL,No,Yes,Yes,No internet,No,Yes,One year,Yes,Credit card,41.52,800.99,No
CUST02097,Female,0,Yes,No,13,No,Yes,No,No internet,No,No,No,No internet,No,Month-to-month,Yes,Bank transfer,74.45,914.03,No
CUST02098,Female,0,No,No,60,Yes,No,Fiber optic,No,Yes,No,No,No,No,One year,Yes,Credit card,89.13,5240.67,No
CUST02099,Male,0,No,No,10,Yes,No,No,Yes,No internet,No internet,No internet,No internet,No internet,Two year,Yes,Mailed check,65.83,718.75,Yes
CUST02100,Male,0,Yes,Yes,66,Yes,No phone service,DSL,No,No internet,No,No,No internet,No internet,Two year,Yes,Electronic check,65.21,4288.81,No
CUST02101,Male,0,Yes,Yes,14,Yes,Yes,Fiber optic,No internet,Yes,Yes,No,No,Yes,Two year,Yes,Credit card,63.7,880.62,No
CUST02102,Male,0,Yes,No,72,Yes,Yes,Fiber optic,No,No,No,No,No,No,Two year,Yes,Bank transfer,40.4,3100.74,No
CUST02103,Female,0,Yes,No,32,No,No phone service,DSL,No internet,No,Yes,Yes,Yes,No internet,Month-to-month,Yes,Electronic check,71.96,2286.04,No
CUST02104,Female,0,No,No,42,Yes,Yes,Fiber optic,No,Yes,No,No internet,Yes,No,Month-to-month,Yes,Credit card,57.59,2346.48,Yes
CUST02105,Female,0,Yes,No,2,No,Yes,DSL,No,No internet,No internet,No,Yes,No,Month-to-month,Yes,Mailed check,72.45,0.0,Yes
CUST02106,Male,1,No,No,21,Yes,No,No,No,Yes,No,Yes,No internet,No,One year,Yes,Electronic check,84.54,1665.45,No
CUST02107,Male,1,No,No,3,Yes,No,Fiber optic,Yes,No,Yes,No internet,No,Yes,Two year,Yes,Bank transfer,64.27,161.58,Yes
CUST02108,Male,0,No,No,8,Yes,No,DSL,No,Yes,No,No,No,No internet,Month-to-month,Yes,Mailed check,70.2,651.1,Yes
CUST02109,Female,0,No,No,23,Yes,Yes,Fiber optic,No,No internet,No internet,No,No internet,No,Month-to-month,Yes,Mailed check,97.44,2379.62,Yes
CUST02110,Female,0,Yes,Yes,31,Yes,No phone service,Fiber optic,No internet,No,No internet,No internet,No internet,Yes,One year,Yes,Electronic check,64.75,2016.2,No
CUST02111,Male,0,Yes,Yes,0,Yes,No,Fiber optic,No internet,No internet,No internet,No,Yes,No internet,Month-to-month,Yes,Credit card,55.17,0.0,Yes
CUST02112,Female,0,Yes,Yes,18,Yes,Yes,No,Yes,No,No,No,No internet,No internet,Month-to-month,Yes,Credit card,40.31,672.68,Yes
CUST02113,Male,0,Yes,No,19,No,Yes,No,No,Yes,No,Yes,No,No,Month-to-month,Yes,Electronic check,46.51,919.52,No
CUST02114,Male,0,No,No,1,Yes,No,Fiber optic,No internet,Yes,Yes,No internet,No internet,No internet,Two year,Yes,Electronic check,36.77,0.0,Yes
CUST02115,Female,0,No,Yes,16,Yes,Yes,Fiber optic,No,No internet,No internet,No,No internet,Yes,Month-to-month,Yes,Electronic check,58.79,1026.68,Yes
CUST02116,Male,1,Yes,No,30,Yes,No,Fiber optic,Yes,Yes,Yes,No,No,No internet,Month-to-month,Yes,Credit card,80.64,2535.66,Yes
CUST02117,Female,0,Yes,Yes,1,Yes,Yes,DSL,Yes,Yes,Yes,No,No,Yes,Month-to-month,No,Credit card,40.35,162.58,Yes
CUST02118,Male,0,Yes,No,34,Yes,Yes,No,No,No,No,No,No internet,No internet,Month-to-month,Yes,Mailed check,71.28,2277.48,No
CUST02119,Female,0,No,No,20,Yes,Yes,No,No,Yes,No,No,Yes,No internet,Month-to-month,Yes,Credit card,74.99,1534.4,Yes
CUST02120,Female,0,No,No,42,Yes,No,Fiber optic,Yes,No internet,No,No,No,Yes,Month-to-month,Yes,Bank transfer,73.71,3074.65,Yes
CUST02121,Female,1,No,No,5,Yes,Yes,DSL,No,Yes,No,No,Yes,No internet,Month-to-month,Yes,Mailed check,78.87,218.17,Yes
CUST02122,Male,0,No,Yes,42,Yes,No phone service,DSL,Yes,No,No,Yes,Yes,No internet,Month-to-month,Yes,Mailed check,44.7,1870.42,Yes
CUST02123,Male,0,Yes,No,2,Yes,Yes,DSL,No,No,No,No,No,No internet,One year,Yes,Electronic check,27.29,15.59,No
CUST02124,Female,0,Yes,Yes,12,Yes,No,DSL,No,Yes,Yes,No,No,No,Month-to-month,Yes,Electronic check,65.52,739.94,No
CUST02125,Female,1,Yes,Yes,5,Yes,Yes,No,No,Yes,No,No,No,No,Two year,No,Mailed check,66.19,491.56,Yes
CUST02126,Male,0,Yes,Yes,50,Yes,No,No,No,No,No,Yes,Yes,Yes,Month-to-month,Yes,Electronic check,76.22,3658.02,Yes
CUST02127,Male,0,No,No,29,No,No phone service,DSL,Yes,Yes,No internet,No,Yes,No,Month-to-month,No,Electronic check,66.24,1913.84,Yes
CUST02128,Male,0,No,No,0,Yes,Yes,Fiber optic,Yes,No,No,No internet,Yes,No,Two year,No,Electronic check,33.01,18.26,No
CUST02129,Female,0,No,No,0,Yes,No,DSL,No,Yes,No,Yes,No internet,Yes,Month-to-month,No,Bank transfer,24.42,0.0,No
CUST02130,Male,0,Yes,No,8,Yes,Yes,DSL,No internet,No internet,No,Yes,No internet,Yes,Month-to-month,No,Credit card,67.98,549.36,Yes
CUST02131,Male,0,Yes,Yes,3,Yes,No,DSL,No,Yes,No,No,No internet,No,Month-to-month,Yes,Credit card,67.97,226.17,Yes
CUST02132,Female,0,Yes,No,23,Yes,No,Fiber optic,No internet,No internet,Yes,No internet,Yes,Yes,Two year,Yes,Bank transfer,51.25,1262.02,No
CUST02133,Male,0,No,No,26,Yes,Yes,DSL,No internet,Yes,No internet,Yes,No internet,Yes,Two year,Yes,Bank transfer,31.26,534.31,No
CUST02134,Male,0,No,No,68,Yes,Yes,DSL,No internet,No internet,No internet,No,No,No,Month-to-month,Yes,Mailed check,81.95,5567.42,No
CUST02135,Male,0,Yes,No,72,Yes,Yes,Fiber optic,No internet,No,No internet,Yes,No internet,No internet,One year,Yes,Electronic check,75.84,5411.18,No
CUST02136,Female,0,No,Yes,25,Yes,Yes,DSL,No,No,Yes,Yes,No,Yes,Month-to-month,No,Mailed check,74.97,1908.95,No
CUST02137,Female,1,No,Yes,0,Yes,Yes,Fiber optic,No internet,Yes,Yes,No,No,No internet,Two year,Yes,Electronic check,45.64,33.75,Yes
CUST02138,Female,0,Yes,No,10,Yes,Yes,No,No,Yes,No internet,No,No,No internet,Month-to-month,Yes,Bank transfer,65.72,682.8,Yes
CUST02139,Female,0,No,Yes,17,Yes,Yes,DSL,No,No,Yes,No,No,No,Two year,No,Electronic check,60.1,1034.31,No
CUST02140,Female,0,Yes,Yes,16,Yes,No phone service,No,No internet,No,No,Yes,Yes,Yes,Month-to-month,Yes,Bank transfer,77.56,1233.85,Yes
CUST02141,Female,0,No,No,22,Yes,Yes,Fiber optic,Yes,No,Yes,No,Yes,No internet,Month-to-month,Yes,Electronic check,69.38,,No
CUST02142,Female,0,No,No,72,Yes,Yes,Fiber optic,No internet,Yes,No,No,No,Yes,Month-to-month,Yes,Electronic check,80.12,5583.82,Yes
CUST02143,Male,0,No,No,51,Yes,Yes,DSL,No,No,No internet,No,No internet,No,One year,No,Credit card,81.11,4441.88,No
CUST02144,Male,0,Yes,No,2,Yes,No phone service,Fiber optic,Yes,No,No,No internet,No,No,One year,Yes,Electronic check,51.14,167.52,No
CUST02145,Female,0,Yes,No,7,Yes,No,Fiber optic,No internet,Yes,Yes,No,No internet,No internet,Month-to-month,No,Mailed check,30.64,381.1,Yes
CUST02146,Male,0,Yes,Yes,42,Yes,Yes,DSL,No,No internet,No,No internet,No,No internet,One year,Yes,Electronic check,80.18,3368.16,No
CUST02147,Male,0,Yes,No,41,Yes,No,Fiber optic,No internet,No internet,Yes,Yes,No,Yes,One year,No,Electronic check,69.81,2916.98,No
CUST02148,Female,0,No,No,7,Yes,No,Fiber optic,Yes,Yes,Yes,No internet,No internet,Yes,Two year,Yes,Bank transfer,21.57,0.0,No
CUST02149,Male,0,No,Yes,31,Yes,No phone service,Fiber optic,No internet,No,No internet,Yes,No internet,No,Month-to-month,No,Bank transfer,43.89,1527.39,Yes
CUST02150,Male,0,Yes,Yes,26,No,No,DSL,No,No,No internet,No internet,No,No internet,Month-to-month,No,Electronic check,54.55,1552.78,No
CUST02151,Male,0,Yes,No,15,Yes,Yes,Fiber optic,Yes,Yes,No,No internet,Yes,No,Month-to-month,Yes,Credit card,70.64,964.85,Yes
CUST02152,Male,0,Yes,No,5,Yes,Yes,DSL,Yes,No,No,No,Yes,No internet,Month-to-month,Yes,Bank transfer,42.95,154.26,Yes
CUST02153,Male,0,Yes,Yes,52,Yes,No,DSL,No,Yes,No internet,No,No,Yes,One year,Yes,Electronic check,87.23,4518.02,Yes
CUST02154,Female,0,Yes,No,27,Yes,No phone service,Fiber optic,No internet,Yes,Yes,No,Yes,Yes,One year,Yes,Electronic check,75.37,2075.18,No
CUST02155,Female,0,Yes,No,4,Yes,Yes,Fiber optic,No,No internet,Yes,No,No internet,Yes,One year,No,Bank transfer,49.28,175.42,No
CUST02156,Female,0,No,No,29,Yes,Yes,Fiber optic,No,No,No,Yes,No,Yes,Month-to-month,Yes,Bank transfer,75.97,2272.34,Yes
CUST02157,Male,1,Yes,No,32,No,No,No,No internet,Yes,Yes,No,Yes,No internet,One year,No,Electronic check,75.28,2433.26,No
CUST02158,Female,1,No,No,52,Yes,Yes,No,No internet,No,Yes,No,Yes,No internet,Month-to-month,No,Mailed check,74.84,,Yes
CUST02159,Male,0,No,No,6,Yes,Yes,DSL,No internet,No internet,No,Yes,Yes,No internet,Two year,Yes,Electronic check,49.7,301.42,No
CUST02160,Male,0,Yes,No,72,Yes,Yes,Fiber optic,No,Yes,No,No,Yes,No,Month-to-month,Yes,Electronic check,74.31,5488.69,Yes
CUST02161,Male,0,No,Yes,3,Yes,No phone service,Fiber optic,Yes,No,Yes,No internet,No,No,One year,Yes,Electronic check,63.7,275.82,No
CUST02162,Male,0,No,Yes,22,Yes,No,No,No,No internet,No,No,Yes,Yes,One year,Yes,Credit card,68.11,1461.57,No
CUST02163,Female,0,No,No,25,Yes,No,No,No internet,No internet,No,No internet,No,No,Two year,Yes,Bank transfer,85.7,2234.38,No
CUST02164,Female,0,Yes,No,13,No,Yes,Fiber optic,No,No,Yes,No,No,Yes,Month-to-month,Yes,Bank transfer,55.57,635.78,No
CUST02165,Male,0,Yes,No,15,Yes,No,Fiber optic,No,No internet,No,Yes,Yes,No,Month-to-month,No,Electronic check,63.43,897.52,Yes
CUST02166,Female,0,No,No,53,Yes,Yes,DSL,No,Yes,No internet,No,No internet,Yes,Month-to-month,Yes,Electronic check,81.11,4386.77,No
CUST02167,Male,0,No,Yes,24,Yes,Yes,DSL,No,Yes,No,Yes,Yes,No,Month-to-month,Yes,Electronic check,70.13,1740.15,No
CUST02168,Female,0,Yes,Yes,16,Yes,No phone service,Fiber optic,No internet,Yes,No,No,No,No internet,One year,Yes,Mailed check,64.72,1061.29,Yes
CUST02169,Female,0,Yes,No,3,Yes,No,DSL,Yes,Yes,Yes,Yes,No internet,No internet,Two year,No,Electronic check,40.27,168.02,No
CUST02170,Male,1,Yes,No,0,Yes,Yes,DSL,No,Yes,Yes,No,Yes,No,Month-to-month,Yes,Electronic check,62.12,164.07,Yes
CUST02171,Female,0,Yes,No,3,Yes,No phone service,No,No,No internet,Yes,No internet,Yes,Yes,One year,Yes,Electronic check,52.11,150.87,No
CUST02172,Male,0,No,No,72,Yes,No phone service,No,No internet,No internet,No,No,Yes,Yes,Two year,No,Credit card,119.26,8586.57,No
CUST02173,Female,0,Yes,No,34,Yes,No,DSL,No,Yes,No,No,Yes,Yes,Month-to-month,No,Bank transfer,41.27,1540.58,No
CUST02174,Male,1,Yes,Yes,72,Yes,Yes,No,No,No internet,No,Yes,No,No,Month-to-month,No,Electronic check,107.92,7664.93,Yes
CUST02175,Male,0,No,No,0,Yes,Yes,No,No,No,Yes,No,No,No,Two year,No,Bank transfer,73.12,0.0,No
CUST02176,Female,0,Yes,No,27,Yes,Yes,Fiber optic,No,Yes,Yes,No,Yes,Yes,Two year,Yes,Bank transfer,49.89,,No
CUST02177,Female,0,No,No,1,Yes,No,Fiber optic,Yes,No,No,No internet,No,No internet,Month-to-month,No,Electronic check,83.08,20.12,Yes
CUST02178,Male,0,No,Yes,36,Yes,No phone service,No,Yes,No,No internet,Yes,No,No,Month-to-month,Yes,Electronic check,70.88,2556.68,No
CUST02179,Female,0,Yes,No,11,Yes,No phone service,DSL,Yes,Yes,No,Yes,Yes,Yes,Month-to-month,Yes,Credit card,52.7,462.18,Yes
CUST02180,Female,0,No,No,2,Yes,No phone service,No,Yes,No internet,No,No,No,No internet,One year,No,Electronic check,52.77,131.85,No
CUST02181,Male,0,No,Yes,20,Yes,Yes,DSL,No,No,No,Yes,Yes,No,Month-to-month,Yes,Credit card,63.19,1104.89,Yes
CUST02182,Male,1,Yes,No,7,Yes,No,Fiber optic,No,No,No internet,No,No,No internet,Month-to-month,Yes,Electronic check,67.53,340.78,Yes
CUST02183,Female,0,Yes,No,25,No,No,DSL,No,No internet,Yes,No,No,No,Two year,Yes,Mailed check,45.18,1159.9,No
CUST02184,Male,0,No,Yes,25,Yes,Yes,Fiber optic,Yes,No internet,No internet,Yes,Yes,No,One year,Yes,Electronic check,69.67,1829.64,No
CUST02185,Male,0,No,No,29,Yes,Yes,No,No internet,No,No internet,No internet,Yes,Yes,Two year,Yes,Bank transfer,38.96,1133.83,No
CUST02186,Male,0,No,No,72,Yes,No,DSL,No internet,Yes,No internet,No,Yes,Yes,Month-to-month,No,Credit card,79.98,5896.94,No
CUST02187,Female,1,Yes,No,11,Yes,Yes,Fiber optic,No,Yes,No internet,Yes,Yes,No,Month-to-month,No,Mailed check,60.6,707.38,Yes
CUST02188,Female,0,No,No,15,Yes,No phone service,No,Yes,No,No,Yes,Yes,No,Two year,Yes,Electronic check,58.62,823.82,No
CUST02189,Male,0,Yes,No,39,Yes,Yes,No,No,No internet,Yes,No,No internet,Yes,One year,No,Electronic check,68.62,2809.38,No
CUST02190,Female,0,No,Yes,20,Yes,Yes,No,No,No internet,No internet,No internet,Yes,Yes,Two year,Yes,Credit card,64.3,1341.22,No
CUST02191,Male,0,No,Yes,0,Yes,No phone service,Fiber optic,No,Yes,Yes,Yes,No,No,Two year,Yes,Bank transfer,30.18,48.4,No
CUST02192,Female,0,Yes,Yes,44,Yes,No phone service,Fiber optic,No,No internet,No,No,No internet,No,Two year,No,Electronic check,72.63,3335.42,No
CUST02193,Male,0,No,No,1,Yes,No,Fiber optic,Yes,Yes,No,No internet,Yes,No,Month-to-month,No,Credit card,37.26,0.23,Yes
CUST02194,Male,0,No,No,4,Yes,No,Fiber optic,No,No,Yes,No,No,No,Month-to-month,Yes,Bank transfer,56.82,293.73,Yes
CUST02195,Female,0,No,Yes,2,Yes,No phone service,DSL,Yes,Yes,No,No,No internet,No internet,One year,Yes,Electronic check,77.47,105.62,No
CUST02196,Male,0,Yes,No,1,Yes,No phone service,DSL,No internet,Yes,No internet,No,Yes,No internet,One year,Yes,Bank transfer,52.25,52.37,No
CUST02197,Female,0,No,No,0,Yes,No,DSL,No internet,No,Yes,No,No internet,No,Month-to-month,No,Mailed check,73.65,0.0,Yes
CUST02198,Female,1,No,Yes,1,Yes,No,Fiber optic,No internet,No,Yes,No internet,No,No,Two year,Yes,Credit card,64.5,92.73,Yes
CUST02199,Male,0,Yes,No,14,Yes,No,DSL,Yes,No,No,No internet,No internet,No,Month-to-month,Yes,Mailed check,47.34,738.56,No
CUST02200,Male,0,Yes,No,6,Yes,No,DSL,No,No internet,Yes,Yes,Yes,Yes,Two year,No,Credit card,56.55,331.34,Yes
CUST02201,Female,0,Yes,No,3,Yes,No,DSL,No,No internet,No internet,Yes,Yes,No internet,Month-to-month,Yes,Credit card,20.85,97.59,Yes
CUST02202,Male,0,No,No,25,Yes,No,Fiber optic,Yes,Yes,No internet,Yes,Yes,No internet,Month-to-month,No,Bank transfer,66.33,1436.11,No
CUST02203,Male,0,No,No,6,No,No,No,No,No,No,No,No internet,Yes,Two year,No,Electronic check,72.13,478.05,No
CUST02204,Male,1,Yes,No,0,Yes,Yes,Fiber optic,No,Yes,Yes,No,No internet,No,Month-to-month,Yes,Credit card,45.09,0.0,Yes
CUST02205,Male,0,No,No,13,Yes,No,Fiber optic,No internet,No,No,No internet,No,Yes,Month-to-month,Yes,Mailed check,72.85,1050.24,Yes
CUST02206,Male,1,Yes,No,8,Yes,Yes,DSL,Yes,No internet,No,No,No,No internet,Month-to-month,Yes,Credit card,50.5,496.85,Yes
CUST02207,Female,0,No,No,9,Yes,No,Fiber optic,No,Yes,No,No internet,Yes,Yes,Two year,No,Electronic check,52.49,383.71,Yes
CUST02208,Female,0,Yes,Yes,14,No,No,Fiber optic,No internet,No internet,No internet,No internet,Yes,No,Two year,Yes,Credit card,41.17,522.39,No
CUST02209,Male,1,Yes,No,26,Yes,No,DSL,No,No,No internet,No internet,Yes,No,Two year,No,Credit card,73.24,2041.94,No
CUST02210,Male,0,Yes,No,23,Yes,Yes,No,No,Yes,No,Yes,No,Yes,Two year,Yes,Credit card,106.21,2576.96,No
CUST02211,Male,1,Yes,Yes,66,Yes,Yes,No,Yes,No internet,No,No,No,No,One year,Yes,Electronic check,84.3,5608.01,No
CUST02212,Female,0,No,No,17,Yes,No phone service,No,No internet,No,No,Yes,No,Yes,Month-to-month,Yes,Mailed check,56.18,903.5,No
CUST02213,Male,1,No,Yes,15,Yes,No phone service,Fiber optic,Yes,No,No internet,No,No internet,No,Month-to-month,Yes,Electronic check,67.86,835.1,Yes
CUST02214,Female,0,Yes,No,5,Yes,Yes,No,No internet,No,No,No internet,Yes,Yes,Month-to-month,Yes,Electronic check,50.49,326.47,Yes
CUST02215,Female,0,Yes,Yes,33,Yes,Yes,DSL,No,Yes,No,No,Yes,No,One year,Yes,Electronic check,83.67,2701.9,No
CUST02216,Female,0,Yes,Yes,3,Yes,Yes,Fiber optic,No internet,No,No,Yes,No internet,Yes,Two year,Yes,Credit card,42.2,190.98,Yes
CUST02217,Male,0,No,No,16,Yes,No,No,No,Yes,No,Yes,No,No,Month-to-month,Yes,Bank transfer,62.95,1089.84,Yes
CUST02218,Female,0,No,No,13,No,No,DSL,No internet,No,Yes,No internet,No,No,Month-to-month,Yes,Electronic check,50.72,,No
CUST02219,Male,0,Yes,Yes,25,Yes,No,DSL,No,No,Yes,No,No,No,Month-to-month,Yes,Credit card,86.65,2187.71,Yes
CUST02220,Female,0,No,No,59,Yes,No,DSL,No internet,Yes,Yes,No,No,Yes,Month-to-month,Yes,Bank transfer,83.4,5051.86,No
CUST02221,Male,0,Yes,Yes,70,Yes,No,No,Yes,No,Yes,No,Yes,No,One year,Yes,Credit card,87.2,6081.7,No
CUST02222,Female,0,No,No,4,Yes,Yes,Fiber optic,No,No internet,No internet,No,No,Yes,One year,No,Credit card,62.87,194.51,Yes
CUST02223,Male,0,No,No,7,Yes,No,Fiber optic,No internet,No,Yes,No internet,Yes,No,One year,Yes,Bank transfer,75.35,568.4,Yes
CUST02224,Female,0,No,Yes,40,Yes,No,Fiber optic,Yes,Yes,No internet,No,Yes,No internet,Month-to-month,No,Electronic check,85.37,3393.54,Yes
CUST02225,Male,0,No,No,17,Yes,No,No,No,No,Yes,No,Yes,No internet,Two year,Yes,Credit card,71.72,1231.19,No
CUST02226,Male,0,No,Yes,14,No,No phone service,No,No,No,Yes,No internet,Yes,Yes,Month-to-month,No,Electronic check,75.93,1166.03,No
CUST02227,Male,0,No,Yes,29,Yes,No,DSL,No,No,No internet,No,No internet,Yes,Month-to-month,Yes,Bank transfer,64.61,1758.24,Yes
CUST02228,Male,0,No,No,22,Yes,Yes,Fiber optic,No,No,No internet,Yes,No internet,No,One year,Yes,Credit card,92.0,2081.62,No
CUST02229,Female,1,Yes,No,72,Yes,Yes,No,Yes,No,Yes,No,Yes,Yes,Month-to-month,Yes,Electronic check,108.74,7767.66,Yes
CUST02230,Female,0,Yes,No,21,Yes,No,Fiber optic,Yes,No internet,Yes,No,No internet,No,Month-to-month,Yes,Bank transfer,69.11,1418.62,Yes
CUST02231,Male,0,Yes,No,15,Yes,Yes,Fiber optic,Yes,No internet,Yes,Yes,No internet,No,Month-to-month,Yes,Mailed check,56.04,845.43,Yes
CUST02232,Female,0,No,No,18,Yes,Yes,No,No,No,No,Yes,No,No internet,One year,No,Electronic check,36.69,648.5,No
CUST02233,Male,0,Yes,No,39,Yes,Yes,Fiber optic,Yes,No,Yes,Yes,No,Yes,Two year,Yes,Electronic check,70.67,2588.61,No
CUST02234,Male,0,Yes,No,22,Yes,No phone service,Fiber optic,No,No,Yes,No,No,No internet,One year,Yes,Credit card,48.14,1197.2,No
CUST02235,Female,0,Yes,No,24,Yes,Yes,Fiber optic,No,Yes,No internet,Yes,No,No internet,One year,No,Electronic check,55.37,1442.37,No
CUST02236,Male,0,Yes,No,72,Yes,Yes,No,No,Yes,No internet,No internet,Yes,No,Month-to-month,Yes,Credit card,88.0,6321.68,Yes
CUST02237,Male,0,No,No,23,Yes,No phone service,DSL,No,Yes,No internet,No,Yes,No,Month-to-month,Yes,Bank transfer,81.86,1976.33,Yes
CUST02238,Female,0,No,No,11,Yes,No,DSL,No,No internet,No,No internet,No internet,Yes,Month-to-month,Yes,Bank transfer,53.75,551.53,Yes
CUST02239,Male,0,No,No,28,Yes,Yes,No,Yes,No,Yes,No,No internet,No,Two year,Yes,Credit card,49.41,1285.15,No
CUST02240,Male,1,No,No,25,Yes,No,Fiber optic,No internet,Yes,No,No internet,No,No,Month-to-month,Yes,Mailed check,50.98,1279.98,Yes
CUST02241,Male,0,No,No,0,Yes,Yes,Fiber optic,Yes,No,No internet,No internet,Yes,No,Two year,Yes,Mailed check,33.92,0.0,Yes
CUST02242,Male,0,Yes,No,15,Yes,No,Fiber optic,No,Yes,Yes,Yes,No internet,Yes,Month-to-month,Yes,Electronic check,89.76,1407.3,Yes
CUST02243,Female,1,Yes,No,32,Yes,No,Fiber optic,Yes,Yes,No internet,Yes,Yes,No internet,One year,Yes,Bank transfer,67.55,2091.31,No
CUST02244,Female,0,No,No,16,Yes,Yes,Fiber optic,No,No,Yes,No,Yes,Yes,Two year,Yes,Mailed check,31.28,,No
CUST02245,Female,0,Yes,No,36,Yes,No,Fiber optic,No,No,Yes,No,Yes,Yes,Month-to-month,No,Electronic check,72.5,2247.33,Yes
CUST02246,Male,0,Yes,No,14,Yes,Yes,Fiber optic,Yes,No internet,No,No,No,No,One year,No,Bank transfer,47.99,659.14,No
CUST02247,Male,1,No,No,72,Yes,No,Fiber optic,Yes,Yes,No internet,Yes,No internet,No,Month-to-month,Yes,Mailed check,95.75,6925.96,Yes
CUST02248,Female,1,Yes,No,8,Yes,No,DSL,Yes,No,Yes,No,No,No,Month-to-month,Yes,Credit card,77.26,751.84,Yes
CUST02249,Male,0,Yes,No,2,Yes,Yes,Fiber optic,No,No,Yes,Yes,No,No,Month-to-month,Yes,Mailed check,69.52,0.0,Yes
CUST02250,Male,0,Yes,No,13,Yes,Yes,Fiber optic,No,No internet,No,Yes,Yes,No,Two year,Yes,Credit card,55.08,816.99,No
CUST02251,Male,0,Yes,Yes,18,Yes,No phone service,Fiber optic,Yes,No,No internet,No internet,Yes,No,Month-to-month,Yes,Mailed check,64.13,1105.67,Yes
CUST02252,Male,0,Yes,Yes,10,No,No,No,Yes,No,Yes,Yes,Yes,Yes,Month-to-month,Yes,Credit card,74.79,741.73,Yes
CUST02253,Female,0,Yes,No,6,Yes,No,DSL,No,Yes,No,No,Yes,No,Two year,Yes,Mailed check,41.38,248.85,No
CUST02254,Female,1,No,No,26,Yes,Yes,Fiber optic,No internet,Yes,No internet,Yes,Yes,No internet,Month-to-month,No,Mailed check,54.08,1404.91,Yes
CUST02255,Female,0,No,No,11,Yes,Yes,DSL,No,No internet,No internet,No,No internet,Yes,Month-to-month,No,Mailed check,62.91,488.73,Yes
CUST02256,Male,0,Yes,Yes,23,Yes,No,Fiber optic,No,No,No internet,No internet,No,No internet,Two year,No,Mailed check,46.11,1132.13,No
CUST02257,Female,0,No,No,36,Yes,Yes,Fiber optic,No,Yes,No internet,No,No,Yes,Month-to-month,Yes,Credit card,61.5,2297.29,No
CUST02258,Female,0,Yes,No,34,Yes,Yes,Fiber optic,Yes,No,Yes,No,No internet,No,Month-to-month,No,Electronic check,67.09,2376.73,No
CUST02259,Male,0,Yes,No,11,Yes,No,DSL,No internet,Yes,Yes,Yes,Yes,No,Two year,Yes,Electronic check,58.59,693.27,No
CUST02260,Male,0,Yes,No,20,Yes,Yes,No,Yes,No,No internet,No internet,No internet,Yes,Month-to-month,No,Credit card,55.69,1093.0,Yes
CUST02261,Female,1,No,No,14,Yes,No,Fiber optic,No,Yes,No,Yes,Yes,No,Month-to-month,No,Bank transfer,81.93,1000.27,Yes
CUST02262,Female,1,Yes,No,49,Yes,No,Fiber optic,No internet,No internet,No,No internet,No internet,No internet,Month-to-month,No,Electronic check,83.35,4128.79,Yes
CUST02263,Female,0,No,Yes,50,Yes,Yes,Fiber optic,No,No internet,No,No,Yes,No internet,One year,No,Mailed check,50.5,2528.61,No
CUST02264,Female,1,No,No,10,Yes,No,Fiber optic,Yes,No internet,Yes,No,Yes,Yes,Month-to-month,Yes,Mailed check,68.44,684.13,Yes
CUST02265,Male,0,No,No,2,Yes,Yes,No,No,Yes,No,No internet,No,Yes,Month-to-month,Yes,Bank transfer,53.26,150.58,Yes
CUST02266,Female,0,No,No,4,Yes,No phone service,Fiber optic,No internet,No internet,Yes,No,No,Yes,Month-to-month,No,Credit card,47.63,186.0,Yes
CUST02267,Female,0,No,Yes,10,Yes,No phone service,Fiber optic,No internet,No,No,Yes,No internet,No,Month-to-month,No,Mailed check,51.39,469.51,Yes
CUST02268,Male,0,Yes,No,19,Yes,No,No,No,No internet,No internet,No,Yes,No,One year,No,Bank transfer,52.07,871.26,No
CUST02269,Female,1,Yes,No,25,Yes,Yes,DSL,No,Yes,No,No,No,No,Month-to-month,Yes,Credit card,59.68,1491.49,Yes
CUST02270,Male,0,No,No,9,Yes,No phone service,Fiber optic,No,Yes,No,No,No internet,No,One year,Yes,Credit card,77.08,841.05,Yes
CUST02271,Male,0,No,No,26,Yes,No phone service,Fiber optic,No,No internet,Yes,Yes,No,No internet,Month-to-month,Yes,Electronic check,72.38,1771.61,Yes
CUST02272,Male,0,Yes,Yes,66,No,Yes,DSL,No internet,Yes,Yes,Yes,No,Yes,Month-to-month,No,Mailed check,93.18,6250.23,Yes
CUST02273,Female,0,Yes,No,25,Yes,No,No,Yes,No,No,No,Yes,No,Month-to-month,Yes,Bank transfer,59.21,1551.76,Yes
CUST02274,Female,0,Yes,No,4,Yes,Yes,DSL,No,No,No,No,No internet,No,Month-to-month,Yes,Credit card,38.63,0.0,Yes
CUST02275,Male,0,Yes,No,20,Yes,Yes,Fiber optic,No internet,No,Yes,No internet,No,Yes,Month-to-month,No,Credit card,18.0,420.85,Yes
CUST02276,Female,0,Yes,No,18,No,No,DSL,No internet,No,No internet,No internet,No internet,Yes,One year,Yes,Bank transfer,76.15,1372.53,No
CUST02277,Female,0,No,No,49,Yes,No,No,Yes,No,No,No internet,No,Yes,One year,No,Credit card,105.46,5159.43,No
CUST02278,Male,0,No,No,10,Yes,Yes,DSL,Yes,Yes,No,No,No internet,No internet,Month-to-month,No,Mailed check,34.7,546.59,Yes
CUST02279,Male,0,Yes,No,13,Yes,Yes,DSL,No,No internet,Yes,No,No,No,One year,Yes,Credit card,26.99,445.03,No
CUST02280,Female,0,No,Yes,21,Yes,No,DSL,No,No,No internet,No,Yes,No internet,Two year,Yes,Credit card,70.32,1383.95,No
CUST02281,Male,0,No,No,17,Yes,Yes,Fiber optic,No,Yes,No internet,No internet,No,No,Month-to-month,No,Credit card,85.38,1515.47,Yes
CUST02282,Female,0,Yes,Yes,30,Yes,No,Fiber optic,Yes,Yes,No,No internet,No internet,No,Month-to-month,Yes,Credit card,53.71,1519.56,Yes
CUST02283,Female,0,Yes,Yes,0,Yes,No,DSL,No,No internet,Yes,No,Yes,No,One year,Yes,Mailed check,79.35,0.0,No
CUST02284,Female,0,No,No,19,Yes,No,DSL,No internet,Yes,Yes,No,Yes,Yes,Month-to-month,No,Electronic check,66.89,1286.88,No
CUST02285,Female,1,No,No,3,Yes,Yes,DSL,Yes,No internet,No,No internet,No internet,No internet,Two year,Yes,Mailed check,24.09,189.63,No
CUST02286,Male,0,Yes,No,9,Yes,No,Fiber optic,Yes,No internet,Yes,No internet,Yes,No,Two year,Yes,Credit card,71.8,497.49,Yes
CUST02287,Male,0,No,Yes,26,Yes,Yes,DSL,No internet,Yes,Yes,No internet,No,Yes,Month-to-month,Yes,Credit card,59.29,1491.08,No
CUST02288,Male,1,Yes,No,4,No,No,Fiber optic,No,No internet,Yes,No internet,Yes,No,Two year,Yes,Electronic check,60.05,357.8,No
CUST02289,Male,0,Yes,No,8,Yes,Yes,DSL,No internet,Yes,Yes,No,Yes,Yes,Month-to-month,Yes,Electronic check,49.94,305.41,Yes
CUST02290,Female,0,Yes,Yes,29,Yes,Yes,No,No,Yes,No internet,No,No,Yes,Month-to-month,Yes,Mailed check,65.73,1909.43,Yes
CUST02291,Female,0,Yes,No,25,Yes,Yes,DSL,No,No,No,No,No internet,No internet,Month-to-month,Yes,Mailed check,49.68,1210.82,Yes
CUST02292,Male,1,No,No,2,Yes,No,Fiber optic,No internet,No,Yes,No,Yes,No,Month-to-month,No,Electronic check,43.48,214.61,Yes
CUST02293,Female,1,No,Yes,20,No,No,No,No,Yes,No,No internet,No,Yes,Month-to-month,Yes,Credit card,79.06,1613.11,Yes
CUST02294,Female,0,Yes,No,3,Yes,Yes,No,No,No,Yes,Yes,Yes,No,Month-to-month,No,Electronic check,33.18,69.68,Yes
CUST02295,Female,0,No,No,6,No,No,Fiber optic,No internet,No,No internet,No,Yes,No internet,One year,Yes,Bank transfer,36.94,,No
CUST02296,Male,0,No,No,14,Yes,Yes,Fiber optic,No internet,Yes,No,No,No internet,No,Month-to-month,Yes,Electronic check,27.28,592.42,Yes
CUST02297,Male,1,Yes,Yes,2,Yes,No,DSL,No,No,No,No internet,Yes,Yes,Month-to-month,No,Credit card,75.06,142.54,Yes
CUST02298,Male,1,No,No,72,No,Yes,DSL,No internet,No,Yes,No,No,Yes,Month-to-month,Yes,Bank transfer,120.0,8617.37,Yes
CUST02299,Female,0,Yes,No,4,Yes,No,No,Yes,Yes,No,Yes,No,No internet,Month-to-month,Yes,Mailed check,31.93,177.65,Yes
CUST02300,Male,0,No,No,36,Yes,No phone service,Fiber optic,Yes,No,No,No,No,No,Month-to-month,Yes,Bank transfer,57.04,2125.36,Yes
CUST02301,Male,0,Yes,Yes,42,Yes,No phone service,Fiber optic,Yes,Yes,No,No,No,No internet,One year,Yes,Electronic check,70.81,2834.16,No
CUST02302,Male,0,No,No,72,Yes,No,Fiber optic,No,No,Yes,No internet,No,No,Month-to-month,Yes,Credit card,98.33,7060.61,Yes
CUST02303,Male,0,Yes,No,13,Yes,Yes,No,No,Yes,No,No internet,Yes,No,One year,Yes,Credit card,55.41,613.07,No
CUST02304,Male,0,No,Yes,49,Yes,Yes,Fiber optic,No,No,No,Yes,Yes,No,Month-to-month,Yes,Bank transfer,99.18,4803.52,Yes
CUST02305,Male,0,No,No,72,Yes,Yes,DSL,No internet,No internet,Yes,Yes,Yes,Yes,One year,No,Electronic check,74.77,5511.08,No
CUST02306,Female,0,Yes,No,4,Yes,Yes,Fiber optic,Yes,No,Yes,No internet,No,Yes,Month-to-month,No,Electronic check,52.06,323.58,Yes
CUST02307,Female,1,Yes,Yes,15,Yes,Yes,DSL,No,Yes,Yes,No,No internet,Yes,Month-to-month,Yes,Bank transfer,68.06,1079.85,No
CUST02308,Male,0,Yes,No,1,Yes,No,Fiber optic,No,No internet,No internet,Yes,No,No internet,One year,No,Electronic check,24.19,0.0,No
CUST02309,Male,0,No,No,23,Yes,No,No,No,No,No,No internet,No,No,Month-to-month,Yes,Bank transfer,59.61,1389.68,Yes
CUST02310,Female,0,Yes,Yes,20,Yes,No phone service,No,No,No,No internet,No internet,No internet,No internet,Two year,Yes,Mailed check,64.66,1235.56,No
CUST02311,Female,1,No,No,5,Yes,Yes,DSL,No,No,Yes,No,No,No,One year,No,Electronic check,39.88,298.58,Yes
CUST02312,Male,0,Yes,No,38,Yes,No,DSL,No,Yes,No internet,Yes,Yes,Yes,Month-to-month,Yes,Electronic check,57.83,2141.09,Yes
CUST02313,Male,0,Yes,Yes,0,Yes,Yes,Fiber optic,No internet,No internet,No internet,Yes,Yes,No internet,Two year,Yes,Credit card,77.28,0.0,Yes
CUST02314,Male,0,Yes,No,39,Yes,No,Fiber optic,No internet,No,No,No,No,No,Two year,Yes,Credit card,58.26,2308.39,No
CUST02315,Male,0,Yes,No,0,Yes,No phone service,DSL,No,No,No,Yes,No,No internet,Month-to-month,Yes,Electronic check,51.88,121.35,Yes
CUST02316,Female,0,No,No,25,Yes,Yes,Fiber optic,Yes,Yes,No,No internet,Yes,Yes,Month-to-month,Yes,Electronic check,57.94,1555.21,Yes
CUST02317,Male,0,No,No,1,Yes,Yes,DSL,No internet,No internet,Yes,Yes,Yes,Yes,One year,No,Mailed check,41.2,171.12,Yes
CUST02318,Male,1,Yes,No,6,Yes,Yes,Fiber optic,No,No internet,Yes,Yes,No,Yes,Month-to-month,Yes,Electronic check,45.03,401.02,Yes
CUST02319,Male,0,Yes,No,30,Yes,No,No,No internet,No internet,Yes,No,Yes,Yes,Month-to-month,Yes,Credit card,70.45,2276.72,No
CUST02320,Male,1,Yes,No,7,Yes,Yes,Fiber optic,Yes,Yes,No internet,No,No,No,One year,Yes,Bank transfer,49.51,364.66,Yes
CUST02321,Female,0,No,No,17,Yes,No,DSL,No internet,No,No,Yes,Yes,No internet,One year,No,Credit card,52.33,845.08,No
CUST02322,Female,0,Yes,No,59,Yes,No,No,No,Yes,Yes,No internet,No,No internet,One year,Yes,Credit card,97.96,5697.22,No
CUST02323,Female,0,No,No,1,Yes,No,Fiber optic,No,Yes,No,No internet,Yes,No internet,One year,Yes,Bank transfer,37.21,156.68,No
CUST02324,Male,0,No,No,39,Yes,No,Fiber optic,Yes,No,Yes,No,No internet,Yes,Month-to-month,No,Bank transfer,86.69,3363.82,Yes
CUST02325,Male,0,Yes,No,1,Yes,No,DSL,No,No,Yes,Yes,No,Yes,Month-to-month,Yes,Credit card,43.65,0.0,Yes
CUST02326,Female,0,No,Yes,3,Yes,No,DSL,Yes,Yes,No,No,No internet,Yes,One year,Yes,Bank transfer,48.37,197.38,No
CUST02327,Male,0,Yes,No,3,Yes,Yes,DSL,Yes,No,No internet,No internet,No,No,Month-to-month,Yes,Electronic check,58.43,30.55,Yes
CUST02328,Male,0,Yes,No,72,No,No,No,No,No internet,Yes,No internet,Yes,No,Two year,Yes,Bank transfer,64.84,4560.45,No
CUST02329,Female,0,Yes,No,4,Yes,No,Fiber optic,Yes,Yes,No,No,No internet,No internet,Month-to-month,Yes,Mailed check,62.83,,Yes
CUST02330,Female,1,Yes,No,54,Yes,No phone service,Fiber optic,Yes,No,No,Yes,No,Yes,Month-to-month,Yes,Credit card,72.05,3978.96,Yes
CUST02331,Female,0,Yes,Yes,72,Yes,No,No,No,No,No,No internet,Yes,No,One year,Yes,Mailed check,88.7,6353.62,No
CUST02332,Female,0,Yes,No,11,Yes,No,No,No internet,No internet,No,No,Yes,No,Month-to-month,No,Electronic check,37.92,393.87,No
CUST02333,Male,0,Yes,No,23,Yes,No,Fiber optic,Yes,No,No,No,No,No,Month-to-month,Yes,Electronic check,67.0,1619.57,Yes
CUST02334,Male,0,Yes,No,36,No,Yes,Fiber optic,No internet,No,No,Yes,No,No internet,Month-to-month,Yes,Credit card,47.08,1777.69,Yes
CUST02335,Female,0,No,Yes,11,Yes,Yes,Fiber optic,No,No,Yes,Yes,No internet,No internet,Month-to-month,No,Credit card,47.05,310.04,Yes
CUST02336,Male,1,No,No,4,Yes,Yes,Fiber optic,No internet,No,No internet,No,Yes,Yes,Month-to-month,Yes,Bank transfer,53.75,363.32,Yes
CUST02337,Female,0,Yes,No,13,Yes,Yes,DSL,Yes,No,Yes,Yes,Yes,No internet,Month-to-month,Yes,Electronic check,64.16,801.35,Yes
CUST02338,Female,0,Yes,Yes,35,Yes,Yes,Fiber optic,Yes,No,Yes,No,No,Yes,One year,Yes,Electronic check,89.13,3045.03,Yes
CUST02339,Male,0,Yes,No,36,Yes,No,Fiber optic,No internet,No,No internet,No,Yes,Yes,Two year,No,Mailed check,61.05,2150.98,No
CUST02340,Female,0,No,No,6,Yes,No,No,No,No internet,Yes,No internet,Yes,No internet,Month-to-month,No,Credit card,47.74,150.0,No
CUST02341,Male,0,No,No,4,Yes,No,Fiber optic,No,No,No,Yes,No,No internet,Month-to-month,Yes,Credit card,41.16,419.34,Yes
CUST02342,Male,0,Yes,No,60,Yes,Yes,Fiber optic,No,No internet,Yes,No internet,Yes,No,One year,No,Credit card,103.42,6074.66,No
CUST02343,Male,0,Yes,No,1,Yes,Yes,No,No internet,Yes,Yes,Yes,No,Yes,Two year,Yes,Bank transfer,46.29,0.0,No
CUST02344,Male,1,Yes,No,31,Yes,Yes,DSL,Yes,No,No internet,No internet,No,No internet,Month-to-month,Yes,Credit card,82.48,2530.8,No
CUST02345,Female,0,Yes,Yes,1,Yes,Yes,Fiber optic,No,Yes,No,No,No,No internet,Month-to-month,Yes,Electronic check,56.14,0.0,Yes
CUST02346,Male,0,No,Yes,43,Yes,Yes,Fiber optic,No,No,No,No,Yes,Yes,Month-to-month,No,Electronic check,59.33,2563.35,Yes
CUST02347,Female,0,No,Yes,56,Yes,No,DSL,No,No internet,No internet,No,Yes,No internet,Month-to-month,Yes,Credit card,86.17,4989.76,Yes
CUST02348,Female,0,Yes,Yes,8,Yes,Yes,Fiber optic,No,No internet,No,No,No,No internet,One year,No,Electronic check,72.58,597.19,Yes
CUST02349,Female,0,Yes,No,1,No,Yes,DSL,No internet,Yes,No,No,Yes,No,Two year,No,Bank transfer,43.8,77.68,No
CUST02350,Female,0,Yes,No,15,Yes,No,Fiber optic,Yes,No internet,No internet,No internet,No,No,One year,Yes,Bank transfer,71.88,1049.08,No
CUST02351,Male,1,Yes,Yes,8,Yes,Yes,DSL,No,No internet,No,No internet,Yes,Yes,Two year,Yes,Electronic check,68.25,441.92,Yes
CUST02352,Male,1,No,Yes,12,Yes,No,DSL,No,No internet,No,Yes,No internet,No,Month-to-month,Yes,Electronic check,48.17,,No
CUST02353,Female,1,No,No,26,Yes,Yes,DSL,No,No,Yes,No,Yes,No,Two year,Yes,Electronic check,96.22,2607.25,No
CUST02354,Female,0,Yes,Yes,5,Yes,Yes,Fiber optic,No,No,Yes,No,No,No internet,Month-to-month,Yes,Bank transfer,63.82,454.85,Yes
CUST02355,Male,0,Yes,No,10,No,Yes,Fiber optic,No,Yes,No internet,No internet,No,No,Month-to-month,No,Electronic check,35.84,362.53,Yes
CUST02356,Female,0,No,Yes,36,Yes,Yes,DSL,No,No,Yes,No internet,No,Yes,One year,No,Mailed check,53.93,2029.16,No
CUST02357,Male,0,No,No,24,Yes,Yes,DSL,No,Yes,No,No,No,No internet,Month-to-month,Yes,Bank transfer,81.34,1874.65,Yes
CUST02358,Female,0,Yes,No,9,Yes,Yes,No,No,No internet,Yes,Yes,Yes,No,Month-to-month,No,Electronic check,39.73,296.09,Yes
CUST02359,Male,0,Yes,No,26,Yes,Yes,No,Yes,No,No internet,No,No,No,One year,No,Electronic check,42.89,955.02,No
CUST02360,Female,0,Yes,No,34,Yes,No,Fiber optic,No internet,Yes,Yes,No,No,Yes,Month-to-month,Yes,Mailed check,43.45,1588.25,Yes
CUST02361,Female,0,No,No,21,Yes,Yes,Fiber optic,No,No internet,No internet,No,No internet,Yes,One year,Yes,Electronic check,50.47,1002.22,No
CUST02362,Male,0,No,Yes,6,Yes,Yes,Fiber optic,No,Yes,No,No,No internet,Yes,Month-to-month,Yes,Bank transfer,63.58,248.71,Yes
CUST02363,Female,0,Yes,No,0,Yes,No,DSL,No,No internet,Yes,Yes,Yes,Yes,Two year,Yes,Credit card,53.79,50.15,No
CUST02364,Female,0,No,No,38,Yes,No,No,Yes,Yes,No,No,No internet,Yes,Month-to-month,Yes,Electronic check,50.01,2034.59,Yes
CUST02365,Male,0,No,No,41,Yes,Yes,Fiber optic,No internet,No,No internet,No internet,No,Yes,Month-to-month,No,Credit card,66.2,,Yes
CUST02366,Female,0,Yes,No,28,No,Yes,DSL,Yes,No,No,No internet,No internet,Yes,Month-to-month,Yes,Mailed check,73.38,1877.65,Yes
CUST02367,Male,0,Yes,No,1,Yes,No,DSL,No,No internet,Yes,Yes,Yes,Yes,Two year,No,Bank transfer,37.61,5.22,No
CUST02368,Male,0,No,No,21,Yes,Yes,Fiber optic,No internet,No,No,No,No,No internet,One year,Yes,Credit card,57.84,1238.55,No
CUST02369,Female,0,No,No,41,Yes,No,DSL,No,No,Yes,No,No,Yes,Month-to-month,Yes,Bank transfer,96.4,4011.93,Yes
CUST02370,Female,0,No,No,11,Yes,No,Fiber optic,No,Yes,No internet,No,Yes,Yes,Month-to-month,No,Electronic check,56.5,699.18,Yes
CUST02371,Female,0,No,Yes,5,No,No,No,No internet,No internet,No,Yes,Yes,No internet,Month-to-month,Yes,Electronic check,76.67,390.96,Yes
CUST02372,Female,0,Yes,No,21,Yes,Yes,DSL,No internet,No,No,No,Yes,Yes,One year,No,Bank transfer,48.74,997.59,No
CUST02373,Female,0,Yes,No,42,Yes,No,Fiber optic,Yes,No internet,No,No internet,Yes,No,Month-to-month,Yes,Electronic check,64.63,2783.22,Yes
CUST02374,Female,0,No,Yes,1,Yes,No phone service,No,Yes,No,Yes,No,No,No,Month-to-month,No,Mailed check,69.37,0.0,Yes
CUST02375,Female,0,Yes,Yes,21,Yes,Yes,DSL,No,No,Yes,No,Yes,Yes,One year,Yes,Mailed check,61.41,1192.68,No
CUST02376,Male,1,No,Yes,24,Yes,Yes,DSL,No,No internet,No,No,No internet,Yes,Two year,Yes,Electronic check,53.59,1213.53,No
CUST02377,Female,0,No,No,22,Yes,No,No,No,No,No,No internet,No,No internet,Month-to-month,No,Bank transfer,91.49,1968.6,Yes
CUST02378,Male,0,No,No,25,No,No,DSL,No,No,No internet,No internet,No,Yes,Month-to-month,No,Bank transfer,66.68,1528.82,No
CUST02379,Female,0,Yes,Yes,23,Yes,No,DSL,No,No internet,Yes,No,No,No,One year,Yes,Bank transfer,89.66,2159.49,No
CUST02380,Female,0,No,No,3,Yes,No phone service,No,No,Yes,No,No,Yes,Yes,One year,No,Mailed check,41.37,2.89,No
CUST02381,Male,0,No,No,6,Yes,Yes,DSL,Yes,No internet,No internet,No,No,No internet,Month-to-month,No,Electronic check,50.39,33.53,No
CUST02382,Female,0,No,No,23,Yes,Yes,DSL,Yes,Yes,Yes,Yes,No,Yes,Month-to-month,Yes,Mailed check,71.61,1745.67,No
CUST02383,Female,1,Yes,Yes,0,Yes,Yes,DSL,No,No,No,No,No internet,No internet,Month-to-month,Yes,Credit card,81.07,51.55,Yes
CUST02384,Male,0,Yes,No,24,Yes,Yes,No,No,No internet,Yes,Yes,No,Yes,One year,Yes,Bank transfer,77.58,1855.93,No
CUST02385,Female,0,Yes,No,26,Yes,Yes,Fiber optic,No,No,No internet,Yes,No internet,Yes,One year,Yes,Credit card,26.85,745.01,No
CUST02386,Female,0,Yes,No,6,Yes,No,Fiber optic,No,Yes,Yes,Yes,Yes,No,Month-to-month,Yes,Electronic check,42.41,265.35,No
CUST02387,Female,1,Yes,No,21,Yes,No,Fiber optic,No,No,No internet,Yes,No,Yes,Month-to-month,No,Credit card,72.74,,Yes
CUST02388,Male,0,No,No,18,Yes,Yes,DSL,No internet,No,No internet,No,Yes,Yes,Month-to-month,No,Bank transfer,70.45,1191.24,Yes
CUST02389,Female,0,No,No,7,Yes,No,No,Yes,No,No internet,Yes,No,No internet,Two year,Yes,Credit card,48.15,510.56,Yes
CUST02390,Female,0,No,Yes,14,Yes,No,Fiber optic,No,No,No,No,No,No,Month-to-month,Yes,Electronic check,51.08,809.82,No
CUST02391,Female,0,Yes,Yes,57,Yes,Yes,DSL,No,No internet,No internet,No internet,No,Yes,Month-to-month,No,Mailed check,81.84,4604.42,No
CUST02392,Female,0,Yes,No,13,Yes,Yes,No,No internet,No internet,No,No,No,No,Two year,Yes,Credit card,43.5,488.89,No
CUST02393,Male,0,No,Yes,23,Yes,Yes,No,No,Yes,No internet,No internet,Yes,No,Two year,Yes,Bank transfer,51.72,1204.3,No
CUST02394,Male,0,Yes,Yes,0,Yes,No,Fiber optic,No,Yes,Yes,Yes,No internet,Yes,One year,No,Electronic check,52.41,0.0,No
CUST02395,Female,0,Yes,No,1,Yes,No,No,Yes,No,No,Yes,No internet,No internet,Month-to-month,No,Electronic check,49.91,29.36,Yes
CUST02396,Female,1,Yes,Yes,2,Yes,No,DSL,Yes,Yes,No,No internet,No,No internet,Two year,No,Bank transfer,43.56,221.72,No
CUST02397,Male,0,No,No,36,Yes,Yes,Fiber optic,No,No,Yes,No internet,Yes,No,One year,No,Credit card,71.93,2607.73,No
CUST02398,Male,1,No,No,10,Yes,No phone service,DSL,No,No,No internet,No,No internet,No,One year,No,Mailed check,71.24,921.8,No
CUST02399,Female,0,Yes,No,6,Yes,Yes,Fiber optic,No,No,Yes,No,No internet,No,Month-to-month,Yes,Mailed check,73.66,364.96,Yes
CUST02400,Male,0,No,Yes,33,Yes,No,No,No,Yes,No,No,No,No internet,Month-to-month,Yes,Credit card,65.86,,Yes
CUST02401,Female,0,Yes,Yes,4,Yes,Yes,Fiber optic,No internet,No,Yes,No,No,No,One year,Yes,Bank transfer,69.03,,Yes
CUST02402,Male,0,Yes,Yes,6,No,Yes,Fiber optic,Yes,No,Yes,No,No internet,Yes,Two year,Yes,Mailed check,22.59,114.85,Yes
CUST02403,Male,0,No,Yes,13,Yes,No,DSL,Yes,No internet,No,Yes,No,Yes,Two year,Yes,Electronic check,55.65,773.53,No
CUST02404,Male,0,No,Yes,9,No,No,Fiber optic,No internet,No,No,Yes,Yes,No,Two year,Yes,Bank transfer,47.01,349.68,Yes
CUST02405,Male,0,No,No,21,Yes,No,DSL,No,No,Yes,Yes,No,No internet,Month-to-month,Yes,Mailed check,53.09,1028.62,Yes
CUST02406,Female,0,No,No,9,Yes,Yes,DSL,No internet,No,No,Yes,No,No internet,Month-to-month,Yes,Electronic check,60.91,501.63,Yes
CUST02407,Male,0,No,No,11,Yes,Yes,Fiber optic,No internet,Yes,Yes,Yes,No,No internet,One year,Yes,Bank transfer,28.11,255.37,No
CUST02408,Male,0,No,No,47,Yes,No phone service,Fiber optic,Yes,Yes,No internet,Yes,No,No,One year,Yes,Electronic check,48.16,2162.43,No
CUST02409,Female,0,No,No,51,Yes,Yes,DSL,No,No internet,No,Yes,Yes,Yes,One year,No,Electronic check,84.37,4447.35,No
CUST02410,Male,0,No,No,42,Yes,Yes,Fiber optic,Yes,No internet,No,Yes,Yes,Yes,Two year,No,Mailed check,73.84,3070.72,No
CUST02411,Male,1,No,Yes,48,Yes,Yes,Fiber optic,No,Yes,No internet,No,Yes,Yes,Month-to-month,No,Bank transfer,73.04,3588.91,Yes
CUST02412,Female,0,No,No,20,Yes,Yes,Fiber optic,No internet,No internet,No,Yes,Yes,No,Month-to-month,Yes,Electronic check,79.49,1665.55,Yes
CUST02413,Male,0,Yes,No,24,Yes,Yes,DSL,No,No,Yes,No internet,Yes,Yes,Two year,Yes,Electronic check,77.36,1959.02,No
CUST02414,Female,0,No,Yes,19,Yes,No,Fiber optic,Yes,No internet,No internet,No,Yes,Yes,Month-to-month,Yes,Mailed check,64.69,1095.58,Yes
CUST02415,Female,0,Yes,No,36,Yes,No,Fiber optic,Yes,No,Yes,No internet,Yes,Yes,One year,No,Electronic check,47.08,1659.92,No
CUST02416,Female,1,Yes,No,19,Yes,Yes,Fiber optic,Yes,Yes,Yes,No,No,No,Two year,No,Bank transfer,89.59,1770.86,Yes
CUST02417,Female,0,No,Yes,2,Yes,No phone service,No,No,No,Yes,Yes,No,Yes,Month-to-month,Yes,Credit card,22.55,0.0,Yes
CUST02418,Male,0,Yes,No,39,Yes,No,Fiber optic,No,No,Yes,No internet,No,No,Two year,No,Bank transfer,52.77,2206.7,No
CUST02419,Female,0,Yes,No,34,Yes,No,No,No,No,Yes,Yes,No,No,Month-to-month,Yes,Electronic check,79.16,2568.63,Yes
CUST02420,Male,0,No,No,41,Yes,No,No,No,No internet,No,Yes,Yes,No internet,Two year,Yes,Electronic check,48.08,2053.13,No
CUST02421,Male,1,Yes,No,5,Yes,No,Fiber optic,No,No,No,Yes,Yes,No internet,Month-to-month,No,Electronic check,83.17,371.19,Yes
CUST02422,Male,0,Yes,No,7,Yes,Yes,Fiber optic,Yes,No,No,No,Yes,No,One year,Yes,Electronic check,82.4,681.89,Yes
CUST02423,Male,0,No,No,8,Yes,No,DSL,Yes,No,Yes,No,No internet,No internet,One year,Yes,Electronic check,63.56,535.4,No
CUST02424,Male,0,Yes,Yes,17,Yes,No phone service,No,No internet,Yes,No internet,Yes,No internet,No,Month-to-month,Yes,Electronic check,47.43,721.73,No
CUST02425,Male,0,Yes,No,3,Yes,Yes,DSL,Yes,No internet,No,No,Yes,Yes,One year,No,Credit card,32.04,178.1,No
CUST02426,Male,0,Yes,No,11,Yes,No,DSL,Yes,Yes,No internet,No internet,Yes,Yes,Two year,Yes,Credit card,32.65,186.37,No
CUST02427,Male,0,Yes,Yes,4,Yes,No,No,Yes,No,Yes,No,No internet,No,One year,Yes,Bank transfer,56.52,191.28,No
CUST02428,Male,0,No,No,7,Yes,Yes,Fiber optic,No,Yes,Yes,Yes,Yes,Yes,Two year,No,Electronic check,55.04,339.71,Yes
CUST02429,Male,1,No,No,29,Yes,No phone service,DSL,No internet,Yes,No internet,No,Yes,No,Month-to-month,Yes,Credit card,77.53,2291.64,Yes
CUST02430,Female,0,Yes,Yes,46,Yes,Yes,No,No,No,Yes,No,Yes,Yes,Month-to-month,Yes,Electronic check,93.99,4054.96,Yes
CUST02431,Female,0,No,No,0,Yes,Yes,Fiber optic,No,No,No internet,Yes,No internet,Yes,Month-to-month,Yes,Electronic check,61.76,23.32,Yes
CUST02432,Female,0,No,Yes,20,Yes,No,Fiber optic,No internet,Yes,No,No,Yes,No,Two year,No,Electronic check,64.56,1328.44,No
CUST02433,Male,1,Yes,No,0,Yes,No,DSL,No internet,No,No internet,No,Yes,Yes,Month-to-month,Yes,Mailed check,61.45,0.0,Yes
CUST02434,Female,0,No,No,2,Yes,No,Fiber optic,Yes,Yes,No,Yes,No internet,Yes,Month-to-month,No,Mailed check,35.7,41.02,Yes
CUST02435,Female,0,No,Yes,29,Yes,No,Fiber optic,No,No internet,No internet,No,No,Yes,Month-to-month,No,Electronic check,71.95,2089.99,No
CUST02436,Female,0,No,No,31,Yes,Yes,Fiber optic,No,No,Yes,No internet,No,Yes,Month-to-month,No,Electronic check,69.08,2236.23,Yes
CUST02437,Male,0,Yes,No,40,No,Yes,DSL,No internet,Yes,No,No,No internet,Yes,Two year,Yes,Credit card,86.28,3234.72,No
CUST02438,Male,0,Yes,No,15,Yes,No phone service,Fiber optic,No,Yes,No internet,No internet,No,Yes,Month-to-month,No,Mailed check,61.55,917.58,No
CUST02439,Male,0,Yes,Yes,47,Yes,Yes,Fiber optic,Yes,Yes,No internet,No,No,No internet,Two year,No,Electronic check,109.29,5184.49,No
CUST02440,Male,0,Yes,Yes,4,Yes,No,No,Yes,Yes,Yes,No,No,No internet,Month-to-month,Yes,Mailed check,69.9,342.13,No
CUST02441,Female,0,No,No,6,Yes,Yes,Fiber optic,No,No,Yes,No internet,No,No,Two year,Yes,Electronic check,25.27,129.78,No
CUST02442,Female,0,Yes,No,3,Yes,No,DSL,Yes,Yes,No,No,Yes,No internet,Month-to-month,No,Bank transfer,55.09,222.65,Yes
CUST02443,Female,1,No,No,38,Yes,No phone service,DSL,Yes,No,Yes,Yes,No,Yes,Month-to-month,Yes,Electronic check,98.09,3720.11,Yes
CUST02444,Female,1,Yes,No,6,Yes,Yes,Fiber optic,No,Yes,Yes,Yes,No,No,Month-to-month,Yes,Bank transfer,53.78,435.37,Yes
CUST02445,Male,0,Yes,No,4,Yes,No,Fiber optic,No,No,No,No internet,Yes,No internet,Month-to-month,No,Bank transfer,42.33,85.8,No
CUST02446,Male,0,No,Yes,23,Yes,No,DSL,Yes,No,No,No,No,No,Month-to-month,No,Credit card,86.74,1928.66,No
CUST02447,Male,0,Yes,Yes,1,Yes,No,Fiber optic,Yes,No,No,No,No,No,Month-to-month,Yes,Electronic check,35.78,81.94,Yes
CUST02448,Female,0,No,No,1,Yes,Yes,DSL,Yes,No internet,Yes,No,No internet,Yes,Month-to-month,Yes,Mailed check,59.38,124.02,Yes
CUST02449,Male,0,Yes,No,2,Yes,Yes,DSL,Yes,No,No,No,No internet,Yes,Month-to-month,No,Credit card,49.44,149.1,Yes
CUST02450,Male,0,Yes,No,0,No,Yes,DSL,No internet,Yes,Yes,No,Yes,Yes,One year,No,Bank transfer,60.46,0.0,No
CUST02451,Female,0,No,No,28,Yes,No,No,No internet,No internet,No,No,No,Yes,Month-to-month,No,Credit card,55.37,1509.31,No
CUST02452,Female,0,No,No,19,Yes,No phone service,Fiber optic,No,Yes,No,No internet,No,Yes,One year,No,Credit card,49.52,939.59,No
CUST02453,Male,0,Yes,No,5,Yes,No,No,No,No internet,No,Yes,Yes,No internet,Two year,No,Bank transfer,69.16,235.62,No
CUST02454,Male,0,Yes,Yes,6,Yes,Yes,No,No,Yes,No,No,Yes,Yes,Month-to-month,No,Electronic check,76.88,379.62,Yes
CUST02455,Male,0,No,No,39,Yes,Yes,Fiber optic,No internet,No,No,No,No internet,No,Month-to-month,Yes,Bank transfer,66.82,2752.23,No
CUST02456,Male,0,No,No,16,No,No phone service,Fiber optic,Yes,No,Yes,Yes,Yes,No,Month-to-month,Yes,Bank transfer,64.55,1016.09,No
CUST02457,Male,0,No,No,28,No,No,No,Yes,No internet,No,Yes,No internet,No,Month-to-month,Yes,Bank transfer,76.71,2095.38,Yes
CUST02458,Male,0,Yes,No,14,Yes,No,DSL,Yes,No,No,No internet,No,No,One year,Yes,Bank transfer,59.96,781.52,No
CUST02459,Female,0,No,No,6,Yes,No,DSL,Yes,Yes,No,Yes,No,No internet,Month-to-month,Yes,Bank transfer,63.41,409.55,Yes
CUST02460,Female,0,Yes,No,72,Yes,No,Fiber optic,Yes,No,No internet,No,No,No,Month-to-month,Yes,Mailed check,111.79,8259.92,Yes
CUST02461,Female,1,Yes,Yes,20,Yes,Yes,DSL,No internet,Yes,Yes,Yes,No,No,Month-to-month,No,Mailed check,50.27,1120.38,No
CUST02462,Male,0,No,No,3,Yes,Yes,DSL,Yes,Yes,No internet,Yes,No internet,Yes,Two year,No,Electronic check,66.53,68.62,No
CUST02463,Female,0,Yes,No,12,Yes,No phone service,DSL,No,Yes,No,No internet,No internet,No internet,One year,Yes,Credit card,88.12,1185.7,No
CUST02464,Male,0,Yes,Yes,9,No,No,DSL,No,Yes,No,No,Yes,No,Two year,Yes,Credit card,70.55,551.53,Yes
CUST02465,Male,1,Yes,Yes,5,Yes,Yes,Fiber optic,No,No,Yes,No internet,No,Yes,Two year,Yes,Bank transfer,43.92,154.8,No
CUST02466,Female,1,Yes,No,65,Yes,Yes,Fiber optic,Yes,No internet,No,No,No,No internet,Month-to-month,No,Electronic check,117.31,7578.39,Yes
CUST02467,Male,0,No,Yes,51,No,Yes,Fiber optic,Yes,No,No,No,Yes,No internet,Month-to-month,Yes,Electronic check,75.26,3720.56,Yes
CUST02468,Male,1,No,No,5,Yes,No phone service,DSL,No internet,No,No internet,No,Yes,No,Month-to-month,No,Electronic check,71.5,486.08,Yes
CUST02469,Female,0,Yes,No,10,Yes,Yes,Fiber optic,No,No internet,No,No,Yes,No internet,Month-to-month,Yes,Electronic check,70.61,648.16,Yes
CUST02470,Female,0,Yes,No,34,Yes,No,DSL,No,No internet,No,No internet,No,Yes,Month-to-month,Yes,Mailed check,88.94,2814.06,No
CUST02471,Female,0,No,No,5,Yes,Yes,Fiber optic,No,Yes,Yes,No,No,No,Month-to-month,Yes,Electronic check,40.22,116.35,Yes
CUST02472,Male,0,No,No,21,Yes,Yes,No,Yes,No,Yes,No,No internet,No,Month-to-month,Yes,Electronic check,61.46,1310.43,Yes
CUST02473,Female,1,Yes,No,28,Yes,No,DSL,No,Yes,No internet,No,Yes,Yes,Month-to-month,No,Bank transfer,78.31,,Yes
CUST02474,Female,0,No,No,25,Yes,No,DSL,Yes,No,Yes,No,No,No,Two year,No,Credit card,49.48,1263.87,No
CUST02475,Male,1,No,No,29,Yes,Yes,Fiber optic,No internet,Yes,No internet,No,No,No,Two year,Yes,Electronic check,86.29,2413.52,No
CUST02476,Female,0,Yes,Yes,29,No,Yes,DSL,No,Yes,Yes,No internet,Yes,Yes,Month-to-month,No,Mailed check,60.64,1870.11,No
CUST02477,Female,0,Yes,Yes,72,Yes,No,DSL,No,Yes,No,No,No internet,Yes,Month-to-month,Yes,Credit card,87.28,6329.98,Yes
CUST02478,Female,0,Yes,Yes,10,Yes,Yes,DSL,No,No internet,No,No internet,No,Yes,Month-to-month,Yes,Credit card,47.64,484.46,Yes
CUST02479,Male,0,No,No,50,Yes,No phone service,DSL,No,Yes,No internet,No internet,No internet,Yes,Two year,No,Mailed check,83.72,4031.05,No
CUST02480,Male,0,Yes,No,0,Yes,Yes,No,No,No,No,Yes,Yes,No,Two year,Yes,Electronic check,41.21,0.0,No
CUST02481,Male,0,Yes,No,8,No,No,No,No internet,No internet,Yes,No,No internet,No,Month-to-month,Yes,Electronic check,53.42,369.53,Yes
CUST02482,Male,1,Yes,No,1,Yes,Yes,Fiber optic,Yes,No,No,No internet,No,Yes,Month-to-month,Yes,Electronic check,60.68,37.8,Yes
CUST02483,Female,0,No,No,25,Yes,Yes,No,No,No,No internet,No internet,No,No,Month-to-month,Yes,Mailed check,54.45,1514.14,Yes
CUST02484,Male,0,Yes,No,2,Yes,Yes,DSL,No,No,Yes,Yes,No internet,No internet,Month-to-month,Yes,Mailed check,23.67,76.97,Yes
CUST02485,Male,0,No,No,44,Yes,Yes,DSL,No,No,Yes,No internet,Yes,Yes,One year,No,Bank transfer,82.29,3582.33,No
CUST02486,Female,0,No,No,24,Yes,No,DSL,No,No internet,No internet,Yes,No,Yes,Month-to-month,Yes,Electronic check,61.56,1624.99,No
CUST02487,Female,1,Yes,No,0,Yes,No,Fiber optic,Yes,Yes,No internet,No,Yes,No,Two year,Yes,Bank transfer,54.76,0.0,Yes
CUST02488,Female,0,Yes,Yes,30,Yes,Yes,No,Yes,Yes,Yes,No,No,No internet,Month-to-month,Yes,Electronic check,64.53,1979.31,Yes
CUST02489,Male,0,Yes,No,47,Yes,No,DSL,No,Yes,No,No internet,Yes,No,Two year,Yes,Bank transfer,86.11,4202.34,No
CUST02490,Male,0,No,No,25,Yes,No,DSL,No internet,No,Yes,No internet,No internet,No internet,Month-to-month,No,Bank transfer,94.84,2442.54,No
CUST02491,Male,0,Yes,No,0,No,Yes,No,No,No,No,No internet,Yes,No,Month-to-month,No,Bank transfer,24.24,44.24,Yes
CUST02492,Female,0,Yes,Yes,46,Yes,No phone service,Fiber optic,No internet,No internet,Yes,No internet,No internet,Yes,One year,No,Electronic check,79.39,3710.2,No
CUST02493,Female,0,Yes,No,31,Yes,Yes,Fiber optic,No,Yes,Yes,No,No,Yes,Two year,Yes,Electronic check,58.43,1804.66,No
CUST02494,Male,0,Yes,No,11,Yes,Yes,Fiber optic,No internet,Yes,No,Yes,No internet,No,One year,No,Electronic check,76.95,850.62,Yes
CUST02495,Female,0,No,No,9,Yes,Yes,DSL,No,Yes,No internet,Yes,Yes,Yes,Two year,Yes,Bank transfer,34.77,154.52,No
CUST02496,Female,0,No,Yes,15,Yes,No phone service,Fiber optic,Yes,No internet,Yes,Yes,Yes,No,One year,Yes,Electronic check,58.96,813.59,No
CUST02497,Female,0,No,No,48,Yes,Yes,Fiber optic,No internet,Yes,Yes,No internet,Yes,Yes,Month-to-month,No,Mailed check,71.66,3434.62,Yes
CUST02498,Male,0,Yes,No,6,Yes,Yes,DSL,No internet,Yes,Yes,No,No,No,One year,Yes,Electronic check,36.21,263.64,Yes
CUST02499,Female,0,Yes,Yes,2,Yes,No,No,No,No,No internet,No internet,Yes,Yes,Two year,Yes,Electronic check,41.25,39.09,No
CUST02500,Female,0,No,No,47,Yes,No phone service,DSL,No internet,Yes,No internet,No,No internet,No internet,Month-to-month,No,Bank transfer,68.9,3477.25,Yes
CUST02501,Male,0,Yes,Yes,0,Yes,No phone service,Fiber optic,Yes,No,No internet,No internet,Yes,No,Month-to-month,No,Mailed check,52.27,78.61,Yes
CUST02502,Male,1,No,No,58,Yes,No,DSL,No internet,Yes,No,No internet,Yes,Yes,One year,Yes,Electronic check,53.17,3108.4,Yes
CUST02503,Female,0,Yes,No,8,Yes,No,DSL,No,No internet,Yes,No,Yes,Yes,Two year,No,Bank transfer,49.77,253.62,No
CUST02504,Female,0,Yes,No,17,Yes,Yes,DSL,No,Yes,Yes,Yes,Yes,No,Month-to-month,No,Bank transfer,69.96,1183.54,No
CUST02505,Male,1,No,No,3,Yes,No,DSL,No internet,Yes,No internet,Yes,No internet,No internet,Two year,No,Electronic check,81.39,295.26,No
CUST02506,Male,0,No,No,55,Yes,Yes,Fiber optic,Yes,No,Yes,No,Yes,No internet,Two year,Yes,Electronic check,82.25,4514.35,No
CUST02507,Female,0,No,Yes,33,Yes,No,DSL,Yes,Yes,No,Yes,No,Yes,Month-to-month,No,Bank transfer,74.7,2451.8,No
CUST02508,Female,0,Yes,No,61,Yes,Yes,No,No,No,Yes,No,No,No internet,One year,No,Credit card,61.54,3738.3,No
CUST02509,Female,0,Yes,Yes,27,Yes,No,DSL,No internet,No,No,No,No,Yes,Month-to-month,No,Electronic check,58.42,1507.06,No
CUST02510,Female,0,No,No,4,Yes,Yes,Fiber optic,Yes,Yes,No,Yes,No,Yes,Month-to-month,No,Bank transfer,33.34,8.36,Yes
CUST02511,Male,0,No,Yes,8,Yes,No,DSL,No,No,Yes,No internet,No,Yes,One year,Yes,Credit card,51.2,628.08,No
CUST02512,Female,1,No,Yes,16,No,No,DSL,No,No internet,No,No internet,No,No,Two year,Yes,Mailed check,102.44,1538.68,No
CUST02513,Female,0,Yes,No,22,Yes,Yes,DSL,No,No internet,Yes,Yes,Yes,No,Month-to-month,No,Electronic check,82.92,1777.6,Yes
CUST02514,Male,0,No,No,62,Yes,Yes,No,No,No internet,No internet,Yes,Yes,No,Two year,Yes,Bank transfer,92.88,5783.69,No
CUST02515,Female,0,No,No,11,Yes,Yes,DSL,No internet,No internet,No,Yes,No,Yes,Month-to-month,Yes,Electronic check,60.27,457.36,Yes
CUST02516,Male,0,No,No,29,Yes,No phone service,Fiber optic,No,No internet,Yes,No,No internet,Yes,Two year,No,Mailed check,60.73,1916.54,No
CUST02517,Female,0,No,No,72,Yes,No phone service,DSL,No internet,Yes,Yes,No internet,No internet,No,Two year,Yes,Electronic check,95.77,7012.74,No
CUST02518,Female,0,Yes,No,3,Yes,Yes,Fiber optic,No,No,Yes,No,Yes,Yes,Two year,Yes,Electronic check,42.47,0.0,Yes
CUST02519,Male,0,No,Yes,47,Yes,Yes,No,No,No,Yes,No,No internet,No,Two year,Yes,Electronic check,105.99,4949.03,No
CUST02520,Male,0,No,No,13,Yes,Yes,Fiber optic,No,No,No,No,No,No,Two year,No,Bank transfer,68.96,992.04,Yes
CUST02521,Female,1,No,No,31,Yes,Yes,Fiber optic,Yes,No internet,Yes,No,Yes,No,Month-to-month,No,Credit card,90.04,2788.98,Yes
CUST02522,Female,1,No,No,8,Yes,Yes,Fiber optic,Yes,Yes,Yes,Yes,No internet,No,Month-to-month,No,Mailed check,56.6,552.78,Yes
CUST02523,Female,0,No,No,9,Yes,No phone service,No,No,Yes,Yes,No,No,Yes,Month-to-month,Yes,Electronic check,47.59,581.02,Yes
CUST02524,Male,0,No,No,0,Yes,No phone service,Fiber optic,No,No internet,No,Yes,No,No,One year,No,Bank transfer,38.91,0.0,No
CUST02525,Female,0,Yes,No,72,Yes,Yes,DSL,No,No,No,Yes,Yes,No,Month-to-month,Yes,Mailed check,67.26,4889.21,No
CUST02526,Male,1,Yes,Yes,40,Yes,No,DSL,No,Yes,Yes,No,No,No internet,Month-to-month,Yes,Bank transfer,100.87,3914.44,Yes
CUST02527,Male,0,Yes,Yes,2,Yes,Yes,Fiber optic,No internet,Yes,No internet,No,No,Yes,Two year,Yes,Bank transfer,61.26,76.07,Yes
CUST02528,Female,0,Yes,Yes,72,Yes,No,Fiber optic,No,No,No,No,Yes,No internet,One year,No,Credit card,79.8,5752.27,No
CUST02529,Male,0,Yes,Yes,22,Yes,No,DSL,No,No internet,No,No,Yes,No internet,Two year,Yes,Electronic check,51.96,1157.67,No
CUST02530,Female,0,Yes,No,46,Yes,No,Fiber optic,No,No internet,Yes,No internet,No,No,Month-to-month,No,Electronic check,94.93,4281.7,No
CUST02531,Female,0,Yes,Yes,1,Yes,Yes,Fiber optic,No,No,No,No internet,No,No,Month-to-month,Yes,Mailed check,58.29,117.92,Yes
CUST02532,Female,0,Yes,No,11,No,No phone service,Fiber optic,No internet,Yes,No,No,No internet,No,Month-to-month,Yes,Mailed check,49.16,393.96,Yes
CUST02533,Female,0,Yes,No,26,Yes,No,Fiber optic,No internet,No internet,Yes,No,Yes,Yes,Month-to-month,No,Credit card,80.43,2003.13,Yes
CUST02534,Female,0,Yes,Yes,2,Yes,Yes,No,No,No internet,Yes,Yes,No,No,Month-to-month,Yes,Credit card,79.55,266.34,Yes
CUST02535,Male,0,No,No,16,Yes,Yes,DSL,Yes,No,Yes,No,No internet,Yes,Month-to-month,No,Credit card,49.33,709.44,No
CUST02536,Male,0,No,No,14,Yes,No,No,No,Yes,Yes,No,No,No,Month-to-month,Yes,Electronic check,50.73,737.39,Yes
CUST02537,Female,1,Yes,Yes,5,Yes,Yes,DSL,No internet,No,No,No,Yes,No,One year,No,Bank transfer,59.17,459.31,No
CUST02538,Female,0,No,No,8,Yes,Yes,DSL,Yes,Yes,No,No,No,No,Month-to-month,No,Mailed check,58.46,465.83,No
CUST02539,Male,1,No,Yes,72,Yes,No,No,No internet,No,No,No,No internet,Yes,Month-to-month,Yes,Credit card,95.48,7008.87,Yes
CUST02540,Male,0,Yes,Yes,8,Yes,Yes,Fiber optic,No,Yes,Yes,No internet,Yes,No,One year,Yes,Electronic check,32.1,121.39,No
CUST02541,Male,0,No,No,5,Yes,No,Fiber optic,No internet,No,No,Yes,No,No internet,One year,No,Electronic check,38.77,134.86,Yes
CUST02542,Male,0,No,No,18,Yes,Yes,DSL,No,No,No,No,Yes,No,Two year,No,Credit card,60.91,1118.49,No
CUST02543,Female,0,No,Yes,26,Yes,No,DSL,No,No,No,No,No,No,Month-to-month,Yes,Bank transfer,85.64,,No
CUST02544,Female,0,Yes,Yes,30,Yes,No,Fiber optic,No,No internet,Yes,Yes,No internet,No,Two year,No,Credit card,68.22,2000.29,No
CUST02545,Male,0,No,No,33,No,No phone service,Fiber optic,No internet,No,No,No,Yes,No,Two year,No,Electronic check,80.41,2668.05,No
CUST02546,Female,0,Yes,No,0,Yes,Yes,Fiber optic,No,Yes,Yes,No,Yes,Yes,One year,Yes,Credit card,55.13,16.76,Yes
CUST02547,Male,0,No,Yes,12,Yes,Yes,DSL,No,No,No,No,No,No,Month-to-month,Yes,Bank transfer,53.6,611.83,Yes
CUST02548,Female,0,No,No,35,Yes,No,Fiber optic,No,No internet,Yes,No,No,Yes,Month-to-month,No,Bank transfer,54.37,1719.71,No
CUST02549,Male,1,Yes,No,56,Yes,No phone service,Fiber optic,No internet,No internet,No,No,No,No,One year,No,Bank transfer,93.62,5178.15,No
CUST02550,Female,0,No,Yes,22,No,Yes,No,No,Yes,No,Yes,Yes,No,One year,No,Bank transfer,79.48,1608.29,No
CUST02551,Male,1,Yes,No,1,Yes,Yes,Fiber optic,No internet,Yes,No,No,Yes,Yes,Two year,Yes,Mailed check,41.5,33.95,No
CUST02552,Male,0,No,No,12,Yes,Yes,Fiber optic,No internet,No,No,No,Yes,Yes,One year,No,Electronic check,64.58,770.88,No
CUST02553,Female,0,No,No,1,Yes,No,Fiber optic,No,No,No internet,No,No,No,Two year,No,Mailed check,42.14,29.47,No
CUST02554,Male,1,Yes,No,33,Yes,No,Fiber optic,Yes,No internet,No internet,Yes,Yes,Yes,Two year,Yes,Bank transfer,81.79,2604.57,Yes
CUST02555,Female,0,No,No,1,Yes,No,Fiber optic,No internet,No,Yes,Yes,No internet,Yes,Two year,No,Electronic check,39.39,0.0,No
CUST02556,Female,0,Yes,Yes,4,Yes,Yes,Fiber optic,Yes,No internet,No,Yes,No,No,Month-to-month,No,Electronic check,54.18,359.6,Yes
CUST02557,Male,0,Yes,Yes,12,Yes,No,No,Yes,No,No,No,Yes,Yes,Month-to-month,Yes,Bank transfer,41.8,503.55,No
CUST02558,Female,1,No,No,14,Yes,No,Fiber optic,Yes,Yes,Yes,No,Yes,Yes,Two year,No,Electronic check,81.55,1110.4,No
CUST02559,Female,0,Yes,No,12,Yes,Yes,DSL,Yes,No internet,Yes,No,Yes,No,Two year,No,Electronic check,56.83,675.24,No
CUST02560,Female,0,No,No,14,Yes,No,Fiber optic,No internet,Yes,No internet,No,No,No internet,Month-to-month,Yes,Credit card,83.83,1039.53,Yes
CUST02561,Female,0,Yes,No,29,No,No,Fiber optic,Yes,No,No internet,Yes,No internet,Yes,Two year,No,Electronic check,69.08,2132.07,No
CUST02562,Female,0,Yes,No,11,Yes,Yes,Fiber optic,Yes,No internet,Yes,No,Yes,No internet,One year,No,Mailed check,40.52,374.2,No
CUST02563,Male,0,No,No,19,Yes,No phone service,DSL,No,No internet,Yes,Yes,No internet,No,Month-to-month,Yes,Mailed check,35.66,666.26,No
CUST02564,Female,0,Yes,No,8,Yes,Yes,Fiber optic,No,Yes,Yes,No internet,No,Yes,Month-to-month,Yes,Mailed check,75.31,651.06,Yes
CUST02565,Female,0,No,No,10,Yes,No phone service,Fiber optic,No,No,No,Yes,Yes,No internet,Two year,Yes,Mailed check,46.03,532.06,Yes
CUST02566,Female,0,No,Yes,22,Yes,No,Fiber optic,No,No,No,No internet,No,Yes,Month-to-month,Yes,Credit card,46.21,1014.21,Yes
CUST02567,Female,0,No,No,16,Yes,No,Fiber optic,No,No,No,Yes,No internet,No,Two year,No,Bank transfer,78.17,1147.58,No
CUST02568,Female,0,No,No,30,No,Yes,No,Yes,No,Yes,No,Yes,No,Month-to-month,Yes,Mailed check,58.48,1814.12,Yes
CUST02569,Male,0,No,No,19,Yes,No phone service,Fiber optic,No,No internet,No,No internet,No internet,No,One year,No,Mailed check,73.19,1475.63,No
CUST02570,Female,1,Yes,No,39,No,Yes,Fiber optic,No internet,No internet,No,No,No,Yes,Two year,No,Mailed check,84.79,3424.11,No
CUST02571,Male,0,No,Yes,14,Yes,No,No,No internet,No internet,No,No,Yes,Yes,Month-to-month,Yes,Electronic check,28.27,450.11,No
CUST02572,Male,0,Yes,No,16,Yes,No,DSL,Yes,Yes,No,Yes,No,No internet,Month-to-month,Yes,Credit card,67.6,1291.19,Yes
CUST02573,Male,0,No,No,26,Yes,Yes,DSL,No,No,Yes,No,No,Yes,One year,Yes,Electronic check,48.41,1273.5,No
CUST02574,Male,0,No,No,6,Yes,No phone service,DSL,No,No,No,No,No,No,Two year,Yes,Bank transfer,34.5,226.98,Yes
CUST02575,Female,0,No,No,11,Yes,No,No,No internet,No,No,No,No,No,Month-to-month,Yes,Bank transfer,22.25,367.7,Yes
CUST02576,Male,0,No,Yes,23,Yes,No,Fiber optic,Yes,Yes,No,Yes,Yes,Yes,Month-to-month,Yes,Credit card,44.17,1176.99,Yes
CUST02577,Male,0,No,No,0,No,No phone service,Fiber optic,Yes,No,Yes,Yes,No,No,Month-to-month,Yes,Electronic check,44.64,138.86,Yes
CUST02578,Female,0,No,No,13,Yes,No,DSL,No internet,Yes,No internet,No internet,Yes,Yes,Month-to-month,Yes,Mailed check,57.69,741.95,No
CUST02579,Female,0,No,No,21,Yes,Yes,Fiber optic,No internet,No,No internet,No internet,Yes,Yes,Month-to-month,No,Electronic check,62.76,1394.31,Yes
CUST02580,Female,0,Yes,No,72,Yes,No,Fiber optic,No,Yes,No,No internet,No,No internet,Two year,Yes,Credit card,99.25,7251.97,No
CUST02581,Male,1,Yes,No,50,Yes,No,No,Yes,No,No,No,Yes,No internet,Month-to-month,Yes,Mailed check,59.48,2980.33,No
CUST02582,Female,0,Yes,Yes,7,Yes,Yes,DSL,No internet,No,No,No internet,Yes,Yes,One year,No,Electronic check,22.28,71.15,No
CUST02583,Female,0,No,No,16,Yes,Yes,DSL,No,No,No,No,No,Yes,Two year,Yes,Bank transfer,95.23,1423.35,No
CUST02584,Male,0,Yes,Yes,1,Yes,Yes,No,Yes,No,No,No,No,No internet,Month-to-month,Yes,Electronic check,49.64,87.33,Yes
CUST02585,Female,0,Yes,No,6,Yes,Yes,Fiber optic,No internet,No,No,Yes,No,No,One year,No,Electronic check,61.02,453.75,No
CUST02586,Female,0,Yes,Yes,35,Yes,No,Fiber optic,No,No,No internet,No,No internet,Yes,One year,No,Mailed check,45.91,1561.15,No
CUST02587,Female,0,No,Yes,3,Yes,Yes,Fiber optic,Yes,No,No,Yes,Yes,Yes,Month-to-month,Yes,Electronic check,61.73,108.66,Yes
CUST02588,Female,0,No,No,7,Yes,Yes,No,No internet,Yes,No internet,Yes,Yes,No,Month-to-month,Yes,Credit card,69.23,433.03,Yes
CUST02589,Male,0,Yes,No,69,Yes,Yes,Fiber optic,No,No,No,Yes,Yes,No,Month-to-month,Yes,Mailed check,55.86,3869.25,Yes
CUST02590,Female,0,Yes,No,41,Yes,No phone service,Fiber optic,No,Yes,Yes,No,No,No internet,Month-to-month,Yes,Bank transfer,77.82,3268.64,Yes
CUST02591,Female,0,Yes,No,36,Yes,Yes,DSL,No internet,Yes,Yes,No internet,Yes,No,Month-to-month,No,Credit card,75.05,2739.14,No
CUST02592,Male,0,Yes,No,47,Yes,No,Fiber optic,No,Yes,No,No,No,No internet,Two year,Yes,Mailed check,36.09,1697.01,No
CUST02593,Female,0,Yes,No,33,Yes,Yes,No,Yes,Yes,No internet,No,Yes,No,Month-to-month,Yes,Mailed check,69.24,2423.79,Yes
CUST02594,Male,0,No,No,3,Yes,Yes,No,No internet,No,No,No internet,No internet,Yes,Two year,No,Electronic check,41.71,397.46,No
CUST02595,Female,0,No,No,17,No,Yes,No,No,No,No,No,No internet,Yes,Month-to-month,No,Credit card,65.41,1113.16,Yes
CUST02596,Male,0,Yes,No,14,Yes,Yes,Fiber optic,No internet,No internet,Yes,No,No internet,Yes,Two year,No,Credit card,67.48,1105.44,No
CUST02597,Male,1,Yes,No,8,No,Yes,Fiber optic,Yes,No,Yes,No,Yes,Yes,Two year,Yes,Electronic check,71.03,499.52,Yes
CUST02598,Male,0,Yes,No,43,Yes,No,Fiber optic,No,No,Yes,Yes,Yes,No,Two year,Yes,Electronic check,66.9,,No
CUST02599,Male,1,Yes,Yes,14,Yes,No,Fiber optic,No,Yes,No,No,No internet,No,Month-to-month,Yes,Credit card,60.51,764.82,No
CUST02600,Female,0,Yes,No,1,Yes,No,No,No internet,Yes,No internet,No,No internet,No internet,Month-to-month,No,Mailed check,53.67,18.27,Yes
CUST02601,Male,0,Yes,Yes,7,Yes,Yes,No,No internet,No,Yes,Yes,Yes,Yes,One year,No,Mailed check,49.62,343.31,No
CUST02602,Female,0,Yes,No,6,Yes,No,DSL,Yes,Yes,Yes,Yes,No,Yes,Two year,Yes,Bank transfer,30.82,0.0,No
CUST02603,Male,1,No,Yes,52,Yes,Yes,No,Yes,No,No,No,Yes,No,Two year,Yes,Bank transfer,88.91,4441.13,No
CUST02604,Male,0,No,No,25,Yes,No,No,No,No,Yes,No internet,No internet,No internet,Month-to-month,Yes,Credit card,59.76,1408.99,No
CUST02605,Male,0,No,Yes,19,Yes,Yes,Fiber optic,Yes,Yes,No,No,Yes,No,Two year,Yes,Credit card,56.74,1210.41,No
CUST02606,Female,0,Yes,No,16,Yes,No,No,No,No,No internet,No,No,Yes,Two year,No,Credit card,52.64,818.37,No
CUST02607,Male,0,No,No,25,Yes,No,Fiber optic,No internet,Yes,No,No internet,Yes,No,One year,Yes,Credit card,59.53,1579.77,No
CUST02608,Female,0,No,No,33,Yes,No,Fiber optic,No,No,Yes,Yes,Yes,No internet,Month-to-month,Yes,Electronic check,56.74,1707.84,Yes
CUST02609,Female,1,Yes,No,19,Yes,Yes,Fiber optic,No,Yes,Yes,Yes,No,No internet,Two year,No,Electronic check,82.35,1600.68,No
CUST02610,Female,1,Yes,No,66,Yes,No,Fiber optic,No,Yes,No,No,No,Yes,Month-to-month,Yes,Credit card,86.46,5750.3,Yes
CUST02611,Female,0,No,No,72,Yes,Yes,DSL,No,No internet,No internet,Yes,No,Yes,Two year,Yes,Electronic check,87.2,6182.43,No
CUST02612,Female,1,Yes,No,72,Yes,No,No,No,No,No internet,Yes,No,No,Two year,Yes,Credit card,85.39,6334.43,No
CUST02613,Female,0,Yes,No,26,Yes,Yes,No,No internet,Yes,Yes,No internet,Yes,No,Month-to-month,No,Credit card,46.58,1085.41,No
CUST02614,Female,0,No,No,64,Yes,Yes,No,No,No,Yes,Yes,No,Yes,One year,Yes,Mailed check,80.29,5114.45,No
CUST02615,Female,0,No,No,12,Yes,No,DSL,No,No,No,No,No,No,Month-to-month,Yes,Mailed check,66.15,1039.29,Yes
CUST02616,Female,0,Yes,No,47,Yes,Yes,DSL,No internet,Yes,Yes,No,Yes,No,Two year,Yes,Electronic check,89.05,4090.27,No
CUST02617,Male,1,No,No,57,Yes,No,Fiber optic,No internet,No internet,Yes,Yes,No internet,Yes,Month-to-month,Yes,Electronic check,99.23,5593.93,Yes
CUST02618,Male,0,No,Yes,56,Yes,Yes,No,No internet,No,Yes,No,Yes,No,Month-to-month,Yes,Bank transfer,63.83,3590.17,Yes
CUST02619,Male,0,Yes,No,42,Yes,Yes,Fiber optic,Yes,Yes,No,No,No internet,Yes,Two year,No,Electronic check,71.83,2884.2,No
CUST02620,Male,0,No,No,12,Yes,Yes,Fiber optic,No,No internet,Yes,No,No,No,Month-to-month,Yes,Credit card,54.74,708.56,Yes
CUST02621,Male,0,Yes,No,4,Yes,No,Fiber optic,No,Yes,No,Yes,No,Yes,One year,Yes,Electronic check,62.91,73.57,Yes
CUST02622,Female,0,Yes,No,9,Yes,No,DSL,No,Yes,No,Yes,No,Yes,Month-to-month,No,Credit card,62.14,559.32,Yes
CUST02623,Female,1,No,No,34,Yes,No,Fiber optic,No,Yes,Yes,No,No internet,No internet,One year,Yes,Electronic check,67.62,2443.7,No
CUST02624,Female,0,Yes,No,6,Yes,Yes,DSL,No,Yes,No internet,Yes,Yes,No,One year,Yes,Mailed check,58.22,413.35,No
CUST02625,Female,0,Yes,Yes,15,Yes,No,DSL,No internet,Yes,Yes,Yes,No,No,Month-to-month,No,Mailed check,66.07,986.94,No
CUST02626,Female,0,Yes,No,19,Yes,No,Fiber optic,No internet,No,No,No internet,Yes,No,Two year,Yes,Electronic check,64.43,1192.03,No
CUST02627,Female,0,No,Yes,22,Yes,Yes,Fiber optic,No,No,Yes,Yes,No internet,Yes,Month-to-month,No,Bank transfer,60.45,1321.45,Yes
CUST02628,Female,0,No,Yes,65,Yes,Yes,DSL,No internet,No,No internet,No,No,Yes,Month-to-month,Yes,Credit card,72.65,4693.27,No
CUST02629,Male,0,Yes,No,25,Yes,No,Fiber optic,No,No,No,Yes,Yes,No,Month-to-month,No,Electronic check,56.47,,Yes
CUST02630,Male,0,No,No,37,Yes,No,DSL,Yes,No,No,No internet,No,Yes,One year,No,Electronic check,100.97,3800.19,No
CUST02631,Male,0,Yes,Yes,20,Yes,No,Fiber optic,Yes,No,No,No,No,No,Month-to-month,Yes,Bank transfer,42.24,859.1,No
CUST02632,Male,0,No,No,43,No,Yes,DSL,Yes,No internet,Yes,No,Yes,No internet,Month-to-month,Yes,Credit card,99.73,4358.47,No
CUST02633,Female,0,Yes,No,7,Yes,Yes,DSL,No,No,No,No,Yes,Yes,Two year,Yes,Electronic check,81.62,622.71,Yes
CUST02634,Female,0,No,Yes,5,Yes,Yes,DSL,No,No internet,No,No,Yes,Yes,Month-to-month,No,Electronic check,32.99,40.36,Yes
CUST02635,Female,0,No,Yes,62,No,No phone service,Fiber optic,No,Yes,Yes,No internet,Yes,Yes,Month-to-month,Yes,Electronic check,71.67,4209.7,Yes
CUST02636,Male,0,No,Yes,28,Yes,No,DSL,No internet,Yes,No internet,Yes,No,No,Month-to-month,No,Electronic check,59.38,1679.98,No
CUST02637,Female,1,Yes,Yes,26,Yes,No,Fiber optic,Yes,Yes,No,Yes,Yes,Yes,Month-to-month,No,Electronic check,63.77,1612.91,Yes
CUST02638,Female,0,No,No,15,Yes,No,Fiber optic,No internet,No,No,Yes,No internet,Yes,Month-to-month,Yes,Mailed check,48.41,746.47,No
CUST02639,Female,0,Yes,No,11,No,No,No,Yes,No internet,Yes,No,Yes,No,Month-to-month,Yes,Mailed check,65.95,,Yes
CUST02640,Male,0,No,No,19,No,Yes,No,No internet,Yes,Yes,Yes,No internet,No,Month-to-month,Yes,Mailed check,63.34,1176.58,Yes
CUST02641,Female,0,Yes,Yes,3,Yes,No,No,No internet,No,No,No,Yes,Yes,Month-to-month,No,Electronic check,59.75,210.32,Yes
CUST02642,Male,0,Yes,No,14,Yes,No,Fiber optic,No,Yes,No internet,No,No internet,No,Month-to-month,Yes,Mailed check,54.69,681.17,Yes
CUST02643,Male,1,Yes,No,14,Yes,Yes,DSL,No,No,Yes,No,No internet,Yes,One year,Yes,Electronic check,63.65,940.27,No
CUST02644,Male,0,Yes,No,18,No,Yes,Fiber optic,Yes,No,Yes,No,No,No,One year,Yes,Electronic check,47.77,781.65,No
CUST02645,Male,0,No,No,24,Yes,Yes,Fiber optic,No,No,No,No internet,No internet,Yes,Month-to-month,Yes,Mailed check,69.19,1760.62,Yes
CUST02646,Female,0,No,No,72,No,Yes,Fiber optic,Yes,No internet,Yes,Yes,No internet,No internet,Two year,Yes,Electronic check,101.29,7304.84,Yes
CUST02647,Male,0,No,Yes,25,Yes,No,Fiber optic,No,Yes,Yes,No,No internet,No,Two year,No,Credit card,45.29,1117.63,No
CUST02648,Male,0,No,No,51,Yes,Yes,Fiber optic,No,No internet,No,No,Yes,No internet,Two year,No,Electronic check,87.28,4287.65,No
CUST02649,Female,1,No,No,19,Yes,No,No,No,No,Yes,No internet,No,No,Month-to-month,No,Bank transfer,73.62,1261.44,No
CUST02650,Female,0,Yes,Yes,23,Yes,No,No,No,No internet,No,Yes,No,No internet,One year,No,Mailed check,44.15,1073.45,No
CUST02651,Male,0,Yes,Yes,1,Yes,No,No,No,Yes,No internet,No,No,No,Month-to-month,No,Mailed check,28.86,145.17,Yes
CUST02652,Female,0,Yes,Yes,3,Yes,No,DSL,No internet,No internet,No internet,No internet,No,No internet,Two year,Yes,Bank transfer,47.35,166.2,No
CUST02653,Male,0,Yes,No,20,Yes,No,No,No,Yes,No,Yes,No,No,Month-to-month,No,Electronic check,52.25,1022.16,No
CUST02654,Male,0,Yes,Yes,12,Yes,Yes,Fiber optic,No,No,Yes,No,No internet,Yes,Month-to-month,Yes,Electronic check,71.64,864.52,Yes
CUST02655,Male,0,Yes,Yes,38,Yes,Yes,Fiber optic,No internet,No internet,No,Yes,Yes,Yes,Month-to-month,Yes,Electronic check,63.13,2384.53,Yes
CUST02656,Male,0,Yes,No,18,Yes,No,DSL,No,No internet,No,Yes,No,No,One year,Yes,Mailed check,50.87,845.34,No
CUST02657,Female,0,Yes,No,51,Yes,Yes,Fiber optic,No,No,No,Yes,No internet,No,One year,Yes,Mailed check,68.87,3377.15,No
CUST02658,Male,0,No,Yes,72,No,No phone service,Fiber optic,No,No,No,No,Yes,No,Month-to-month,Yes,Bank transfer,82.47,5803.96,Yes
CUST02659,Female,0,Yes,No,3,Yes,Yes,DSL,No,No,No internet,No,Yes,No,Month-to-month,Yes,Electronic check,55.69,98.35,Yes
CUST02660,Female,0,No,No,12,Yes,No,DSL,No,No,Yes,Yes,Yes,No,Two year,No,Credit card,71.99,873.08,No
CUST02661,Female,0,No,No,26,Yes,No,Fiber optic,No,No,Yes,Yes,Yes,No,Two year,Yes,Electronic check,44.5,1024.19,No
CUST02662,Female,0,No,No,8,Yes,No,Fiber optic,No,No internet,No,No,Yes,Yes,One year,Yes,Electronic check,59.95,472.24,Yes
CUST02663,Male,0,Yes,No,7,Yes,No,DSL,No,Yes,No,Yes,Yes,No internet,One year,No,Credit card,33.43,158.89,No
CUST02664,Female,0,Yes,No,40,Yes,Yes,Fiber optic,Yes,No,No,No,No internet,No,Month-to-month,Yes,Electronic check,85.69,3260.29,Yes
CUST02665,Male,0,Yes,Yes,72,Yes,No,DSL,Yes,No,No,No,Yes,No,Month-to-month,Yes,Credit card,62.68,4448.44,Yes
CUST02666,Female,0,Yes,No,35,Yes,Yes,Fiber optic,No internet,Yes,No,No internet,Yes,No,Month-to-month,No,Electronic check,85.86,3028.79,No
CUST02667,Female,1,Yes,No,17,No,No phone service,DSL,Yes,Yes,No,Yes,No internet,No internet,Month-to-month,Yes,Electronic check,82.65,1342.0,Yes
CUST02668,Male,0,No,No,14,Yes,No,No,Yes,No,Yes,No,Yes,Yes,One year,Yes,Electronic check,45.23,780.97,No
CUST02669,Male,0,No,No,18,Yes,Yes,DSL,No,Yes,Yes,Yes,Yes,No,Month-to-month,Yes,Mailed check,50.99,980.14,No
CUST02670,Male,0,No,No,14,Yes,No phone service,Fiber optic,Yes,No,No,Yes,No,No internet,Month-to-month,Yes,Mailed check,28.56,505.31,Yes
CUST02671,Female,0,Yes,Yes,16,Yes,Yes,DSL,Yes,No internet,No internet,No,No,No,Month-to-month,Yes,Electronic check,31.58,816.0,No
CUST02672,Female,0,Yes,Yes,5,Yes,Yes,DSL,Yes,Yes,No,Yes,Yes,No,Month-to-month,Yes,Electronic check,48.01,182.83,Yes
CUST02673,Male,0,No,Yes,56,No,No,DSL,No,No internet,No,Yes,Yes,No internet,One year,Yes,Electronic check,80.87,4385.49,No
CUST02674,Male,0,Yes,No,33,Yes,No phone service,No,No internet,No,No,Yes,No,Yes,Month-to-month,Yes,Electronic check,82.1,2630.83,Yes
CUST02675,Male,0,No,Yes,27,Yes,No phone service,DSL,Yes,No,No internet,No,No,Yes,Month-to-month,No,Credit card,59.27,1606.97,No
CUST02676,Male,0,No,No,71,No,No,Fiber optic,No,No,No,Yes,No,No internet,One year,Yes,Mailed check,83.48,5966.04,No
CUST02677,Female,0,Yes,Yes,8,Yes,Yes,Fiber optic,Yes,No internet,Yes,No internet,No,No,Month-to-month,No,Bank transfer,35.14,299.69,Yes
CUST02678,Male,0,Yes,No,2,Yes,Yes,Fiber optic,No,No internet,No,No,Yes,No internet,Month-to-month,Yes,Electronic check,48.8,52.86,Yes
CUST02679,Male,0,Yes,Yes,41,Yes,Yes,Fiber optic,No,No,No,Yes,No,No,One year,No,Electronic check,71.95,2991.48,No
CUST02680,Male,0,Yes,No,72,Yes,Yes,DSL,Yes,No,No internet,Yes,No internet,No,Month-to-month,Yes,Mailed check,94.81,6940.59,Yes
CUST02681,Male,0,Yes,No,20,Yes,No,Fiber optic,No internet,No,Yes,No,No internet,No,One year,Yes,Credit card,59.3,1110.63,No
CUST02682,Female,0,Yes,No,1,Yes,No,No,No internet,No,Yes,Yes,Yes,Yes,One year,Yes,Credit card,64.59,0.0,No
CUST02683,Male,1,Yes,No,36,Yes,No,No,No,Yes,No,No,No internet,Yes,Month-to-month,No,Mailed check,78.32,3015.96,No
CUST02684,Female,0,Yes,No,1,Yes,Yes,Fiber optic,Yes,Yes,Yes,Yes,No,No internet,Month-to-month,Yes,Electronic check,48.47,0.0,Yes
CUST02685,Male,0,No,Yes,18,Yes,Yes,Fiber optic,No,No,No internet,No,Yes,No internet,Two year,Yes,Electronic check,70.99,1362.59,No
CUST02686,Male,0,Yes,Yes,7,Yes,Yes,DSL,No internet,No,No,No internet,Yes,No,Month-to-month,Yes,Bank transfer,65.6,439.54,No
CUST02687,Female,0,No,Yes,59,Yes,No,Fiber optic,No,Yes,No,No,No,Yes,Two year,Yes,Electronic check,74.67,4553.99,No
CUST02688,Male,0,No,No,14,Yes,Yes,DSL,Yes,No,No,No,No internet,No,Month-to-month,No,Credit card,84.02,1147.32,Yes
CUST02689,Female,0,No,Yes,54,No,Yes,DSL,No,Yes,No,No,No,Yes,One year,No,Bank transfer,80.93,4410.02,No
CUST02690,Female,0,No,Yes,8,No,Yes,Fiber optic,No,No,No internet,No,Yes,No,One year,Yes,Credit card,55.7,314.27,No
CUST02691,Male,0,Yes,No,11,Yes,No,DSL,Yes,No,Yes,No,Yes,No,Two year,Yes,Mailed check,50.79,490.89,No
CUST02692,Female,0,Yes,No,70,Yes,No,DSL,No internet,No,Yes,No,Yes,No,Month-to-month,Yes,Bank transfer,91.72,6444.69,No
CUST02693,Female,1,No,No,5,Yes,Yes,DSL,No,No,No,No,Yes,No,Month-to-month,No,Electronic check,75.57,311.22,Yes
CUST02694,Female,0,No,No,20,Yes,No,No,Yes,No internet,No internet,Yes,No,Yes,Month-to-month,Yes,Mailed check,61.4,1099.42,No
CUST02695,Female,0,No,No,11,Yes,No,No,Yes,No internet,No,No,No,No,Two year,Yes,Electronic check,58.77,858.86,No
CUST02696,Female,0,No,No,35,Yes,Yes,Fiber optic,No internet,No internet,No internet,No,No,Yes,Month-to-month,Yes,Bank transfer,50.73,1773.57,Yes
CUST02697,Female,1,Yes,Yes,3,Yes,Yes,DSL,No,Yes,No internet,Yes,No internet,No,Two year,Yes,Mailed check,48.94,261.41,No
CUST02698,Female,0,Yes,No,13,Yes,Yes,Fiber optic,No,Yes,Yes,Yes,No,No,Month-to-month,No,Bank transfer,44.93,774.73,Yes
CUST02699,Female,0,Yes,No,28,Yes,Yes,Fiber optic,No,Yes,No,No,Yes,Yes,Month-to-month,Yes,Bank transfer,67.71,1843.52,Yes
CUST02700,Male,0,Yes,Yes,12,Yes,Yes,DSL,No,No,No internet,No,Yes,No internet,Month-to-month,No,Bank transfer,39.02,459.74,Yes
CUST02701,Male,0,Yes,No,1,Yes,Yes,No,No,No,No,No,Yes,Yes,One year,Yes,Electronic check,20.33,28.02,No
CUST02702,Female,1,No,No,29,Yes,Yes,Fiber optic,Yes,No,No,No,No,Yes,Two year,No,Credit card,53.54,1599.76,No
CUST02703,Male,0,No,Yes,16,Yes,No,No,Yes,Yes,No internet,No,No,No,Month-to-month,Yes,Electronic check,65.99,1167.56,No
CUST02704,Female,0,Yes,No,0,Yes,Yes,Fiber optic,Yes,Yes,No,No,Yes,No internet,Two year,No,Credit card,75.14,97.6,No
CUST02705,Female,1,No,Yes,22,Yes,Yes,Fiber optic,No internet,No,No,Yes,Yes,Yes,Month-to-month,Yes,Mailed check,85.23,1947.11,Yes
CUST02706,Male,0,No,No,60,Yes,Yes,Fiber optic,No internet,No,Yes,No,Yes,No,One year,No,Credit card,63.77,3794.2,No
CUST02707,Female,0,No,No,2,Yes,No phone service,DSL,No,No,No,No internet,Yes,Yes,One year,No,Mailed check,38.15,75.49,No
CUST02708,Female,0,Yes,No,21,Yes,No,No,No,No,Yes,Yes,No,Yes,Month-to-month,Yes,Bank transfer,51.05,946.77,Yes
CUST02709,Female,0,No,Yes,31,Yes,No,Fiber optic,Yes,No internet,Yes,No internet,Yes,No internet,Month-to-month,Yes,Mailed check,42.28,1381.92,No
CUST02710,Female,0,No,Yes,1,Yes,No,Fiber optic,No,No,No,No,No,No internet,Month-to-month,No,Bank transfer,47.45,278.57,Yes
CUST02711,Male,0,Yes,Yes,0,Yes,Yes,Fiber optic,No,Yes,No,Yes,No,Yes,Month-to-month,Yes,Electronic check,56.83,26.22,Yes
CUST02712,Female,0,Yes,Yes,14,Yes,No phone service,Fiber optic,No,No,No,No internet,No internet,No internet,Two year,No,Bank transfer,42.22,730.83,No
CUST02713,Female,0,No,No,37,No,Yes,Fiber optic,Yes,No,No,No,No,Yes,Two year,Yes,Electronic check,50.54,1953.72,No
CUST02714,Female,0,Yes,No,4,Yes,Yes,Fiber optic,No,No internet,No internet,No internet,No,Yes,One year,Yes,Bank transfer,63.68,200.23,No
CUST02715,Male,0,Yes,No,43,Yes,Yes,No,No internet,No internet,No,No,Yes,Yes,One year,Yes,Electronic check,57.9,2401.15,No
CUST02716,Female,0,Yes,No,25,Yes,No,No,Yes,Yes,No,Yes,No internet,No,Month-to-month,Yes,Electronic check,50.62,1151.78,No
CUST02717,Male,0,No,No,9,Yes,Yes,Fiber optic,No,Yes,Yes,No,Yes,Yes,Month-to-month,Yes,Credit card,18.57,179.19,Yes
CUST02718,Male,0,No,No,17,Yes,No,DSL,No internet,No,No,No,Yes,No,Two year,Yes,Credit card,72.29,1284.5,No
CUST02719,Female,0,Yes,No,72,Yes,Yes,Fiber optic,Yes,No,Yes,Yes,No,Yes,One year,No,Bank transfer,105.74,7674.04,No
CUST02720,Female,0,Yes,Yes,5,Yes,Yes,DSL,No,Yes,No,No,No,Yes,One year,No,Credit card,47.6,124.36,No
CUST02721,Male,0,No,No,16,Yes,Yes,Fiber optic,Yes,No,No,No,Yes,No,Two year,Yes,Electronic check,57.02,1035.61,No
CUST02722,Female,0,No,No,23,Yes,No phone service,Fiber optic,No,Yes,Yes,Yes,No,No internet,Month-to-month,Yes,Electronic check,68.69,,Yes
CUST02723,Male,0,No,No,3,Yes,Yes,DSL,No,No,No,No internet,Yes,No,Month-to-month,No,Electronic check,61.4,196.51,No
CUST02724,Male,0,Yes,No,1,Yes,No,No,No internet,No internet,Yes,No,Yes,Yes,Two year,Yes,Electronic check,49.29,0.0,No
CUST02725,Female,0,Yes,No,0,No,No,Fiber optic,No,No,No,No,No,No internet,Month-to-month,No,Electronic check,41.2,0.0,Yes
CUST02726,Female,0,Yes,Yes,9,Yes,No,DSL,No,No,No internet,Yes,No internet,Yes,Two year,Yes,Bank transfer,52.1,342.83,Yes
CUST02727,Male,1,No,Yes,1,Yes,No,DSL,No internet,No internet,No internet,No internet,No internet,No,Month-to-month,No,Electronic check,54.69,125.78,Yes
CUST02728,Male,0,Yes,No,39,Yes,No phone service,No,No internet,Yes,Yes,No,Yes,No,Month-to-month,No,Electronic check,73.05,2847.93,No
CUST02729,Male,0,Yes,No,72,Yes,Yes,Fiber optic,Yes,No,Yes,Yes,No,No,Month-to-month,No,Bank transfer,69.75,4912.26,Yes
CUST02730,Male,0,Yes,No,1,Yes,Yes,No,No,Yes,No internet,No,Yes,No,One year,Yes,Electronic check,68.0,5.93,No
CUST02731,Female,1,Yes,No,13,Yes,Yes,Fiber optic,Yes,Yes,No,No,No,Yes,One year,Yes,Mailed check,96.07,1391.17,No
CUST02732,Female,0,No,No,0,No,No,DSL,Yes,No,No,No,Yes,No internet,Month-to-month,Yes,Electronic check,39.15,88.18,Yes
CUST02733,Female,0,Yes,No,3,Yes,Yes,Fiber optic,No,Yes,No internet,No internet,No,Yes,Month-to-month,Yes,Credit card,39.73,180.57,Yes
CUST02734,Female,0,No,Yes,9,Yes,No,DSL,Yes,No,Yes,No internet,No internet,No internet,Month-to-month,Yes,Electronic check,41.73,586.57,Yes
CUST02735,Female,1,No,Yes,12,Yes,Yes,No,Yes,Yes,Yes,Yes,No,Yes,Month-to-month,No,Credit card,58.87,856.76,No
CUST02736,Male,0,Yes,Yes,67,Yes,Yes,Fiber optic,No,No,No,No,Yes,No,Month-to-month,Yes,Mailed check,109.65,7349.98,Yes
CUST02737,Female,0,No,No,12,No,No,No,No,Yes,Yes,Yes,No internet,No,Month-to-month,Yes,Electronic check,47.36,514.08,No
CUST02738,Female,1,No,No,16,Yes,No,Fiber optic,No internet,Yes,No,Yes,No,No internet,Month-to-month,Yes,Electronic check,69.92,1377.22,Yes
CUST02739,Female,1,No,Yes,6,Yes,No,DSL,No,No internet,No,Yes,Yes,No,Month-to-month,No,Bank transfer,55.96,456.35,Yes
CUST02740,Female,1,Yes,Yes,0,Yes,Yes,Fiber optic,No internet,No,Yes,Yes,Yes,Yes,Month-to-month,No,Credit card,29.23,0.0,Yes
CUST02741,Female,0,Yes,No,55,Yes,No phone service,Fiber optic,No,No,Yes,No,No internet,Yes,Month-to-month,No,Electronic check,69.16,3670.75,Yes
CUST02742,Male,0,Yes,No,2,Yes,No,No,No,No,No,No,Yes,No,Month-to-month,No,Electronic check,50.29,0.0,Yes
CUST02743,Male,0,No,No,72,Yes,No,Fiber optic,No,Yes,No internet,Yes,Yes,No internet,Month-to-month,No,Mailed check,108.82,7706.93,No
CUST02744,Male,0,No,No,3,Yes,Yes,Fiber optic,No,No,No,Yes,Yes,No,Two year,No,Mailed check,25.25,27.63,No
CUST02745,Female,0,No,Yes,22,Yes,No,DSL,No,No,Yes,Yes,No internet,Yes,Month-to-month,Yes,Credit card,75.16,1787.45,No
CUST02746,Male,0,Yes,No,72,Yes,Yes,DSL,No,No internet,No,No,Yes,Yes,One year,Yes,Mailed check,89.38,6534.46,No
CUST02747,Male,0,Yes,Yes,3,Yes,No phone service,Fiber optic,No,No,Yes,No,Yes,No internet,Month-to-month,Yes,Electronic check,49.97,176.76,Yes
CUST02748,Female,0,No,No,13,Yes,Yes,Fiber optic,No,Yes,No internet,Yes,No internet,Yes,Two year,No,Credit card,40.81,592.09,No
CUST02749,Female,0,Yes,No,36,Yes,No,Fiber optic,No,Yes,No,No,No internet,No,Two year,Yes,Mailed check,86.38,3031.7,No
CUST02750,Female,0,No,No,0,Yes,No,Fiber optic,No internet,Yes,Yes,Yes,No,No internet,Month-to-month,Yes,Bank transfer,54.97,0.0,Yes
CUST02751,Male,0,Yes,No,28,Yes,Yes,DSL,Yes,Yes,Yes,No,No internet,No internet,Two year,No,Bank transfer,63.28,1748.59,No
CUST02752,Male,0,Yes,No,2,No,No,Fiber optic,No,No,No internet,No,No,Yes,Month-to-month,Yes,Electronic check,49.39,197.54,Yes
CUST02753,Female,0,Yes,No,6,Yes,No,DSL,No internet,Yes,Yes,No,Yes,No internet,Month-to-month,No,Electronic check,66.88,405.83,Yes
CUST02754,Female,0,Yes,No,4,Yes,No,Fiber optic,Yes,No,No internet,No,No,No internet,Month-to-month,No,Electronic check,39.06,227.15,Yes
CUST02755,Male,0,Yes,No,57,Yes,Yes,DSL,Yes,Yes,No internet,No,No internet,No internet,Month-to-month,No,Credit card,99.84,5694.78,Yes
CUST02756,Male,0,Yes,Yes,4,Yes,No,Fiber optic,No,No internet,Yes,No,No,No,Month-to-month,No,Credit card,84.84,209.58,Yes
CUST02757,Female,0,Yes,No,0,No,No,DSL,Yes,No,No,No,No,No,Month-to-month,No,Electronic check,45.34,28.79,No
CUST02758,Female,0,Yes,No,21,No,Yes,No,No,No internet,No,No,No,No,Month-to-month,No,Bank transfer,79.83,1638.05,No
CUST02759,Male,0,Yes,No,10,Yes,No,Fiber optic,No,No internet,No,No internet,No internet,No,One year,Yes,Bank transfer,46.13,569.8,No
CUST02760,Female,0,No,No,12,Yes,No phone service,Fiber optic,No internet,No,Yes,Yes,No,No,Month-to-month,No,Electronic check,38.91,308.86,No
CUST02761,Male,1,Yes,No,3,Yes,No,No,Yes,Yes,No,No internet,No internet,No,Month-to-month,No,Mailed check,52.67,311.24,No
CUST02762,Male,0,No,No,33,Yes,Yes,DSL,No,Yes,Yes,No internet,Yes,No,Month-to-month,Yes,Bank transfer,72.57,2271.61,Yes
CUST02763,Male,1,No,No,22,Yes,No,Fiber optic,No internet,Yes,Yes,No internet,No internet,No,Month-to-month,Yes,Electronic check,67.3,1452.35,No
CUST02764,Male,1,No,Yes,10,Yes,Yes,No,No,No,No,Yes,No,No,Month-to-month,Yes,Credit card,70.96,,Yes
CUST02765,Female,0,No,Yes,4,Yes,No,Fiber optic,Yes,No,No,Yes,No,No internet,Month-to-month,Yes,Bank transfer,55.8,324.65,Yes
CUST02766,Female,1,Yes,No,21,Yes,No,Fiber optic,Yes,No,Yes,No internet,No,Yes,Month-to-month,Yes,Electronic check,63.97,1231.98,Yes
CUST02767,Male,0,No,No,36,Yes,Yes,Fiber optic,No internet,Yes,No internet,No internet,No,No internet,Month-to-month,No,Credit card,49.49,1727.22,Yes
CUST02768,Male,0,No,No,8,Yes,Yes,Fiber optic,Yes,No,Yes,No,No internet,Yes,Two year,Yes,Electronic check,53.41,531.17,No
CUST02769,Male,0,No,No,0,Yes,Yes,Fiber optic,No,Yes,No internet,No,No,No,Month-to-month,Yes,Credit card,29.25,0.0,Yes
CUST02770,Male,0,Yes,No,5,Yes,Yes,DSL,Yes,No internet,Yes,No internet,No internet,No internet,Month-to-month,Yes,Electronic check,53.43,259.4,Yes
CUST02771,Male,1,Yes,No,27,Yes,Yes,Fiber optic,No,Yes,Yes,Yes,No,Yes,Month-to-month,Yes,Bank transfer,78.41,2175.44,Yes
CUST02772,Female,0,Yes,No,72,Yes,No,Fiber optic,Yes,No,Yes,No internet,No,No internet,Two year,Yes,Bank transfer,50.95,3703.66,No
CUST02773,Female,0,No,No,0,Yes,No,No,No,No,No,Yes,Yes,No internet,One year,Yes,Electronic check,68.92,21.4,No
CUST02774,Female,0,No,No,8,Yes,No,Fiber optic,No,No,No,Yes,No,No internet,Month-to-month,No,Mailed check,48.82,332.1,Yes
CUST02775,Female,0,Yes,Yes,1,Yes,Yes,No,Yes,Yes,No internet,No,No,No,Month-to-month,No,Mailed check,58.05,18.73,Yes
CUST02776,Male,0,No,Yes,9,Yes,Yes,Fiber optic,Yes,No internet,No internet,No,No,Yes,Month-to-month,No,Bank transfer,44.61,445.04,Yes
CUST02777,Male,0,No,No,12,Yes,Yes,Fiber optic,No,No,Yes,No,No,Yes,Month-to-month,Yes,Electronic check,49.79,568.82,No
CUST02778,Male,1,Yes,No,60,Yes,No,DSL,Yes,No,Yes,No,No internet,Yes,One year,No,Credit card,114.0,6865.26,No
CUST02779,Male,0,No,Yes,2,Yes,No,DSL,Yes,Yes,Yes,Yes,Yes,No,One year,No,Bank transfer,30.61,0.0,No
CUST02780,Male,0,No,Yes,36,Yes,No,No,Yes,No internet,No,No,No internet,No,Month-to-month,No,Electronic check,60.25,2166.28,Yes
CUST02781,Female,0,Yes,No,12,Yes,Yes,Fiber optic,Yes,Yes,Yes,Yes,Yes,Yes,Month-to-month,Yes,Bank transfer,56.67,733.43,Yes
CUST02782,Male,0,No,No,40,Yes,Yes,No,No,Yes,Yes,No,No,No,One year,Yes,Mailed check,32.88,1381.5,No
CUST02783,Female,0,Yes,Yes,17,Yes,No,Fiber optic,No internet,No,No,No internet,No,No,One year,Yes,Credit card,44.49,735.42,No
CUST02784,Female,0,No,Yes,0,Yes,Yes,Fiber optic,Yes,No internet,Yes,No internet,No,No internet,Two year,No,Electronic check,62.12,31.92,No
CUST02785,Female,0,No,No,70,Yes,Yes,Fiber optic,Yes,Yes,Yes,No,No,Yes,Month-to-month,No,Electronic check,65.69,4537.83,No
CUST02786,Female,1,No,No,2,Yes,Yes,Fiber optic,No,Yes,Yes,Yes,No,No internet,One year,Yes,Electronic check,63.29,267.97,Yes
CUST02787,Male,0,Yes,Yes,21,Yes,No,DSL,Yes,No,No,Yes,No,No,Month-to-month,Yes,Credit card,65.52,1341.94,No
CUST02788,Female,1,Yes,No,50,Yes,No phone service,DSL,No internet,No,Yes,No,Yes,No,Month-to-month,No,Mailed check,92.53,4754.03,No
CUST02789,Female,0,Yes,No,1,Yes,Yes,No,Yes,No internet,No,No internet,Yes,Yes,One year,No,Electronic check,34.58,23.58,No
CUST02790,Female,0,No,No,19,Yes,Yes,Fiber optic,Yes,No,No,Yes,No internet,Yes,Two year,No,Mailed check,61.85,1058.9,No
CUST02791,Male,0,Yes,No,41,No,No,Fiber optic,No,No,No,Yes,No internet,No internet,Month-to-month,No,Electronic check,52.87,2144.25,No
CUST02792,Male,1,No,No,72,Yes,No,DSL,No,No,No internet,No,No,No,Two year,Yes,Electronic check,91.51,6488.71,No
CUST02793,Male,0,Yes,No,30,Yes,No,No,No,No,Yes,Yes,Yes,No,One year,Yes,Bank transfer,77.97,2311.86,No
CUST02794,Female,1,Yes,No,7,Yes,No,No,No internet,No internet,No internet,No internet,Yes,No internet,Month-to-month,No,Electronic check,50.71,252.11,Yes
CUST02795,Female,1,Yes,Yes,28,Yes,No,Fiber optic,No,No,No,No,Yes,Yes,Two year,No,Mailed check,81.94,2271.53,No
CUST02796,Male,0,No,No,29,Yes,Yes,Fiber optic,No,Yes,No,No,No internet,Yes,Month-to-month,No,Mailed check,63.32,1934.51,Yes
CUST02797,Female,0,No,No,28,No,No,Fiber optic,No,Yes,Yes,Yes,No,No,One year,Yes,Mailed check,75.36,2253.16,No
CUST02798,Male,0,Yes,No,46,No,No phone service,Fiber optic,No,No internet,No,Yes,No,Yes,Month-to-month,Yes,Electronic check,43.44,1936.92,Yes
CUST02799,Male,0,Yes,Yes,2,No,No,No,No,No,No,No internet,No,No internet,Month-to-month,Yes,Bank transfer,68.64,209.71,Yes
CUST02800,Female,0,Yes,No,2,Yes,No,No,No,Yes,No,No,No,Yes,Two year,Yes,Electronic check,23.93,199.8,No
CUST02801,Female,0,Yes,Yes,24,Yes,Yes,Fiber optic,No,Yes,No,Yes,Yes,No internet,Month-to-month,Yes,Mailed check,43.56,929.12,Yes
CUST02802,Female,0,No,No,72,Yes,No,DSL,No,Yes,Yes,No internet,No,No,Month-to-month,No,Electronic check,103.14,7254.79,No
CUST02803,Female,0,No,Yes,15,No,No,DSL,No internet,No,No,No,No,Yes,Two year,No,Mailed check,56.36,707.17,No
CUST02804,Male,0,No,No,72,Yes,No,Fiber optic,No,No,Yes,No,No internet,No,Two year,Yes,Mailed check,79.34,5707.91,No
CUST02805,Male,0,No,No,66,Yes,No,Fiber optic,No,No,No internet,No,Yes,No,Month-to-month,Yes,Bank transfer,97.12,6192.18,Yes
CUST02806,Male,0,No,No,55,Yes,Yes,DSL,Yes,No internet,No internet,No internet,Yes,Yes,Month-to-month,No,Bank transfer,75.56,4270.53,Yes
CUST02807,Male,0,No,Yes,57,Yes,No,DSL,No internet,No,No,No internet,Yes,No,One year,Yes,Mailed check,63.61,3402.66,No
CUST02808,Male,0,No,No,54,Yes,Yes,Fiber optic,Yes,No,No,No,Yes,Yes,Month-to-month,No,Electronic check,95.7,5166.98,No
CUST02809,Female,0,Yes,No,41,No,Yes,DSL,No,No,No internet,Yes,No,Yes,Month-to-month,Yes,Bank transfer,74.44,3084.01,Yes
CUST02810,Male,0,Yes,No,28,Yes,No,DSL,No internet,No,No,No internet,No internet,No,Month-to-month,Yes,Credit card,44.8,1323.57,Yes
CUST02811,Male,0,Yes,Yes,0,Yes,Yes,Fiber optic,No internet,No,No,No internet,Yes,No,One year,Yes,Electronic check,38.44,112.92,Yes
CUST02812,Male,0,Yes,Yes,3,Yes,No,No,No,No,No,No,No,Yes,Month-to-month,Yes,Electronic check,36.43,273.38,Yes
CUST02813,Female,0,No,No,3,Yes,No phone service,Fiber optic,No,Yes,No internet,No internet,No,No internet,One year,Yes,Electronic check,33.74,140.49,No
CUST02814,Female,0,Yes,No,0,Yes,Yes,Fiber optic,Yes,No,Yes,No,No internet,No,One year,No,Mailed check,47.96,0.0,Yes
CUST02815,Female,1,Yes,Yes,2,Yes,Yes,No,No internet,No,No internet,Yes,No internet,Yes,Month-to-month,No,Electronic check,59.85,138.57,Yes
CUST02816,Female,0,Yes,No,60,Yes,No,DSL,Yes,No internet,No,Yes,No,No,Month-to-month,No,Credit card,86.36,5221.23,Yes
CUST02817,Male,0,Yes,No,26,Yes,Yes,Fiber optic,No,Yes,No,No,Yes,No internet,Month-to-month,No,Mailed check,71.39,1880.28,Yes
CUST02818,Male,0,No,Yes,8,Yes,No,No,No internet,No,No internet,No,Yes,No,Month-to-month,Yes,Electronic check,66.68,485.71,No
CUST02819,Female,0,No,No,37,Yes,Yes,DSL,No internet,Yes,No,No internet,Yes,No,Month-to-month,Yes,Credit card,83.79,3220.86,Yes
CUST02820,Female,0,No,No,16,Yes,No,No,No,No internet,No,No internet,No,Yes,One year,No,Electronic check,65.3,1005.92,No
CUST02821,Male,0,Yes,No,3,Yes,Yes,Fiber optic,Yes,No,No,No,No,Yes,Month-to-month,Yes,Electronic check,56.84,158.64,Yes
CUST02822,Male,0,No,No,51,Yes,No phone service,DSL,Yes,No,No internet,No internet,Yes,No internet,One year,No,Electronic check,90.02,4506.82,No
CUST02823,Female,0,Yes,No,9,Yes,No,No,No,No,No,No internet,Yes,Yes,One year,Yes,Electronic check,60.69,638.99,Yes
CUST02824,Female,0,No,Yes,28,Yes,No,Fiber optic,No,Yes,Yes,No,No,No,Month-to-month,No,Bank transfer,49.71,1611.29,Yes
CUST02825,Female,0,Yes,Yes,8,Yes,No,Fiber optic,Yes,No,No,No internet,No,Yes,Month-to-month,No,Electronic check,33.11,384.89,Yes
CUST02826,Female,1,Yes,Yes,16,Yes,Yes,Fiber optic,Yes,No,No internet,Yes,Yes,No,Two year,Yes,Bank transfer,52.61,734.48,No
CUST02827,Male,0,Yes,No,40,Yes,Yes,Fiber optic,No,No internet,No,No,No,Yes,Two year,Yes,Bank transfer,74.73,2908.35,No
CUST02828,Male,0,Yes,No,4,Yes,Yes,DSL,No,No,Yes,No,No,Yes,Two year,Yes,Electronic check,47.41,,No
CUST02829,Male,0,No,No,72,Yes,No,Fiber optic,No internet,Yes,No,No,No internet,No,Month-to-month,No,Mailed check,89.41,6467.73,Yes
CUST02830,Female,0,Yes,Yes,1,No,No,Fiber optic,Yes,No,No,Yes,No internet,No internet,Two year,No,Mailed check,46.63,94.77,No
CUST02831,Female,0,Yes,No,18,Yes,No,Fiber optic,No,No internet,No,Yes,No internet,No internet,Month-to-month,Yes,Credit card,45.21,746.26,No
CUST02832,Male,0,Yes,No,59,Yes,No,Fiber optic,No internet,No internet,Yes,No internet,Yes,Yes,Month-to-month,Yes,Electronic check,40.6,2340.35,Yes
CUST02833,Male,0,No,No,69,Yes,No,No,No,No,Yes,No,No internet,Yes,Month-to-month,No,Electronic check,66.2,4377.61,No
CUST02834,Male,0,Yes,No,6,No,No,DSL,Yes,Yes,No,Yes,No,No,Month-to-month,No,Credit card,79.21,464.03,No
CUST02835,Male,0,No,No,3,Yes,No,No,No,No,Yes,No internet,No,Yes,One year,Yes,Electronic check,65.94,128.17,No
CUST02836,Female,0,No,No,30,Yes,No phone service,DSL,No internet,No,Yes,No internet,No,Yes,Month-to-month,No,Electronic check,53.77,1544.26,Yes
CUST02837,Male,0,Yes,Yes,1,Yes,Yes,No,Yes,No,No internet,No,No,Yes,Two year,Yes,Bank transfer,42.48,271.35,No
CUST02838,Male,0,Yes,No,15,Yes,Yes,No,No internet,Yes,No internet,No,Yes,No internet,One year,No,Electronic check,49.97,816.27,No
CUST02839,Male,0,Yes,No,38,Yes,No phone service,Fiber optic,Yes,Yes,No internet,No,Yes,No internet,Two year,Yes,Mailed check,85.35,3240.64,Yes
CUST02840,Male,0,No,No,19,Yes,No,Fiber optic,Yes,No,No internet,No,No,No,Month-to-month,No,Credit card,73.14,1411.95,No
CUST02841,Male,0,Yes,Yes,4,Yes,Yes,Fiber optic,No internet,No internet,No internet,No internet,No internet,No internet,One year,No,Mailed check,66.46,215.45,No
CUST02842,Male,0,Yes,No,16,Yes,No phone service,No,No internet,Yes,No internet,Yes,No,No,Month-to-month,Yes,Mailed check,42.81,781.78,Yes
CUST02843,Male,0,No,Yes,61,Yes,No,DSL,Yes,Yes,No,No,No,No,Month-to-month,Yes,Electronic check,107.29,6517.1,Yes
CUST02844,Female,0,No,No,23,Yes,Yes,Fiber optic,Yes,No,Yes,No internet,Yes,Yes,One year,Yes,Credit card,57.14,1205.65,No
CUST02845,Female,0,Yes,No,30,Yes,No,Fiber optic,No internet,No,No,No,Yes,No,Month-to-month,No,Bank transfer,77.56,2490.01,No
CUST02846,Female,0,No,No,9,Yes,No,No,Yes,No,No,Yes,Yes,No,Month-to-month,No,Electronic check,58.88,451.24,Yes
CUST02847,Female,1,Yes,Yes,5,Yes,Yes,DSL,Yes,Yes,No,No,Yes,Yes,One year,No,Electronic check,36.84,389.38,No
CUST02848,Male,0,Yes,No,7,Yes,No,Fiber optic,Yes,No,No,No,No,No,Month-to-month,No,Bank transfer,45.77,411.16,Yes
CUST02849,Female,0,Yes,No,18,Yes,No phone service,Fiber optic,No,No internet,No,No,No internet,No internet,Month-to-month,No,Mailed check,58.4,1119.11,Yes
CUST02850,Female,0,No,Yes,7,Yes,No,No,No internet,Yes,No internet,No,Yes,No,Month-to-month,No,Mailed check,41.13,191.87,Yes
CUST02851,Male,0,Yes,No,18,Yes,No,DSL,Yes,Yes,No,No,No internet,No internet,Month-to-month,No,Mailed check,36.79,809.32,Yes
CUST02852,Male,0,No,Yes,29,Yes,Yes,No,Yes,No internet,No,No,Yes,No,One year,Yes,Electronic check,57.61,1909.83,No
CUST02853,Female,0,No,No,31,Yes,No,DSL,No,No,No,No internet,No internet,No internet,Month-to-month,No,Mailed check,85.11,2537.12,No
CUST02854,Female,1,Yes,No,4,Yes,Yes,DSL,No,No,No internet,Yes,Yes,Yes,One year,Yes,Credit card,70.28,272.94,No
CUST02855,Male,1,No,No,33,Yes,Yes,Fiber optic,No,No,No,No,No,No,One year,No,Mailed check,68.17,2160.03,No
CUST02856,Female,0,Yes,No,26,Yes,No,DSL,No,Yes,No,Yes,Yes,Yes,One year,Yes,Mailed check,66.29,1689.14,No
CUST02857,Male,0,No,No,0,Yes,No,Fiber optic,Yes,Yes,No,No,Yes,Yes,Two year,Yes,Electronic check,29.58,0.0,Yes
CUST02858,Male,1,No,No,1,Yes,No,No,Yes,Yes,Yes,No,Yes,No,Month-to-month,Yes,Electronic check,60.15,189.66,Yes
CUST02859,Male,0,Yes,Yes,24,Yes,No phone service,Fiber optic,Yes,Yes,No,Yes,Yes,Yes,Month-to-month,No,Electronic check,32.81,644.98,Yes
CUST02860,Male,0,Yes,No,11,Yes,No,No,Yes,Yes,Yes,No,No,No,Month-to-month,Yes,Electronic check,37.62,485.82,Yes
CUST02861,Female,0,Yes,No,3,No,Yes,Fiber optic,No internet,No internet,Yes,No internet,No internet,No internet,Month-to-month,No,Mailed check,63.4,266.14,Yes
CUST02862,Male,0,Yes,No,1,Yes,No phone service,No,Yes,Yes,No,No,Yes,No,Month-to-month,Yes,Mailed check,41.4,0.0,Yes
CUST02863,Male,0,Yes,No,4,Yes,Yes,DSL,No internet,Yes,Yes,No,Yes,No,Two year,Yes,Electronic check,44.99,182.36,No
CUST02864,Female,0,Yes,Yes,72,Yes,No,No,No,Yes,Yes,No internet,Yes,No,Two year,Yes,Credit card,84.31,6013.25,Yes
CUST02865,Male,0,No,No,31,Yes,Yes,DSL,No internet,Yes,No,No,No internet,No internet,Month-to-month,Yes,Mailed check,88.43,2753.59,Yes
CUST02866,Female,0,Yes,No,18,Yes,No phone service,Fiber optic,Yes,Yes,No,No internet,No,Yes,Month-to-month,Yes,Bank transfer,18.0,508.98,No
CUST02867,Female,0,No,No,68,Yes,Yes,Fiber optic,Yes,Yes,No,No,Yes,Yes,Month-to-month,Yes,Electronic check,69.8,4658.88,Yes
CUST02868,Female,0,No,Yes,23,Yes,No,No,Yes,No,No,Yes,Yes,No internet,Two year,Yes,Electronic check,96.87,2257.64,No
CUST02869,Male,0,Yes,No,31,Yes,Yes,Fiber optic,No,No,No internet,No internet,No,No internet,Two year,Yes,Mailed check,82.56,,No
CUST02870,Female,0,No,Yes,7,Yes,Yes,Fiber optic,No,Yes,Yes,No,No internet,No,Month-to-month,Yes,Electronic check,60.93,499.13,Yes
CUST02871,Female,0,Yes,No,21,Yes,No,No,No internet,No,Yes,No,No,Yes,One year,No,Electronic check,64.03,1376.87,No
CUST02872,Male,1,Yes,No,3,Yes,Yes,No,No,Yes,No,Yes,Yes,No internet,Month-to-month,Yes,Electronic check,57.34,231.55,Yes
CUST02873,Female,1,No,No,12,Yes,No,DSL,No,No,No,No internet,No internet,No,Month-to-month,Yes,Electronic check,44.98,486.94,No
CUST02874,Female,0,Yes,No,0,Yes,No phone service,No,No,Yes,Yes,No,Yes,No,Month-to-month,Yes,Mailed check,43.25,0.0,No
CUST02875,Female,0,No,No,5,Yes,No,Fiber optic,Yes,No,No,No,No,No internet,One year,Yes,Bank transfer,50.23,92.23,Yes
CUST02876,Female,0,No,No,1,No,Yes,No,Yes,No,No,No,Yes,Yes,Month-to-month,Yes,Electronic check,67.24,68.18,Yes
CUST02877,Female,0,No,No,11,Yes,Yes,DSL,No,Yes,No,Yes,No internet,Yes,Month-to-month,No,Electronic check,60.3,717.0,No
CUST02878,Male,1,No,No,44,No,Yes,DSL,Yes,Yes,No,No,Yes,No,Month-to-month,No,Credit card,82.53,3671.01,Yes
CUST02879,Female,1,No,No,11,Yes,No,Fiber optic,No internet,Yes,Yes,Yes,Yes,Yes,Month-to-month,Yes,Electronic check,55.24,681.23,Yes
CUST02880,Female,0,Yes,No,42,Yes,No,DSL,No internet,No,Yes,No,Yes,No internet,One year,Yes,Bank transfer,63.49,2612.69,No
CUST02881,Male,0,Yes,No,25,Yes,No,Fiber optic,No,No internet,No,No internet,No,No,Month-to-month,Yes,Credit card,35.87,887.27,Yes
CUST02882,Male,0,No,Yes,17,Yes,No,Fiber optic,No,No internet,No internet,No,No internet,Yes,Two year,Yes,Electronic check,61.49,810.75,No
CUST02883,Male,0,Yes,No,6,Yes,No phone service,Fiber optic,No,No,No,Yes,No,Yes,Month-to-month,Yes,Electronic check,33.94,189.97,Yes
CUST02884,Female,0,Yes,No,61,Yes,No,Fiber optic,No,No internet,No,No,Yes,Yes,Month-to-month,Yes,Credit card,74.82,4738.17,Yes
CUST02885,Male,0,Yes,Yes,1,Yes,No,Fiber optic,No,No internet,No internet,No,No internet,No internet,Month-to-month,No,Electronic check,65.43,83.99,Yes
CUST02886,Female,0,No,No,28,Yes,Yes,Fiber optic,Yes,No,No,No,No,Yes,Month-to-month,Yes,Electronic check,67.51,2090.36,Yes
CUST02887,Female,0,Yes,No,23,Yes,Yes,DSL,No,No,Yes,No,Yes,Yes,Month-to-month,Yes,Mailed check,66.07,1563.05,No
CUST02888,Male,0,No,No,13,Yes,No,No,No internet,No internet,Yes,Yes,No internet,No,Month-to-month,No,Electronic check,74.45,1067.66,No
CUST02889,Male,0,Yes,Yes,6,Yes,No,No,No,No,Yes,No,Yes,No,Two year,Yes,Credit card,62.82,448.15,No
CUST02890,Female,0,Yes,No,13,Yes,Yes,DSL,Yes,No,Yes,No,No,Yes,One year,Yes,Electronic check,54.07,,No
CUST02891,Male,0,Yes,Yes,49,Yes,Yes,No,Yes,No,Yes,Yes,No,No,Two year,No,Mailed check,44.11,2194.42,No
CUST02892,Female,0,Yes,Yes,43,Yes,Yes,DSL,No,No internet,Yes,Yes,No,No internet,Month-to-month,Yes,Mailed check,64.81,2872.1,No
CUST02893,Male,0,No,No,68,No,Yes,DSL,No internet,No,No,No,No internet,No,Month-to-month,No,Mailed check,82.32,5547.18,Yes
CUST02894,Male,1,Yes,Yes,8,Yes,No,Fiber optic,No internet,Yes,Yes,No internet,Yes,Yes,Month-to-month,Yes,Mailed check,63.7,643.68,Yes
CUST02895,Male,0,Yes,No,11,Yes,Yes,Fiber optic,No internet,Yes,No,No internet,No,No,One year,Yes,Credit card,30.86,495.3,Yes
CUST02896,Female,0,No,Yes,0,Yes,Yes,DSL,No internet,Yes,Yes,No,No,No internet,Two year,No,Credit card,52.43,39.49,No
CUST02897,Male,0,Yes,No,68,No,No,No,Yes,No,Yes,Yes,No,Yes,Two year,Yes,Electronic check,94.66,6401.04,No
CUST02898,Female,0,Yes,No,9,Yes,No,No,Yes,Yes,Yes,No internet,No,No,Month-to-month,Yes,Mailed check,48.54,316.19,Yes
CUST02899,Female,1,Yes,No,12,Yes,No,No,No,No,No,No internet,No,No,Month-to-month,Yes,Electronic check,72.32,906.26,No
CUST02900,Female,0,No,No,57,Yes,No,DSL,No,No,No,No,No,No,Month-to-month,No,Mailed check,68.05,3876.96,Yes
CUST02901,Female,1,No,No,17,Yes,No,No,No,No,No,No,Yes,Yes,Month-to-month,No,Electronic check,71.68,1153.97,Yes
CUST02902,Male,0,Yes,No,20,Yes,No,Fiber optic,Yes,Yes,No,No,Yes,No,Month-to-month,Yes,Bank transfer,87.71,1655.74,Yes
CUST02903,Female,1,Yes,No,4,Yes,Yes,Fiber optic,No,No,No internet,No internet,No internet,Yes,Month-to-month,No,Electronic check,55.36,116.24,Yes
CUST02904,Female,0,Yes,No,16,Yes,No,No,Yes,No,No,No,Yes,Yes,Month-to-month,No,Bank transfer,40.34,651.61,No
CUST02905,Male,1,Yes,No,60,Yes,No phone service,Fiber optic,No,No internet,No,Yes,No internet,No,Month-to-month,No,Electronic check,100.69,6089.61,Yes
CUST02906,Female,0,No,No,19,Yes,Yes,Fiber optic,Yes,No internet,No,No,Yes,Yes,Month-to-month,Yes,Credit card,54.99,1097.08,Yes
CUST02907,Male,0,No,No,7,No,No,Fiber optic,No internet,Yes,Yes,Yes,Yes,No internet,Two year,No,Mailed check,41.36,610.37,No
CUST02908,Female,0,Yes,No,0,Yes,Yes,Fiber optic,No internet,Yes,No,No,Yes,Yes,Month-to-month,Yes,Credit card,38.32,72.82,Yes
CUST02909,Male,1,No,No,9,Yes,No,No,No internet,No,No,No,Yes,No,Month-to-month,No,Bank transfer,67.64,,No
CUST02910,Female,0,Yes,Yes,20,Yes,Yes,No,No internet,No internet,No,No internet,No internet,No internet,One year,Yes,Credit card,60.22,1204.92,No
CUST02911,Male,0,Yes,No,1,Yes,Yes,Fiber optic,No,Yes,No,No,Yes,Yes,One year,Yes,Bank transfer,69.33,0.0,No
CUST02912,Female,1,Yes,No,22,Yes,Yes,DSL,Yes,No,No internet,No,No internet,No internet,Month-to-month,No,Bank transfer,76.82,1647.96,Yes
CUST02913,Female,0,Yes,No,17,Yes,No,Fiber optic,No,Yes,No internet,No,No,Yes,Two year,No,Electronic check,72.48,1411.11,No
CUST02914,Male,0,No,No,36,Yes,No,Fiber optic,No,No,No,Yes,Yes,No,Month-to-month,Yes,Mailed check,67.88,2360.97,Yes
CUST02915,Male,0,Yes,Yes,0,Yes,Yes,DSL,Yes,No internet,No,No internet,No,Yes,Month-to-month,No,Electronic check,56.9,8.29,Yes
CUST02916,Male,0,Yes,No,36,Yes,No,Fiber optic,No,No,No,No,No internet,Yes,Month-to-month,Yes,Electronic check,66.83,2410.69,Yes
CUST02917,Male,1,No,No,17,Yes,Yes,No,No,No,No,No internet,No,Yes,Month-to-month,Yes,Bank transfer,95.22,1773.15,Yes
CUST02918,Female,0,No,No,11,Yes,Yes,DSL,No,No,No,No internet,No,Yes,One year,Yes,Electronic check,62.09,737.51,No
CUST02919,Female,0,No,No,72,Yes,No,No,Yes,No,Yes,No internet,No,No internet,Month-to-month,Yes,Mailed check,63.8,4654.29,No
CUST02920,Male,1,No,No,4,No,Yes,Fiber optic,No,Yes,No internet,No internet,No,No,Month-to-month,No,Electronic check,58.75,220.45,Yes
CUST02921,Female,0,Yes,No,18,Yes,No,Fiber optic,No internet,No internet,Yes,Yes,No internet,Yes,Two year,Yes,Electronic check,62.02,892.74,No
CUST02922,Male,0,No,No,9,Yes,No,Fiber optic,No internet,No,No,No internet,No,No,Month-to-month,Yes,Electronic check,53.89,445.85,Yes
CUST02923,Male,0,No,No,17,Yes,No phone service,Fiber optic,No,Yes,No,No internet,No,No,One year,No,Electronic check,70.6,1198.16,No
CUST02924,Female,0,No,No,19,Yes,No,Fiber optic,No internet,Yes,Yes,No,No internet,No internet,Month-to-month,Yes,Electronic check,51.88,1003.04,Yes
CUST02925,Female,0,No,No,2,Yes,Yes,Fiber optic,No,Yes,Yes,No,No,Yes,Month-to-month,No,Mailed check,51.07,34.08,Yes
CUST02926,Female,1,Yes,No,25,Yes,No,DSL,Yes,No,No internet,No internet,No,No,Month-to-month,No,Electronic check,85.88,2006.33,Yes
CUST02927,Female,0,No,Yes,24,Yes,No,DSL,No internet,Yes,No,Yes,No,Yes,One year,Yes,Credit card,40.74,1054.52,No
CUST02928,Female,0,Yes,Yes,35,No,No phone service,No,No internet,Yes,Yes,Yes,Yes,No,One year,Yes,Credit card,52.91,1819.85,No
CUST02929,Female,0,Yes,Yes,2,Yes,Yes,DSL,No,No,No,No,Yes,No,Month-to-month,Yes,Electronic check,79.62,158.4,Yes
CUST02930,Female,0,Yes,No,8,Yes,No,Fiber optic,Yes,No internet,Yes,No internet,No,No,Month-to-month,Yes,Electronic check,48.32,213.24,Yes
CUST02931,Male,1,No,No,25,Yes,Yes,No,Yes,No,No,Yes,Yes,No,Two year,Yes,Electronic check,85.03,2101.92,No
CUST02932,Male,1,Yes,No,3,Yes,No,No,Yes,No,No,No,No,Yes,Two year,Yes,Credit card,77.57,304.37,No
CUST02933,Male,0,No,No,27,Yes,Yes,DSL,No,Yes,No internet,No,No internet,Yes,Month-to-month,No,Bank transfer,44.03,1220.51,Yes
CUST02934,Male,0,Yes,No,1,Yes,No phone service,No,Yes,Yes,No,No,Yes,Yes,Month-to-month,Yes,Bank transfer,37.6,0.0,Yes
CUST02935,Male,0,No,No,9,Yes,Yes,Fiber optic,Yes,Yes,No,No internet,No,No,Two year,No,Credit card,54.64,437.94,No
CUST02936,Female,0,Yes,Yes,45,Yes,No,DSL,Yes,No internet,Yes,Yes,Yes,No internet,Month-to-month,Yes,Credit card,62.36,2787.77,No
CUST02937,Male,0,No,No,35,Yes,No,Fiber optic,No,No internet,No internet,Yes,Yes,No,One year,Yes,Credit card,73.53,2609.8,Yes
CUST02938,Male,0,No,Yes,24,Yes,Yes,No,No,No,No,No internet,Yes,Yes,Month-to-month,Yes,Bank transfer,69.91,1712.98,Yes
CUST02939,Male,0,Yes,Yes,49,Yes,No,DSL,No internet,Yes,Yes,No internet,No,Yes,One year,Yes,Credit card,77.57,3856.72,No
CUST02940,Male,0,Yes,Yes,29,Yes,No,No,No,No,Yes,Yes,Yes,No,Month-to-month,No,Credit card,63.75,1930.99,Yes
CUST02941,Male,0,No,Yes,17,Yes,No,DSL,No internet,No,No,No,No,No,One year,Yes,Mailed check,67.14,1152.67,No
CUST02942,Male,0,No,Yes,72,Yes,Yes,Fiber optic,No,No internet,No,No,No,No,One year,Yes,Credit card,103.9,7653.28,Yes
CUST02943,Male,0,No,No,28,Yes,Yes,DSL,No,No,Yes,No,No internet,Yes,Two year,Yes,Bank transfer,83.53,2404.9,No
CUST02944,Female,0,Yes,Yes,22,Yes,Yes,Fiber optic,Yes,No,Yes,No internet,No,No,One year,Yes,Mailed check,65.04,1356.61,No
CUST02945,Female,0,No,No,12,Yes,No,DSL,No,No,No,No,No internet,No,Two year,No,Mailed check,42.85,547.67,No
CUST02946,Male,1,Yes,Yes,55,Yes,Yes,Fiber optic,Yes,No,No internet,No,No internet,Yes,Two year,No,Bank transfer,84.87,4721.26,No
CUST02947,Female,0,No,Yes,8,Yes,Yes,DSL,No,No,No internet,Yes,No internet,No,Month-to-month,No,Mailed check,64.15,589.22,Yes
CUST02948,Female,0,No,No,0,Yes,Yes,No,No,No,No,Yes,No,No internet,Month-to-month,Yes,Credit card,66.48,0.0,No
CUST02949,Female,0,Yes,No,5,Yes,No,DSL,Yes,No internet,Yes,No internet,Yes,No,One year,Yes,Electronic check,68.5,147.22,No
CUST02950,Female,1,No,No,2,Yes,Yes,Fiber optic,No,Yes,No internet,No,No internet,No internet,Two year,Yes,Credit card,58.35,261.67,No
CUST02951,Male,1,No,No,9,Yes,Yes,Fiber optic,No internet,No internet,Yes,Yes,Yes,No internet,Month-to-month,No,Electronic check,67.88,601.04,Yes
CUST02952,Female,0,No,No,41,No,Yes,DSL,Yes,No,No internet,No,No internet,Yes,One year,Yes,Electronic check,78.3,3000.47,No
CUST02953,Female,0,Yes,No,25,Yes,No,Fiber optic,Yes,No,No,No,Yes,No internet,Month-to-month,No,Credit card,84.41,2082.77,Yes
CUST02954,Female,1,Yes,No,4,Yes,No phone service,Fiber optic,No,No internet,No,Yes,No,No,Month-to-month,No,Electronic check,50.67,276.86,Yes
CUST02955,Male,0,No,No,37,Yes,Yes,Fiber optic,No,No internet,Yes,Yes,No,No internet,One year,No,Credit card,75.4,2682.7,No
CUST02956,Male,0,Yes,Yes,16,Yes,No,No,No,No,Yes,No,No,Yes,One year,Yes,Electronic check,50.28,696.18,No
CUST02957,Male,0,Yes,No,17,No,Yes,DSL,Yes,No internet,No,No,Yes,Yes,One year,Yes,Credit card,76.03,1267.49,No
CUST02958,Male,0,No,No,10,Yes,Yes,No,Yes,Yes,Yes,No internet,No internet,No,Two year,No,Electronic check,54.51,555.7,Yes
CUST02959,Male,0,Yes,No,47,Yes,Yes,No,Yes,No,No,No internet,No,Yes,Month-to-month,No,Electronic check,77.08,3564.44,No
CUST02960,Male,0,No,No,9,Yes,No phone service,DSL,Yes,Yes,No,No,Yes,No,Month-to-month,No,Credit card,41.93,340.61,Yes
CUST02961,Male,0,Yes,Yes,2,Yes,No,Fiber optic,No internet,Yes,No,No,No internet,No internet,Two year,Yes,Electronic check,44.58,170.32,No
CUST02962,Female,1,Yes,No,8,Yes,Yes,Fiber optic,Yes,No internet,No,No internet,No,No internet,Month-to-month,No,Credit card,93.77,751.59,Yes
CUST02963,Female,0,No,Yes,30,Yes,Yes,Fiber optic,No,No,Yes,Yes,Yes,Yes,Month-to-month,Yes,Credit card,74.23,2078.6,Yes
CUST02964,Female,0,No,No,25,Yes,No,Fiber optic,No internet,No,Yes,No internet,No,Yes,One year,Yes,Electronic check,65.3,1751.26,No
CUST02965,Male,0,No,Yes,4,Yes,Yes,DSL,No internet,No,No,No,Yes,No internet,Two year,No,Mailed check,72.57,271.8,No
CUST02966,Male,0,No,Yes,2,Yes,Yes,Fiber optic,Yes,No,No,Yes,No,Yes,One year,Yes,Electronic check,73.63,56.42,No
CUST02967,Male,0,No,No,25,Yes,No,DSL,No,No,No,Yes,Yes,No,Two year,No,Electronic check,61.9,1528.72,No
CUST02968,Male,1,Yes,No,27,Yes,Yes,Fiber optic,No,No,Yes,No,No internet,No internet,Month-to-month,Yes,Mailed check,62.05,1542.82,Yes
CUST02969,Male,0,Yes,Yes,10,Yes,No,No,Yes,No internet,No,No internet,No,No,Month-to-month,No,Bank transfer,52.72,528.12,Yes
CUST02970,Female,0,Yes,No,44,Yes,Yes,DSL,No,No,No,Yes,Yes,No internet,Two year,Yes,Credit card,66.59,2984.67,No
CUST02971,Female,0,No,Yes,72,Yes,Yes,Fiber optic,No internet,No internet,No,No,No,No internet,One year,Yes,Electronic check,87.52,6244.2,No
CUST02972,Male,0,Yes,Yes,5,Yes,No phone service,Fiber optic,No,No,No,No,No internet,No,Month-to-month,Yes,Electronic check,56.58,252.18,Yes
CUST02973,Male,1,Yes,Yes,20,Yes,No phone service,Fiber optic,No,No,No internet,No,No internet,No,Month-to-month,Yes,Bank transfer,107.84,2097.56,Yes
CUST02974,Male,0,Yes,No,0,No,No,Fiber optic,No,No,No,Yes,Yes,No,One year,No,Electronic check,34.42,72.58,No
CUST02975,Male,1,Yes,No,29,Yes,Yes,DSL,No,No,No,No internet,Yes,No internet,Month-to-month,Yes,Bank transfer,54.88,1566.98,No
CUST02976,Female,0,Yes,No,12,Yes,No,Fiber optic,No internet,No internet,No internet,No,No internet,Yes,One year,No,Mailed check,47.18,507.81,No
CUST02977,Male,0,No,No,5,No,Yes,Fiber optic,Yes,No,No,No,Yes,No,Month-to-month,Yes,Credit card,18.0,104.47,Yes
CUST02978,Male,0,Yes,Yes,33,Yes,No,Fiber optic,No internet,No internet,No,Yes,Yes,No,Month-to-month,No,Bank transfer,38.12,1230.03,Yes
CUST02979,Male,0,No,No,39,Yes,No,DSL,No internet,No,No,No,No,Yes,One year,Yes,Mailed check,49.61,1920.93,No
CUST02980,Male,0,No,No,2,Yes,No,DSL,Yes,No,No internet,No,Yes,No,Month-to-month,Yes,Bank transfer,68.0,55.53,Yes
CUST02981,Female,0,Yes,Yes,1,Yes,No,Fiber optic,Yes,Yes,No,Yes,No,Yes,Month-to-month,No,Credit card,30.22,92.33,Yes
CUST02982,Male,0,No,No,9,Yes,No,DSL,No,No internet,No,No,No,No,Two year,Yes,Credit card,29.04,220.97,No
CUST02983,Male,0,Yes,No,23,Yes,Yes,DSL,No,Yes,No,No,No,Yes,One year,No,Electronic check,48.84,1093.76,No
CUST02984,Female,0,No,No,37,Yes,Yes,No,No internet,No internet,Yes,Yes,No internet,No internet,Month-to-month,Yes,Mailed check,74.49,2775.02,No
CUST02985,Female,0,No,No,18,Yes,No,DSL,No,No,No internet,Yes,No,Yes,Month-to-month,No,Mailed check,51.31,1119.78,No
CUST02986,Female,1,No,No,20,Yes,Yes,Fiber optic,No,No,No internet,No internet,No internet,No internet,Month-to-month,Yes,Mailed check,64.88,1380.98,Yes
CUST02987,Male,0,No,No,38,Yes,No,Fiber optic,No,Yes,No,No internet,Yes,No internet,One year,Yes,Electronic check,60.39,2227.7,No
CUST02988,Male,0,Yes,No,18,Yes,No,DSL,No,No,No,No,Yes,Yes,Month-to-month,Yes,Bank transfer,39.14,579.12,No
CUST02989,Female,0,Yes,Yes,22,Yes,Yes,DSL,No,Yes,No,Yes,Yes,No,Month-to-month,Yes,Electronic check,47.14,1069.37,Yes
CUST02990,Female,0,No,No,17,Yes,Yes,Fiber optic,No,No internet,Yes,Yes,Yes,No,Month-to-month,Yes,Electronic check,46.24,727.4,Yes
CUST02991,Female,0,Yes,Yes,50,Yes,No,DSL,Yes,Yes,Yes,No,No internet,No internet,Month-to-month,Yes,Electronic check,84.51,4202.39,Yes
CUST02992,Female,0,Yes,Yes,6,Yes,Yes,DSL,No internet,No,No,No,Yes,No,Month-to-month,Yes,Electronic check,36.2,198.87,Yes
CUST02993,Female,0,Yes,No,7,Yes,No phone service,DSL,Yes,Yes,Yes,No,No,No,Month-to-month,No,Electronic check,68.8,470.52,Yes
CUST02994,Female,1,No,No,3,No,Yes,DSL,Yes,No internet,Yes,No,No internet,No,Two year,No,Bank transfer,71.75,193.71,Yes
CUST02995,Male,0,Yes,No,41,Yes,No,No,No,No,Yes,No internet,Yes,No,Two year,Yes,Credit card,47.04,1880.69,No
CUST02996,Male,0,No,No,12,Yes,No phone service,DSL,No,Yes,No,Yes,No internet,No,Month-to-month,Yes,Mailed check,61.79,527.14,Yes
CUST02997,Male,0,Yes,Yes,10,Yes,No phone service,Fiber optic,No,No,No,Yes,No internet,Yes,Two year,Yes,Electronic check,55.83,576.9,No
CUST02998,Female,0,Yes,No,72,Yes,No,Fiber optic,No,Yes,Yes,No,No,Yes,One year,No,Credit card,106.41,7723.41,No
CUST02999,Female,0,No,Yes,62,Yes,No,Fiber optic,No,Yes,No internet,No internet,No,Yes,Month-to-month,Yes,Electronic check,68.74,4167.41,Yes
CUST03000,Female,0,Yes,No,72,No,No,Fiber optic,No,No,No internet,No internet,Yes,No,Month-to-month,No,Electronic check,95.81,6970.51,No
CUST03001,Female,0,No,No,3,Yes,No,Fiber optic,Yes,No,Yes,Yes,No internet,Yes,Month-to-month,Yes,Mailed check,63.44,221.06,Yes
CUST03002,Female,0,Yes,Yes,53,Yes,No,No,No internet,Yes,No internet,No,No,Yes,One year,Yes,Mailed check,50.32,2679.25,No
CUST03003,Female,0,Yes,No,9,Yes,No,DSL,No,Yes,Yes,No,No,No internet,One year,No,Credit card,74.14,685.61,No
CUST03004,Male,0,Yes,No,0,Yes,No,DSL,No,No,Yes,No,No,No,Two year,Yes,Credit card,38.98,73.97,No
CUST03005,Male,0,No,No,11,Yes,No,No,No,No internet,No internet,Yes,No,Yes,Two year,Yes,Mailed check,62.54,742.26,No
CUST03006,Female,0,No,No,17,Yes,No,No,No internet,No,No,Yes,Yes,No internet,Two year,No,Mailed check,55.19,780.33,No
CUST03007,Male,1,No,Yes,2,Yes,No,Fiber optic,No,Yes,Yes,No,No,No,Two year,Yes,Electronic check,58.13,245.78,No
CUST03008,Female,1,Yes,Yes,18,Yes,No phone service,No,No,No,No,Yes,Yes,Yes,Two year,Yes,Mailed check,56.92,1079.99,No
CUST03009,Male,0,No,Yes,41,Yes,Yes,Fiber optic,No,Yes,No,Yes,No,No,Month-to-month,No,Credit card,61.6,2426.28,Yes
CUST03010,Female,0,Yes,Yes,11,Yes,Yes,Fiber optic,Yes,No,No internet,No,No,No internet,Month-to-month,Yes,Mailed check,62.24,505.86,Yes
CUST03011,Female,0,No,No,10,Yes,No phone service,No,No internet,No internet,No internet,No,Yes,Yes,One year,Yes,Electronic check,76.26,641.61,Yes
CUST03012,Male,1,No,No,9,Yes,No,Fiber optic,No,No,No internet,No internet,Yes,No,One year,No,Electronic check,46.23,540.91,No
CUST03013,Male,0,No,No,61,Yes,No,No,Yes,No,No,No,No,No,Month-to-month,No,Mailed check,72.53,4413.04,No
CUST03014,Female,0,Yes,No,1,Yes,No,Fiber optic,No internet,No internet,No,No,No,Yes,Two year,Yes,Bank transfer,54.42,133.13,No
CUST03015,Female,0,No,No,14,Yes,No,No,No,Yes,No internet,Yes,Yes,No,Two year,No,Mailed check,60.13,1044.65,No
CUST03016,Male,1,Yes,No,7,Yes,Yes,Fiber optic,No internet,Yes,Yes,No,No,No,One year,Yes,Bank transfer,71.01,381.66,No
CUST03017,Male,0,No,No,53,Yes,Yes,Fiber optic,No,No internet,No internet,No internet,Yes,No,Month-to-month,Yes,Bank transfer,93.92,4858.4,Yes
CUST03018,Female,1,Yes,No,2,Yes,No,Fiber optic,No,No internet,Yes,No,Yes,No internet,Two year,Yes,Bank transfer,35.28,68.83,No
CUST03019,Male,0,Yes,No,12,Yes,No,Fiber optic,No,No,No internet,No,Yes,No,Month-to-month,No,Credit card,47.43,599.04,No
CUST03020,Female,0,Yes,Yes,12,Yes,Yes,No,No,No,Yes,No internet,No,Yes,Month-to-month,No,Credit card,71.67,936.64,No
CUST03021,Female,0,Yes,No,52,Yes,No,DSL,Yes,Yes,No,No,Yes,Yes,Two year,No,Electronic check,73.31,3719.52,No
CUST03022,Female,0,Yes,Yes,5,Yes,No,No,No internet,No internet,No,No,Yes,No internet,One year,Yes,Bank transfer,35.25,109.89,No
CUST03023,Female,0,No,No,24,Yes,Yes,Fiber optic,Yes,No,Yes,Yes,No,No,Month-to-month,Yes,Bank transfer,43.02,1170.58,Yes
CUST03024,Male,0,No,No,3,Yes,No phone service,Fiber optic,No,No,No,No,No,No,Two year,No,Electronic check,51.31,194.45,Yes
CUST03025,Male,1,No,Yes,72,Yes,No,Fiber optic,Yes,Yes,Yes,Yes,Yes,No,Month-to-month,No,Credit card,89.8,6496.85,Yes
CUST03026,Male,0,No,No,21,Yes,Yes,Fiber optic,No internet,No,Yes,Yes,No internet,No,One year,Yes,Electronic check,92.86,1905.53,No
CUST03027,Male,0,Yes,No,23,Yes,Yes,Fiber optic,No,No,Yes,No internet,No,Yes,One year,Yes,Credit card,59.15,1491.98,No
CUST03028,Male,0,No,No,13,Yes,Yes,No,No internet,Yes,No,No,Yes,Yes,Month-to-month,No,Electronic check,45.04,691.72,No
CUST03029,Male,1,Yes,No,10,Yes,No phone service,No,No,No internet,Yes,No,No internet,No internet,Month-to-month,No,Bank transfer,83.73,834.28,Yes
CUST03030,Male,0,No,Yes,5,Yes,Yes,Fiber optic,No internet,Yes,No internet,No,No,Yes,Two year,Yes,Electronic check,51.31,90.1,Yes
CUST03031,Female,1,Yes,No,22,No,Yes,Fiber optic,No,No internet,Yes,Yes,No,No,Month-to-month,No,Mailed check,82.62,1911.7,Yes
CUST03032,Male,1,Yes,No,72,Yes,No,No,No,No,No,No,No internet,Yes,Month-to-month,Yes,Electronic check,120.0,8693.45,Yes
CUST03033,Male,0,Yes,Yes,10,Yes,Yes,Fiber optic,No,No internet,No,Yes,No internet,No,Month-to-month,Yes,Electronic check,77.17,780.78,Yes
CUST03034,Female,0,Yes,No,51,Yes,No,No,Yes,No,No,No internet,No internet,No,Month-to-month,Yes,Credit card,81.09,4252.68,Yes
CUST03035,Male,0,Yes,No,3,Yes,Yes,No,No,No,Yes,No,Yes,No,Two year,Yes,Electronic check,62.41,232.75,No
CUST03036,Male,0,Yes,Yes,66,Yes,Yes,Fiber optic,No internet,Yes,No internet,Yes,No,Yes,Month-to-month,No,Mailed check,103.2,6781.45,Yes
CUST03037,Female,1,No,No,10,Yes,No phone service,Fiber optic,No,No,No,No,No,No,One year,Yes,Bank transfer,50.65,606.65,No
CUST03038,Male,0,No,Yes,11,Yes,Yes,No,No internet,Yes,No,No,Yes,Yes,Month-to-month,Yes,Electronic check,35.92,417.08,Yes
CUST03039,Male,0,Yes,No,14,Yes,No,No,Yes,Yes,Yes,No,No internet,Yes,Two year,No,Electronic check,87.21,1313.06,No
CUST03040,Male,0,Yes,No,30,Yes,No,Fiber optic,No,Yes,No,No,No internet,Yes,One year,Yes,Electronic check,46.23,1401.02,No
CUST03041,Female,0,No,Yes,30,Yes,Yes,No,Yes,No,No internet,No,No internet,No internet,Month-to-month,No,Bank transfer,99.02,3026.82,Yes
CUST03042,Male,1,Yes,No,15,Yes,Yes,No,No,No internet,Yes,No internet,Yes,No,Two year,No,Credit card,57.08,1004.01,No
CUST03043,Male,0,No,Yes,17,Yes,No,DSL,No internet,Yes,No internet,Yes,Yes,No,Month-to-month,Yes,Credit card,44.96,903.95,Yes
CUST03044,Female,0,Yes,No,0,Yes,No,DSL,No,Yes,No,No,Yes,No,One year,Yes,Credit card,61.91,0.0,No
CUST03045,Male,0,No,No,8,Yes,Yes,DSL,Yes,No,Yes,No,No internet,No internet,Two year,No,Bank transfer,29.91,332.15,No
CUST03046,Female,0,No,No,10,Yes,No,DSL,Yes,Yes,No,No internet,No,Yes,One year,Yes,Credit card,93.57,874.83,Yes
CUST03047,Female,0,No,Yes,19,Yes,No,No,No,No,No,No internet,Yes,Yes,One year,Yes,Electronic check,88.36,1758.34,No
CUST03048,Male,0,No,No,19,Yes,Yes,DSL,No,Yes,No,No,No internet,No,Month-to-month,No,Mailed check,82.6,1556.14,No
CUST03049,Female,0,Yes,No,29,Yes,Yes,Fiber optic,Yes,Yes,No internet,No,No,Yes,Month-to-month,Yes,Mailed check,41.62,1056.09,Yes
CUST03050,Female,0,Yes,No,30,Yes,Yes,No,No,Yes,No internet,No,No,No,Month-to-month,Yes,Electronic check,84.42,2561.66,Yes
CUST03051,Male,0,No,No,6,No,No,No,No,Yes,Yes,No,No internet,No,Two year,No,Credit card,70.84,530.1,No
CUST03052,Female,0,No,Yes,35,Yes,No phone service,Fiber optic,Yes,Yes,Yes,No,No,No,Two year,No,Electronic check,69.99,2510.08,No
CUST03053,Female,0,Yes,No,0,Yes,No,Fiber optic,No,No internet,Yes,Yes,Yes,No,Month-to-month,Yes,Bank transfer,62.62,0.0,Yes
CUST03054,Male,0,No,No,30,Yes,Yes,DSL,No,No,No internet,No,No internet,Yes,Month-to-month,Yes,Mailed check,74.26,2254.8,No
CUST03055,Male,0,Yes,No,2,Yes,No,DSL,Yes,Yes,No internet,No internet,No internet,No,Month-to-month,Yes,Electronic check,32.83,52.38,Yes
CUST03056,Male,0,Yes,No,31,Yes,No,DSL,No,No,No internet,No,Yes,No,Month-to-month,No,Electronic check,58.95,1908.49,No
CUST03057,Female,0,No,No,17,No,No,DSL,Yes,Yes,No internet,No,Yes,No internet,Month-to-month,No,Mailed check,53.98,1021.03,No
CUST03058,Male,0,Yes,Yes,13,Yes,No,Fiber optic,No,No,Yes,Yes,No internet,Yes,One year,Yes,Credit card,33.75,309.2,No
CUST03059,Female,1,Yes,Yes,28,Yes,No,DSL,No,No internet,No internet,Yes,No internet,Yes,Two year,No,Bank transfer,85.3,2398.33,No
CUST03060,Female,0,Yes,Yes,0,Yes,No,Fiber optic,No internet,No,No,No internet,No,Yes,One year,Yes,Mailed check,66.94,0.0,No
CUST03061,Female,0,Yes,Yes,6,Yes,No,No,No,No,No internet,No,Yes,Yes,One year,No,Electronic check,59.79,378.62,No
CUST03062,Female,0,No,No,22,Yes,Yes,Fiber optic,Yes,No,No,No internet,No,No internet,Two year,Yes,Mailed check,89.1,1821.64,No
CUST03063,Female,0,No,No,45,Yes,No,Fiber optic,No internet,No,No internet,Yes,No,Yes,One year,No,Electronic check,77.72,3491.5,No
CUST03064,Female,0,Yes,No,11,No,No,No,No,Yes,No,No,No,Yes,Month-to-month,No,Bank transfer,55.81,642.28,Yes
CUST03065,Female,0,Yes,No,7,Yes,Yes,DSL,Yes,No,No internet,No internet,No,No internet,Month-to-month,No,Electronic check,45.22,87.74,Yes
CUST03066,Male,0,Yes,No,17,Yes,Yes,No,Yes,No internet,Yes,No,Yes,No,Month-to-month,No,Bank transfer,62.64,1038.15,Yes
CUST03067,Male,0,Yes,No,23,No,No,DSL,Yes,No internet,No,Yes,Yes,No,One year,No,Bank transfer,21.07,334.97,No
CUST03068,Female,0,No,No,13,Yes,Yes,Fiber optic,No internet,No internet,No internet,Yes,No,Yes,Two year,No,Mailed check,82.95,1161.37,No
CUST03069,Female,0,No,No,50,Yes,Yes,DSL,No,Yes,No,Yes,Yes,No,One year,No,Bank transfer,80.88,3849.96,No
CUST03070,Male,0,Yes,No,17,Yes,Yes,DSL,No,No,Yes,Yes,No internet,No internet,Two year,No,Bank transfer,75.5,1248.23,No
CUST03071,Female,0,Yes,Yes,0,Yes,Yes,DSL,No,No internet,No,No,Yes,No,Month-to-month,No,Electronic check,67.19,131.4,No
CUST03072,Male,0,No,Yes,6,Yes,No phone service,No,No,Yes,No,No internet,Yes,Yes,Two year,Yes,Bank transfer,64.05,279.62,No
CUST03073,Male,1,No,No,14,Yes,No,Fiber optic,No internet,No internet,Yes,No internet,Yes,Yes,Two year,Yes,Bank transfer,51.68,650.16,Yes
CUST03074,Male,0,No,No,28,No,Yes,Fiber optic,No,Yes,No,Yes,Yes,Yes,One year,Yes,Mailed check,18.0,,No
CUST03075,Female,0,No,No,5,Yes,Yes,Fiber optic,No,No internet,Yes,No internet,Yes,No internet,Two year,Yes,Electronic check,85.24,431.53,No
CUST03076,Female,1,Yes,No,72,Yes,Yes,No,Yes,Yes,No internet,No,No,No,One year,No,Electronic check,96.27,6699.3,No
CUST03077,Male,0,Yes,No,9,Yes,Yes,DSL,No,No,Yes,Yes,No internet,Yes,Month-to-month,Yes,Credit card,49.43,418.68,Yes
CUST03078,Male,0,No,No,18,Yes,Yes,Fiber optic,No,Yes,No,Yes,No internet,No internet,Month-to-month,Yes,Mailed check,55.04,1060.15,Yes
CUST03079,Male,0,No,No,0,No,No,No,No,Yes,No,No,No,Yes,One year,Yes,Electronic check,43.08,215.13,No
CUST03080,Male,1,Yes,No,51,Yes,No,Fiber optic,No,No internet,No internet,Yes,No,No,Two year,Yes,Electronic check,85.27,4272.67,Yes
CUST03081,Male,1,Yes,Yes,37,Yes,No,Fiber optic,No,Yes,Yes,Yes,No,No internet,Month-to-month,Yes,Electronic check,77.37,2833.17,Yes
CUST03082,Female,0,Yes,No,5,Yes,No,No,No,No internet,No,Yes,Yes,No,One year,No,Electronic check,54.25,,Yes
CUST03083,Male,0,No,Yes,64,No,No,Fiber optic,No,No internet,Yes,No,No,No internet,Two year,No,Mailed check,78.36,4933.22,No
CUST03084,Female,0,Yes,No,9,Yes,No,No,Yes,No internet,No internet,Yes,Yes,No internet,Month-to-month,Yes,Mailed check,67.83,758.65,Yes
CUST03085,Male,0,Yes,No,28,Yes,No phone service,DSL,No,No internet,No internet,Yes,Yes,Yes,Month-to-month,Yes,Credit card,74.9,2093.57,Yes
CUST03086,Female,0,No,No,41,Yes,No,No,No,No internet,No internet,Yes,Yes,Yes,Month-to-month,No,Credit card,62.48,2583.81,No
CUST03087,Female,0,Yes,No,32,Yes,No,Fiber optic,No,Yes,No internet,Yes,No internet,No internet,Month-to-month,No,Mailed check,68.91,2258.78,Yes
CUST03088,Female,0,Yes,No,59,Yes,No,Fiber optic,Yes,No internet,No,Yes,Yes,Yes,Month-to-month,Yes,Credit card,62.04,3489.02,Yes
CUST03089,Female,0,Yes,No,47,Yes,Yes,No,Yes,Yes,No,No,No,No internet,Month-to-month,Yes,Mailed check,82.86,3921.69,No
CUST03090,Female,0,Yes,No,72,Yes,No phone service,No,No,Yes,Yes,Yes,Yes,Yes,Month-to-month,Yes,Bank transfer,111.34,7953.72,No
CUST03091,Female,0,Yes,No,4,Yes,Yes,DSL,No internet,Yes,No internet,Yes,No,No,One year,Yes,Electronic check,65.25,173.93,No
CUST03092,Male,0,No,No,8,No,No,No,No,No,No,Yes,No,Yes,One year,Yes,Electronic check,52.78,468.13,No
CUST03093,Female,1,No,No,24,Yes,Yes,DSL,No internet,Yes,No,Yes,Yes,No internet,One year,No,Electronic check,57.5,1493.01,No
CUST03094,Male,0,Yes,Yes,31,Yes,No,DSL,No internet,Yes,Yes,No,No,No,Month-to-month,No,Electronic check,75.77,2348.78,Yes
CUST03095,Female,0,Yes,Yes,18,Yes,No phone service,DSL,No,No,No internet,No,No,Yes,Two year,Yes,Bank transfer,50.09,1055.17,No
CUST03096,Female,0,No,No,1,Yes,Yes,No,No,No,No,No,No,No internet,Two year,No,Electronic check,50.93,27.39,No
CUST03097,Male,0,Yes,No,44,Yes,No,Fiber optic,Yes,Yes,No,No internet,No,No,Two year,No,Electronic check,83.5,3501.82,No
CUST03098,Female,1,Yes,No,72,Yes,Yes,DSL,No,No,No,Yes,Yes,No internet,Month-to-month,No,Credit card,83.96,5928.4,Yes
CUST03099,Male,0,No,No,12,Yes,Yes,Fiber optic,No,No,Yes,Yes,No internet,No,Two year,No,Bank transfer,57.57,843.41,No
CUST03100,Male,0,Yes,No,6,No,Yes,DSL,Yes,No,No internet,No,No internet,No internet,Two year,No,Mailed check,37.43,402.81,No
CUST03101,Male,0,Yes,No,0,Yes,Yes,Fiber optic,Yes,No,No internet,Yes,No,Yes,Month-to-month,Yes,Electronic check,45.15,36.29,Yes
CUST03102,Male,0,Yes,No,6,Yes,No,Fiber optic,No,No internet,No,No,No,No internet,Month-to-month,Yes,Credit card,46.3,216.1,Yes
CUST03103,Female,0,Yes,No,28,Yes,No,DSL,No,No internet,No internet,No internet,No internet,No,One year,No,Electronic check,82.39,2276.16,No
CUST03104,Female,0,Yes,No,58,Yes,Yes,No,Yes,Yes,Yes,No,No internet,Yes,Month-to-month,Yes,Bank transfer,82.26,4766.51,Yes
CUST03105,Male,0,Yes,No,2,Yes,Yes,Fiber optic,No internet,Yes,No,Yes,Yes,Yes,Month-to-month,No,Bank transfer,41.07,83.58,Yes
CUST03106,Female,0,Yes,Yes,19,Yes,Yes,Fiber optic,No,No internet,Yes,No internet,No,Yes,Month-to-month,No,Mailed check,53.36,1069.55,Yes
CUST03107,Female,0,No,Yes,28,No,Yes,Fiber optic,Yes,No,No,No,No,Yes,One year,Yes,Credit card,79.41,2257.81,No
CUST03108,Male,1,Yes,No,7,Yes,Yes,Fiber optic,No,No,No internet,No,No,No,Two year,Yes,Electronic check,40.1,,Yes
CUST03109,Female,0,Yes,No,20,Yes,Yes,Fiber optic,No,No,No,Yes,No internet,No,One year,Yes,Credit card,47.96,846.35,No
CUST03110,Male,1,No,No,30,Yes,Yes,DSL,Yes,No internet,No,No,No,No internet,One year,Yes,Mailed check,59.42,1837.02,No
CUST03111,Male,0,No,No,43,Yes,No,DSL,No,Yes,No,Yes,No,No internet,Month-to-month,Yes,Bank transfer,74.15,3148.26,Yes
CUST03112,Female,0,Yes,No,14,Yes,Yes,Fiber optic,No,No,Yes,Yes,No internet,No,One year,Yes,Credit card,59.03,818.31,No
CUST03113,Female,0,Yes,No,33,Yes,No,Fiber optic,No internet,No internet,No,No,No internet,No,Month-to-month,Yes,Bank transfer,64.4,2126.78,Yes
CUST03114,Female,0,Yes,No,8,Yes,No,No,No internet,Yes,No,No,No,No internet,Two year,Yes,Credit card,52.95,369.43,Yes
CUST03115,Male,0,No,Yes,5,Yes,No,Fiber optic,No,No,No,Yes,Yes,Yes,Month-to-month,Yes,Electronic check,32.51,175.73,Yes
CUST03116,Male,0,Yes,Yes,4,Yes,No,No,Yes,No,No,Yes,No internet,Yes,Month-to-month,No,Credit card,38.11,221.42,Yes
CUST03117,Female,0,Yes,No,10,Yes,Yes,Fiber optic,No,No internet,Yes,No,No internet,No,Month-to-month,No,Bank transfer,63.89,625.93,Yes
CUST03118,Female,0,Yes,No,0,No,No phone service,Fiber optic,No,No internet,No,Yes,No,Yes,Two year,Yes,Credit card,28.22,137.17,Yes
CUST03119,Female,0,Yes,No,7,Yes,Yes,DSL,No,No,No,No internet,No,No,Two year,Yes,Credit card,49.63,503.65,No
CUST03120,Female,0,Yes,No,25,Yes,No,Fiber optic,No internet,No,Yes,No,Yes,No,Month-to-month,No,Electronic check,77.0,1840.53,No
CUST03121,Male,0,Yes,No,25,Yes,Yes,Fiber optic,Yes,No internet,No,No,Yes,No internet,Month-to-month,Yes,Mailed check,65.81,1686.04,No
CUST03122,Female,0,No,No,1,Yes,Yes,Fiber optic,No internet,Yes,No internet,No,Yes,No internet,One year,Yes,Credit card,40.36,16.43,No
CUST03123,Male,0,No,No,8,Yes,Yes,DSL,No internet,No internet,No internet,No,No,No,Two year,Yes,Bank transfer,64.88,442.75,Yes
CUST03124,Male,0,Yes,No,20,Yes,No phone service,DSL,No internet,Yes,No,No internet,No,No,Month-to-month,Yes,Mailed check,49.27,981.64,Yes
CUST03125,Female,0,Yes,Yes,9,Yes,Yes,DSL,No internet,No,Yes,Yes,No,No internet,Month-to-month,Yes,Electronic check,55.42,285.2,Yes
CUST03126,Female,0,Yes,No,12,Yes,No,Fiber optic,No,No internet,No internet,No internet,No,Yes,Month-to-month,Yes,Mailed check,44.43,610.97,Yes
CUST03127,Female,0,Yes,No,29,Yes,No phone service,DSL,Yes,No,No,No,Yes,No internet,One year,Yes,Bank transfer,42.3,1313.39,No
CUST03128,Male,0,No,No,0,Yes,No,No,No,Yes,No internet,No internet,No internet,No,Month-to-month,Yes,Bank transfer,48.28,22.95,Yes
CUST03129,Female,0,No,No,7,Yes,Yes,No,No,No internet,No,No,Yes,Yes,Month-to-month,Yes,Mailed check,71.7,598.56,Yes
CUST03130,Female,0,Yes,No,3,Yes,No phone service,No,No,No,Yes,No,Yes,No,Month-to-month,No,Electronic check,68.68,136.17,Yes
CUST03131,Male,0,Yes,No,3,No,No,Fiber optic,No,Yes,Yes,No internet,No,No internet,One year,Yes,Bank transfer,62.58,0.0,No
CUST03132,Female,0,Yes,No,72,Yes,No phone service,Fiber optic,Yes,Yes,Yes,Yes,No internet,No,Two year,Yes,Credit card,96.81,6922.39,No
CUST03133,Male,0,No,No,11,Yes,Yes,No,No,Yes,Yes,No internet,No internet,Yes,Two year,No,Mailed check,66.94,614.66,Yes
CUST03134,Female,0,No,Yes,17,Yes,No,Fiber optic,No internet,Yes,No,No,No,No,One year,Yes,Credit card,55.51,944.71,No
CUST03135,Male,0,No,No,31,Yes,Yes,DSL,No,No,Yes,No internet,No,No internet,Two year,Yes,Mailed check,46.87,1596.85,No
CUST03136,Female,1,No,No,1,Yes,No,Fiber optic,No,No,Yes,Yes,No internet,Yes,Month-to-month,Yes,Credit card,63.04,92.57,Yes
CUST03137,Female,0,Yes,No,6,Yes,No phone service,Fiber optic,No,No internet,No,No internet,Yes,Yes,One year,No,Bank transfer,67.13,376.95,No
CUST03138,Male,0,No,No,42,Yes,Yes,Fiber optic,Yes,No,No,No internet,No,Yes,Month-to-month,No,Credit card,83.97,3637.78,Yes
CUST03139,Male,0,No,Yes,47,Yes,Yes,DSL,Yes,Yes,Yes,Yes,No,Yes,One year,Yes,Credit card,77.04,3790.3,No
CUST03140,Female,0,Yes,No,11,Yes,Yes,No,No,Yes,Yes,Yes,No internet,Yes,Two year,Yes,Electronic check,60.6,711.01,No
CUST03141,Male,0,Yes,No,11,Yes,No,Fiber optic,Yes,Yes,Yes,No,Yes,No internet,Two year,Yes,Credit card,34.53,315.04,No
CUST03142,Male,0,No,Yes,33,Yes,Yes,DSL,No internet,No internet,No,No,No,No,Month-to-month,No,Bank transfer,89.9,2979.13,Yes
CUST03143,Male,1,No,Yes,8,Yes,No,Fiber optic,No internet,Yes,No internet,No,Yes,No internet,Two year,No,Electronic check,62.3,514.01,No
CUST03144,Male,0,No,Yes,2,Yes,Yes,No,No,No,No,No internet,No internet,Yes,Two year,Yes,Electronic check,19.39,19.91,No
CUST03145,Female,0,No,No,7,Yes,No phone service,DSL,No,No internet,No,No,No internet,No,Month-to-month,Yes,Mailed check,51.45,489.05,Yes
CUST03146,Female,1,No,Yes,11,Yes,Yes,DSL,No,No internet,No internet,Yes,No internet,No,Two year,Yes,Bank transfer,66.7,818.18,No
CUST03147,Male,1,No,Yes,1,Yes,No,Fiber optic,No,Yes,Yes,No internet,No internet,No,Month-to-month,Yes,Bank transfer,68.55,0.0,Yes
CUST03148,Male,0,Yes,Yes,15,Yes,Yes,No,Yes,Yes,Yes,No,No internet,No,Two year,No,Mailed check,56.42,719.89,No
CUST03149,Male,1,No,No,32,Yes,Yes,No,Yes,Yes,No,No,Yes,No,Month-to-month,Yes,Electronic check,67.34,2101.57,No
CUST03150,Male,0,Yes,No,17,Yes,No,DSL,No,Yes,No,No,No,Yes,Month-to-month,Yes,Mailed check,50.56,760.07,No
CUST03151,Female,1,Yes,No,1,Yes,No,Fiber optic,No internet,No,No,No internet,Yes,No,One year,No,Electronic check,60.53,13.76,No
CUST03152,Female,0,Yes,No,13,Yes,No phone service,DSL,Yes,No,No internet,No internet,Yes,Yes,Month-to-month,Yes,Mailed check,53.76,698.74,Yes
CUST03153,Male,0,No,Yes,29,Yes,Yes,Fiber optic,No,No,No,Yes,Yes,Yes,Month-to-month,No,Credit card,94.4,2719.7,Yes
CUST03154,Male,0,No,No,1,Yes,No,Fiber optic,No internet,Yes,No,Yes,No internet,No,One year,Yes,Credit card,45.59,62.72,No
CUST03155,Male,0,No,No,1,Yes,Yes,Fiber optic,Yes,No,No internet,Yes,No,No,Two year,Yes,Electronic check,38.97,5.58,Yes
CUST03156,Female,0,Yes,Yes,11,Yes,No,DSL,No,Yes,No internet,No internet,No,Yes,Month-to-month,No,Bank transfer,71.78,650.02,Yes
CUST03157,Male,0,Yes,No,5,Yes,Yes,DSL,No internet,No internet,Yes,No,No,No,Two year,No,Mailed check,52.53,166.01,No
CUST03158,Female,0,Yes,Yes,65,No,Yes,DSL,No,No internet,No,Yes,Yes,Yes,Two year,Yes,Electronic check,96.16,6144.99,No
CUST03159,Male,0,Yes,Yes,20,Yes,No,No,Yes,No,No,No,Yes,No internet,One year,No,Credit card,58.69,1094.41,No
CUST03160,Female,0,No,No,8,Yes,No,DSL,No,Yes,Yes,No,No,Yes,One year,No,Mailed check,64.75,558.61,No
CUST03161,Male,0,Yes,No,29,Yes,Yes,DSL,No,No internet,No internet,Yes,Yes,No internet,Month-to-month,No,Mailed check,83.44,2379.93,Yes
CUST03162,Female,0,No,Yes,11,Yes,Yes,No,No,No internet,No,Yes,No,Yes,Month-to-month,No,Bank transfer,76.9,752.94,Yes
CUST03163,Male,0,No,No,3,Yes,No,DSL,Yes,Yes,Yes,Yes,No,No,Month-to-month,Yes,Electronic check,62.92,179.77,Yes
CUST03164,Male,1,Yes,No,6,Yes,No,DSL,No,No,No,No,Yes,Yes,Month-to-month,Yes,Electronic check,31.87,220.3,Yes
CUST03165,Male,0,No,No,24,Yes,No,Fiber optic,No,Yes,No,No,No internet,No internet,Month-to-month,No,Electronic check,39.3,968.82,No
CUST03166,Female,0,Yes,No,1,Yes,Yes,DSL,No internet,Yes,No,No,No,Yes,Month-to-month,Yes,Mailed check,55.02,295.64,Yes
CUST03167,Male,0,Yes,No,7,No,No,Fiber optic,No,Yes,No,No,No internet,Yes,One year,No,Electronic check,31.62,161.93,No
CUST03168,Female,0,No,No,5,Yes,Yes,DSL,No,No,No internet,No,No,Yes,One year,Yes,Credit card,36.23,218.6,No
CUST03169,Female,0,No,No,5,Yes,No,DSL,Yes,Yes,Yes,No,No,No internet,Two year,No,Bank transfer,65.99,436.68,No
CUST03170,Male,0,Yes,Yes,27,Yes,Yes,No,No internet,Yes,No internet,No internet,No internet,Yes,Month-to-month,Yes,Credit card,53.54,1602.08,Yes
CUST03171,Male,0,Yes,No,41,Yes,No,Fiber optic,Yes,Yes,No,No,No,No internet,Month-to-month,Yes,Credit card,61.97,2515.85,No
CUST03172,Male,0,Yes,No,30,No,No,Fiber optic,Yes,Yes,No internet,Yes,No,Yes,Month-to-month,No,Bank transfer,59.07,1592.24,No
CUST03173,Female,0,Yes,Yes,24,Yes,No,No,Yes,No internet,Yes,No internet,No,Yes,Month-to-month,No,Electronic check,80.2,1894.04,No
CUST03174,Male,0,No,No,59,Yes,Yes,No,No internet,No,No,Yes,Yes,No internet,Two year,Yes,Bank transfer,98.44,5843.43,No
CUST03175,Female,1,No,Yes,1,Yes,No,Fiber optic,No,No,No,No,No,No,Month-to-month,Yes,Electronic check,95.55,359.88,Yes
CUST03176,Female,0,Yes,No,4,Yes,No,No,No internet,Yes,Yes,No internet,Yes,Yes,Month-to-month,No,Electronic check,64.84,120.53,Yes
CUST03177,Male,0,No,Yes,12,Yes,No,Fiber optic,Yes,No,No,No internet,No,Yes,Month-to-month,No,Bank transfer,79.67,950.54,Yes
CUST03178,Male,0,Yes,No,11,Yes,No,Fiber optic,No,No internet,No internet,No,No,No,Month-to-month,Yes,Bank transfer,44.93,426.36,Yes
CUST03179,Male,0,Yes,Yes,12,Yes,Yes,Fiber optic,No,No,Yes,Yes,No,No internet,Month-to-month,Yes,Electronic check,34.87,509.98,Yes
CUST03180,Male,0,No,Yes,5,Yes,Yes,Fiber optic,No,Yes,No,No,No,No,Month-to-month,Yes,Mailed check,61.58,246.17,Yes
CUST03181,Male,0,No,No,3,Yes,No phone service,Fiber optic,No,No,No internet,No internet,Yes,No,Month-to-month,No,Electronic check,48.62,0.0,Yes
CUST03182,Male,1,No,No,17,Yes,No phone service,Fiber optic,No,Yes,No,No internet,Yes,Yes,Month-to-month,Yes,Bank transfer,93.53,1384.17,Yes
CUST03183,Female,0,Yes,No,63,No,Yes,DSL,No internet,Yes,Yes,No internet,No,No,Month-to-month,Yes,Credit card,75.75,4798.1,Yes
CUST03184,Female,0,No,Yes,11,Yes,No,Fiber optic,No,No,No,No,No internet,Yes,Two year,Yes,Bank transfer,46.31,,Yes
CUST03185,Female,0,Yes,No,1,Yes,Yes,DSL,No internet,Yes,No,No internet,Yes,No,Month-to-month,No,Credit card,46.06,98.16,No
CUST03186,Male,0,No,No,29,Yes,No,No,No internet,No internet,Yes,No,Yes,No,Month-to-month,No,Mailed check,63.87,1865.6,No
CUST03187,Female,0,No,No,8,Yes,Yes,DSL,No internet,No internet,Yes,No internet,No internet,No,Month-to-month,Yes,Electronic check,54.49,466.55,Yes
CUST03188,Female,0,Yes,No,6,Yes,No phone service,DSL,No,Yes,No,No,Yes,Yes,Month-to-month,Yes,Bank transfer,55.26,377.79,Yes
CUST03189,Female,0,No,No,9,Yes,No,Fiber optic,No,No internet,No,No,No,Yes,Month-to-month,Yes,Electronic check,74.7,589.01,Yes
CUST03190,Female,0,Yes,No,30,Yes,Yes,DSL,Yes,No,No,No,Yes,No internet,Month-to-month,Yes,Mailed check,47.73,,Yes
CUST03191,Female,0,Yes,No,40,Yes,No,No,No internet,No,No internet,No,Yes,Yes,Month-to-month,Yes,Bank transfer,83.28,3381.89,Yes
CUST03192,Male,0,No,No,21,Yes,No,No,Yes,No,No,Yes,No,Yes,Month-to-month,No,Credit card,70.99,1395.42,No
CUST03193,Male,0,Yes,No,9,Yes,No,DSL,Yes,No,Yes,No internet,Yes,No internet,Two year,No,Mailed check,59.28,357.55,No
CUST03194,Female,0,No,No,8,Yes,Yes,DSL,No,Yes,No,No internet,No,No,Two year,No,Credit card,60.73,520.58,No
CUST03195,Female,0,Yes,No,3,Yes,Yes,DSL,No,No internet,No,No,No,Yes,Month-to-month,Yes,Mailed check,44.78,115.94,Yes
CUST03196,Female,0,No,Yes,64,Yes,No phone service,Fiber optic,No,Yes,No,Yes,Yes,No,Month-to-month,Yes,Electronic check,61.11,4045.23,Yes
CUST03197,Male,0,Yes,No,24,Yes,No,No,No,No,Yes,Yes,No,No internet,One year,No,Mailed check,67.73,1691.43,No
CUST03198,Male,0,Yes,No,0,Yes,Yes,Fiber optic,No,No,No,Yes,Yes,No internet,Two year,Yes,Credit card,42.86,0.0,No
CUST03199,Female,0,Yes,No,26,Yes,Yes,DSL,No internet,No internet,Yes,No,No internet,No,Two year,Yes,Mailed check,71.71,1729.4,No
CUST03200,Male,0,No,No,14,Yes,No,DSL,No,No,No,Yes,Yes,Yes,Month-to-month,Yes,Bank transfer,52.2,865.48,No
CUST03201,Male,0,No,No,72,Yes,Yes,DSL,No internet,No,No,No internet,No,No internet,Month-to-month,No,Mailed check,98.81,7192.42,Yes
CUST03202,Female,0,No,No,41,Yes,Yes,No,No,Yes,No,No,No,No internet,One year,No,Mailed check,86.41,3671.58,No
CUST03203,Male,0,Yes,No,4,Yes,Yes,DSL,Yes,No,No,No,Yes,No internet,Two year,Yes,Electronic check,65.85,359.79,No
CUST03204,Male,0,Yes,No,30,Yes,No,DSL,No,No,No,No internet,No,Yes,Month-to-month,Yes,Electronic check,83.8,2391.97,Yes
CUST03205,Female,0,Yes,No,15,Yes,Yes,No,Yes,No,No,Yes,No internet,Yes,One year,No,Electronic check,57.3,905.57,No
CUST03206,Male,1,No,No,4,Yes,Yes,Fiber optic,No internet,Yes,Yes,No internet,Yes,Yes,Month-to-month,No,Mailed check,77.02,403.38,Yes
CUST03207,Male,0,Yes,No,28,Yes,Yes,Fiber optic,No,No,Yes,No internet,No,Yes,Month-to-month,No,Credit card,58.46,1647.85,Yes
CUST03208,Female,0,No,No,19,Yes,No,Fiber optic,No,Yes,No internet,No,Yes,Yes,Month-to-month,Yes,Credit card,51.33,942.84,Yes
CUST03209,Male,1,No,No,0,No,No,Fiber optic,No,No,Yes,Yes,Yes,Yes,Month-to-month,Yes,Electronic check,61.24,0.0,Yes
CUST03210,Male,0,Yes,No,24,Yes,No,Fiber optic,No,No internet,No,Yes,No,No internet,One year,No,Mailed check,81.68,1883.96,No
CUST03211,Female,0,Yes,Yes,24,Yes,No,Fiber optic,No,No,No internet,Yes,No,No internet,One year,No,Mailed check,58.96,1404.39,No
CUST03212,Female,0,No,No,3,Yes,No,DSL,Yes,No,No internet,Yes,No,No internet,Two year,Yes,Bank transfer,65.05,69.93,No
CUST03213,Female,0,Yes,No,10,Yes,No,No,No internet,No internet,No internet,No,No,Yes,Month-to-month,Yes,Bank transfer,39.99,217.24,Yes
CUST03214,Male,1,Yes,Yes,21,Yes,No,DSL,No,No,No internet,Yes,No internet,No,Month-to-month,Yes,Electronic check,42.38,834.87,No
CUST03215,Female,0,Yes,No,3,Yes,Yes,Fiber optic,Yes,No,No,Yes,No,Yes,Month-to-month,Yes,Credit card,44.24,74.2,Yes
CUST03216,Male,0,No,Yes,45,Yes,Yes,Fiber optic,No,No,Yes,Yes,Yes,No,Month-to-month,Yes,Credit card,71.73,3451.67,Yes
CUST03217,Female,0,No,No,0,Yes,Yes,Fiber optic,Yes,No,Yes,No,Yes,Yes,One year,No,Electronic check,64.94,136.43,Yes
CUST03218,Male,0,Yes,No,2,No,No,Fiber optic,No,No internet,Yes,No,Yes,Yes,Month-to-month,Yes,Bank transfer,47.53,74.67,Yes
CUST03219,Female,0,Yes,No,2,Yes,No phone service,Fiber optic,Yes,No internet,No,Yes,Yes,Yes,Month-to-month,Yes,Electronic check,75.22,147.42,Yes
CUST03220,Female,0,Yes,No,18,Yes,Yes,No,No,No internet,Yes,Yes,Yes,Yes,Month-to-month,Yes,Electronic check,66.52,1302.59,No
CUST03221,Female,0,No,No,23,No,No,Fiber optic,No,Yes,No,Yes,No,Yes,Month-to-month,No,Credit card,58.01,1332.8,Yes
CUST03222,Female,0,Yes,No,12,Yes,Yes,Fiber optic,No internet,Yes,No,No,Yes,Yes,One year,No,Bank transfer,59.5,695.11,Yes
CUST03223,Male,0,Yes,Yes,8,Yes,No,Fiber optic,Yes,No,Yes,No,No,Yes,Month-to-month,Yes,Electronic check,38.18,280.13,Yes
CUST03224,Female,0,No,Yes,39,Yes,Yes,Fiber optic,No,Yes,Yes,No,No,No,Two year,Yes,Bank transfer,66.1,2563.6,No
CUST03225,Female,0,No,No,1,Yes,Yes,No,Yes,No,No internet,No,Yes,No internet,One year,Yes,Credit card,47.82,0.0,No
CUST03226,Male,0,No,No,7,Yes,Yes,Fiber optic,Yes,No,No internet,Yes,No internet,No internet,Month-to-month,Yes,Credit card,56.4,509.5,No
CUST03227,Female,0,No,Yes,0,Yes,No,Fiber optic,No,No,No,No,Yes,No,Month-to-month,Yes,Electronic check,45.61,0.0,Yes
CUST03228,Male,1,Yes,No,0,Yes,Yes,No,No,No,No,No,Yes,Yes,One year,No,Credit card,66.99,125.86,No
CUST03229,Female,0,Yes,No,10,Yes,No,Fiber optic,Yes,No,Yes,No,Yes,No,Month-to-month,Yes,Credit card,30.89,416.88,Yes
CUST03230,Female,0,Yes,No,5,Yes,No phone service,Fiber optic,Yes,No internet,No,Yes,Yes,Yes,Two year,No,Bank transfer,69.07,392.38,No
CUST03231,Female,0,Yes,No,7,Yes,No,Fiber optic,No,No,Yes,Yes,No,No,Month-to-month,Yes,Mailed check,53.17,495.56,Yes
CUST03232,Male,1,No,No,41,Yes,No,DSL,No,No internet,Yes,Yes,No,No internet,Month-to-month,Yes,Electronic check,91.95,3749.46,Yes
CUST03233,Female,0,No,No,4,Yes,Yes,Fiber optic,No,No internet,Yes,No,No,Yes,Two year,Yes,Electronic check,67.62,214.88,Yes
CUST03234,Female,0,No,No,36,Yes,No,DSL,No internet,Yes,No,No,Yes,No internet,One year,Yes,Mailed check,70.77,2482.91,No
CUST03235,Female,0,Yes,No,26,Yes,No,No,No,No internet,No,Yes,Yes,Yes,Month-to-month,Yes,Credit card,76.01,1983.35,No
CUST03236,Male,1,No,No,9,No,No,Fiber optic,No,Yes,No,No,No,Yes,Month-to-month,No,Credit card,69.89,698.76,Yes
CUST03237,Male,0,No,Yes,18,Yes,No,Fiber optic,Yes,No,No,Yes,No,No,Month-to-month,Yes,Mailed check,63.77,1186.14,Yes
CUST03238,Female,0,Yes,Yes,14,Yes,No,DSL,No,No internet,Yes,No,No internet,No internet,One year,Yes,Bank transfer,49.67,887.1,No
CUST03239,Male,1,No,Yes,3,Yes,No phone service,Fiber optic,No internet,No,No,Yes,Yes,Yes,Month-to-month,No,Bank transfer,79.62,289.48,Yes
CUST03240,Female,0,Yes,No,57,Yes,No,No,No internet,Yes,No internet,No,Yes,Yes,Month-to-month,No,Bank transfer,80.14,4512.89,Yes
CUST03241,Female,0,Yes,No,20,Yes,No,DSL,No,No,No internet,No,No,No,Two year,No,Electronic check,80.92,1634.62,No
CUST03242,Female,0,No,No,50,Yes,No,Fiber optic,Yes,No internet,Yes,Yes,Yes,No,Month-to-month,No,Mailed check,58.26,3003.1,No
CUST03243,Female,1,No,No,41,Yes,No,DSL,No internet,No,No internet,No internet,No,Yes,Month-to-month,Yes,Electronic check,71.6,2888.16,Yes
CUST03244,Female,0,Yes,No,1,Yes,No,No,Yes,No internet,No,No,No,Yes,One year,Yes,Electronic check,33.96,0.0,No
CUST03245,Female,1,Yes,No,5,Yes,Yes,Fiber optic,No,No internet,No,Yes,No,Yes,Month-to-month,Yes,Electronic check,78.81,508.86,Yes
CUST03246,Female,0,No,No,3,Yes,No,Fiber optic,Yes,No internet,No internet,No,Yes,No,Month-to-month,No,Bank transfer,60.46,258.88,Yes
CUST03247,Male,0,No,Yes,42,Yes,Yes,Fiber optic,No,Yes,No,No internet,No,No,Month-to-month,Yes,Electronic check,47.94,2017.1,Yes
CUST03248,Male,1,No,No,47,Yes,Yes,DSL,No,No,Yes,Yes,Yes,No internet,Two year,Yes,Mailed check,70.84,3277.91,No
CUST03249,Male,0,Yes,No,18,Yes,No phone service,DSL,No,Yes,Yes,Yes,No,No,Month-to-month,Yes,Credit card,41.99,727.06,No
CUST03250,Male,0,Yes,No,2,Yes,Yes,Fiber optic,No,No,No internet,No,No,Yes,Month-to-month,Yes,Credit card,66.41,162.55,Yes
CUST03251,Male,0,Yes,No,3,Yes,Yes,No,No,Yes,No internet,No,No,Yes,One year,Yes,Bank transfer,69.62,282.1,No
CUST03252,Male,0,Yes,Yes,40,Yes,Yes,DSL,No internet,Yes,Yes,No,No internet,No,Month-to-month,Yes,Electronic check,62.97,2622.59,No
CUST03253,Male,0,Yes,No,63,Yes,Yes,Fiber optic,No,No internet,No,No,Yes,Yes,Two year,Yes,Bank transfer,50.47,3196.88,No
CUST03254,Female,0,Yes,No,5,Yes,Yes,DSL,No internet,No,Yes,No internet,No,No internet,Month-to-month,Yes,Mailed check,22.79,0.0,Yes
CUST03255,Female,0,No,Yes,0,Yes,Yes,Fiber optic,No,Yes,No internet,No internet,Yes,No,One year,Yes,Bank transfer,69.66,144.73,No
CUST03256,Female,0,Yes,No,9,Yes,No,Fiber optic,Yes,No,No internet,No,Yes,No,Two year,Yes,Mailed check,73.03,775.52,No
CUST03257,Female,0,No,No,0,Yes,No,Fiber optic,Yes,No,No,No,Yes,No,Two year,No,Mailed check,73.37,97.56,No
CUST03258,Male,1,Yes,No,42,Yes,Yes,Fiber optic,No,No,No internet,Yes,No,No,Month-to-month,Yes,Credit card,79.13,3460.25,Yes
CUST03259,Male,0,Yes,No,16,Yes,No,No,No internet,No,No,No,No internet,Yes,Two year,No,Electronic check,27.15,516.61,No
CUST03260,Female,0,Yes,No,24,Yes,Yes,DSL,Yes,No,Yes,No internet,No internet,No,Month-to-month,Yes,Electronic check,69.36,1676.26,No
CUST03261,Female,0,Yes,Yes,12,Yes,Yes,No,No internet,Yes,No internet,No internet,Yes,No,One year,Yes,Mailed check,48.68,474.46,No
CUST03262,Male,0,Yes,No,10,Yes,No phone service,Fiber optic,No,No,Yes,Yes,No,Yes,Month-to-month,No,Mailed check,81.57,737.9,Yes
CUST03263,Female,0,No,No,6,Yes,Yes,DSL,Yes,No,Yes,No internet,Yes,No,Month-to-month,Yes,Electronic check,63.29,341.11,Yes
CUST03264,Female,0,No,No,35,Yes,Yes,DSL,Yes,No,No,Yes,Yes,No,Month-to-month,Yes,Credit card,70.49,2545.17,Yes
CUST03265,Female,1,Yes,Yes,28,Yes,Yes,No,Yes,No internet,No,Yes,No,Yes,Month-to-month,No,Mailed check,68.06,2064.51,No
CUST03266,Female,1,Yes,No,10,Yes,No phone service,Fiber optic,No,No,Yes,Yes,Yes,No internet,Month-to-month,Yes,Mailed check,85.14,989.85,Yes
CUST03267,Male,0,No,No,9,Yes,Yes,Fiber optic,No,Yes,No,Yes,No,Yes,One year,Yes,Bank transfer,43.76,348.51,No
CUST03268,Female,1,No,No,0,Yes,Yes,DSL,No,Yes,Yes,Yes,No internet,No internet,Month-to-month,No,Bank transfer,39.2,0.0,Yes
CUST03269,Female,0,Yes,Yes,1,No,No,Fiber optic,Yes,No,No,No,No,Yes,One year,Yes,Credit card,51.72,0.0,Yes
CUST03270,Male,0,No,Yes,23,Yes,Yes,No,No,No,No,No,No,No,Month-to-month,No,Electronic check,77.83,1956.89,No
CUST03271,Male,1,No,Yes,17,Yes,Yes,No,No,Yes,No internet,No,Yes,No,Month-to-month,Yes,Mailed check,93.12,1437.58,Yes
CUST03272,Female,0,No,No,13,Yes,Yes,Fiber optic,Yes,No,Yes,No,Yes,Yes,Month-to-month,Yes,Electronic check,32.88,409.96,Yes
CUST03273,Male,0,No,Yes,42,Yes,No,Fiber optic,No internet,Yes,No internet,No,No,No internet,Month-to-month,Yes,Credit card,90.08,3921.68,Yes
CUST03274,Female,0,No,No,16,Yes,No,Fiber optic,Yes,Yes,Yes,No internet,Yes,Yes,Month-to-month,Yes,Mailed check,57.07,952.34,Yes
CUST03275,Female,0,No,No,11,No,No,Fiber optic,No,No,No,No,No,No,Two year,No,Credit card,67.63,800.54,No
CUST03276,Male,0,Yes,No,4,Yes,Yes,Fiber optic,Yes,No internet,No,No,No internet,No,Month-to-month,No,Credit card,30.58,147.11,Yes
CUST03277,Female,0,No,No,41,Yes,No,No,Yes,Yes,No,No,No,No internet,One year,Yes,Mailed check,64.74,2480.87,No
CUST03278,Female,1,No,No,20,Yes,No,Fiber optic,No,Yes,Yes,Yes,Yes,No,Month-to-month,No,Electronic check,79.72,1638.97,Yes
CUST03279,Female,0,No,No,2,Yes,Yes,Fiber optic,No,No,No,No,Yes,Yes,Two year,Yes,Mailed check,51.01,163.74,Yes
CUST03280,Female,0,No,No,25,Yes,No,DSL,Yes,Yes,Yes,No,No,No,Month-to-month,Yes,Electronic check,60.68,1460.8,Yes
CUST03281,Male,0,Yes,Yes,13,Yes,No,No,No,Yes,Yes,Yes,Yes,No internet,Two year,No,Credit card,51.42,743.11,No
CUST03282,Male,0,Yes,Yes,40,Yes,No phone service,Fiber optic,No,No internet,No,No internet,No internet,No,Month-to-month,Yes,Electronic check,70.08,2757.07,No
CUST03283,Female,0,Yes,No,60,Yes,No,No,No,No internet,No,No,Yes,Yes,Month-to-month,Yes,Bank transfer,80.34,4957.76,No
CUST03284,Male,0,Yes,No,22,Yes,No,Fiber optic,No internet,No,No,Yes,No internet,No,Month-to-month,Yes,Electronic check,44.03,964.5,Yes
CUST03285,Female,1,Yes,Yes,31,Yes,No,DSL,No,Yes,No,Yes,Yes,Yes,Month-to-month,Yes,Electronic check,67.14,2138.11,Yes
CUST03286,Female,1,No,No,1,Yes,No phone service,Fiber optic,No internet,Yes,Yes,No internet,No,Yes,Month-to-month,Yes,Electronic check,69.41,99.12,Yes
CUST03287,Female,0,Yes,No,19,Yes,No,No,No,No,Yes,Yes,Yes,No internet,Month-to-month,No,Mailed check,57.52,1165.25,No
CUST03288,Female,1,No,Yes,33,Yes,Yes,DSL,No internet,No,No,No internet,No internet,No,Two year,No,Electronic check,83.91,2780.03,No
CUST03289,Female,0,No,No,16,Yes,Yes,No,No,No,No,Yes,No,Yes,Month-to-month,Yes,Bank transfer,55.51,959.94,No
CUST03290,Male,0,Yes,Yes,21,Yes,No,Fiber optic,Yes,Yes,No,No internet,Yes,Yes,Month-to-month,Yes,Bank transfer,51.93,1161.39,Yes
CUST03291,Female,0,Yes,No,55,Yes,No,DSL,Yes,No,No internet,No,No,No,Month-to-month,Yes,Credit card,92.85,4984.4,Yes
CUST03292,Male,0,No,No,5,Yes,Yes,Fiber optic,No,Yes,Yes,No,No internet,No internet,One year,Yes,Credit card,62.15,376.12,Yes
CUST03293,Male,0,No,No,2,Yes,No,DSL,No internet,No internet,No internet,Yes,Yes,Yes,Month-to-month,No,Mailed check,49.38,53.41,Yes
CUST03294,Female,0,No,No,28,Yes,No phone service,DSL,Yes,No,No internet,No,No internet,Yes,One year,No,Credit card,75.63,2102.03,No
CUST03295,Female,0,No,No,41,Yes,Yes,No,No,No,No internet,No,No internet,Yes,Month-to-month,No,Mailed check,79.81,3247.38,No
CUST03296,Female,1,No,No,45,Yes,No,Fiber optic,No,No internet,No,No,No,No,Month-to-month,No,Bank transfer,73.92,3285.96,No
CUST03297,Female,0,No,No,24,Yes,No,DSL,No,No internet,No internet,No,Yes,No,Month-to-month,No,Mailed check,64.48,1686.94,No
CUST03298,Female,0,No,No,42,Yes,Yes,DSL,Yes,No,No internet,No,Yes,Yes,Two year,Yes,Electronic check,76.66,3082.24,No
CUST03299,Male,0,No,No,28,Yes,Yes,DSL,Yes,No,No,No,No,No,Month-to-month,Yes,Bank transfer,71.33,1724.56,No
CUST03300,Female,0,No,No,2,Yes,No,No,Yes,Yes,No internet,No,No,Yes,Month-to-month,Yes,Electronic check,77.39,98.85,Yes
CUST03301,Female,0,Yes,No,34,Yes,No phone service,Fiber optic,Yes,Yes,No internet,No,Yes,Yes,One year,No,Mailed check,76.67,2587.88,No
CUST03302,Male,0,No,Yes,4,Yes,No phone service,DSL,Yes,No,Yes,No internet,Yes,Yes,Month-to-month,Yes,Mailed check,61.86,166.61,Yes
CUST03303,Male,0,Yes,Yes,6,Yes,Yes,Fiber optic,Yes,No internet,No,Yes,Yes,Yes,One year,Yes,Credit card,36.71,125.33,Yes
CUST03304,Female,0,No,No,12,Yes,Yes,No,Yes,No,No,Yes,No internet,Yes,Two year,Yes,Electronic check,95.81,1219.01,No
CUST03305,Male,0,Yes,Yes,9,Yes,No phone service,No,No,No,No,Yes,No internet,No,Two year,No,Mailed check,35.18,327.95,Yes
CUST03306,Female,0,Yes,No,9,Yes,No,Fiber optic,No internet,No,Yes,No internet,No,Yes,Month-to-month,No,Credit card,46.21,668.39,Yes
CUST03307,Male,0,Yes,No,4,Yes,No,No,No internet,No internet,No,No,Yes,No internet,Month-to-month,Yes,Electronic check,44.36,98.54,Yes
CUST03308,Male,0,Yes,No,8,Yes,Yes,Fiber optic,Yes,No internet,No,Yes,No,No,Two year,No,Credit card,49.28,432.59,No
CUST03309,Female,0,Yes,No,0,Yes,No,DSL,Yes,No,Yes,No,No internet,No,Month-to-month,Yes,Credit card,36.85,55.59,Yes
CUST03310,Male,0,No,No,15,Yes,No,No,No internet,No internet,No,No,Yes,No,Month-to-month,No,Mailed check,33.2,469.08,Yes
CUST03311,Male,0,Yes,No,35,No,No,No,No,Yes,No,No,Yes,No internet,Month-to-month,Yes,Bank transfer,85.19,2874.57,Yes
CUST03312,Male,0,Yes,Yes,47,Yes,No,Fiber optic,No internet,No,No,Yes,No,No internet,Month-to-month,Yes,Credit card,65.77,3081.65,No
CUST03313,Male,0,Yes,No,41,Yes,No,Fiber optic,No,No internet,No,No,Yes,No,Two year,Yes,Mailed check,38.71,1642.33,No
CUST03314,Male,0,No,Yes,12,Yes,No,DSL,No internet,No,Yes,No internet,No internet,No,One year,Yes,Electronic check,51.72,554.11,No
CUST03315,Male,0,Yes,No,31,Yes,Yes,No,No,No,No internet,No,Yes,Yes,Month-to-month,No,Credit card,72.17,2213.01,No
CUST03316,Female,0,Yes,No,8,Yes,Yes,Fiber optic,No,Yes,No,Yes,No internet,No,Two year,No,Electronic check,30.07,227.82,No
CUST03317,Female,1,Yes,No,1,Yes,No,Fiber optic,No,No,No internet,No internet,No internet,No,Month-to-month,Yes,Electronic check,69.78,0.0,Yes
CUST03318,Male,1,No,No,27,Yes,Yes,DSL,Yes,No internet,Yes,No,Yes,Yes,Two year,Yes,Credit card,78.23,2241.43,No
CUST03319,Female,0,Yes,Yes,25,Yes,No phone service,DSL,No,Yes,Yes,No,Yes,Yes,Month-to-month,No,Electronic check,49.44,1252.18,Yes
CUST03320,Female,0,Yes,No,38,Yes,No,No,Yes,Yes,Yes,No,No,No internet,Month-to-month,Yes,Bank transfer,73.29,2764.81,No
CUST03321,Female,0,Yes,Yes,22,Yes,No,Fiber optic,No,No,Yes,No,No,Yes,Month-to-month,Yes,Mailed check,85.38,1959.92,Yes
CUST03322,Male,1,No,No,4,Yes,Yes,No,No internet,No,No,No,Yes,No,Month-to-month,Yes,Bank transfer,62.84,266.67,Yes
CUST03323,Female,1,Yes,No,46,Yes,Yes,No,No,No,Yes,No,No internet,No internet,Month-to-month,No,Electronic check,75.52,3594.28,No
CUST03324,Male,0,No,No,23,Yes,Yes,No,Yes,Yes,Yes,No,Yes,Yes,Month-to-month,No,Mailed check,49.16,1042.89,Yes
CUST03325,Female,0,Yes,No,39,Yes,No,No,Yes,No,Yes,No,No internet,Yes,Two year,No,Electronic check,96.72,3832.1,No
CUST03326,Male,0,Yes,No,35,Yes,Yes,Fiber optic,Yes,No,No,No,No,No,Two year,Yes,Electronic check,64.37,2250.52,No
CUST03327,Male,0,Yes,Yes,8,Yes,Yes,No,Yes,No,No,No,Yes,Yes,One year,No,Electronic check,50.43,537.79,No
CUST03328,Female,0,Yes,No,1,Yes,Yes,Fiber optic,Yes,Yes,Yes,Yes,Yes,No internet,Two year,Yes,Electronic check,63.7,160.33,No
CUST03329,Female,0,Yes,No,4,Yes,No,Fiber optic,No,No,No internet,Yes,No,No,Two year,Yes,Credit card,60.57,271.31,No
CUST03330,Male,1,Yes,No,2,Yes,No,No,No,No,Yes,No,Yes,No,One year,No,Mailed check,40.32,110.59,Yes
CUST03331,Female,0,Yes,No,6,Yes,Yes,No,Yes,No,Yes,Yes,Yes,No,Month-to-month,No,Mailed check,56.06,328.07,No
CUST03332,Female,0,No,No,14,Yes,Yes,Fiber optic,No,No internet,Yes,No internet,Yes,No,Two year,No,Mailed check,49.67,808.69,No
CUST03333,Female,1,No,No,56,Yes,No phone service,Fiber optic,No,No internet,Yes,No,No,Yes,One year,No,Credit card,105.68,5864.43,No
CUST03334,Male,1,Yes,Yes,49,Yes,Yes,Fiber optic,No,No internet,No,Yes,No,Yes,Month-to-month,No,Bank transfer,67.23,3288.38,Yes
CUST03335,Male,0,No,No,30,Yes,Yes,Fiber optic,No,No internet,Yes,No,No internet,Yes,Month-to-month,No,Bank transfer,76.91,2370.61,Yes
CUST03336,Female,0,No,No,0,Yes,Yes,Fiber optic,No internet,Yes,No,Yes,Yes,Yes,Month-to-month,No,Electronic check,20.58,0.0,Yes
CUST03337,Female,0,No,No,10,Yes,Yes,No,No internet,No,Yes,No internet,Yes,No internet,Two year,Yes,Mailed check,64.73,545.85,Yes
CUST03338,Female,0,Yes,No,27,Yes,Yes,No,No,Yes,Yes,Yes,No internet,No internet,One year,Yes,Electronic check,75.12,2118.98,No
CUST03339,Male,1,No,No,3,Yes,No,DSL,No,No internet,No internet,No,Yes,Yes,Two year,No,Bank transfer,48.0,0.42,No
CUST03340,Male,1,Yes,Yes,38,Yes,No phone service,Fiber optic,No,No internet,Yes,Yes,No,No internet,One year,No,Mailed check,91.99,3588.69,No
CUST03341,Female,0,Yes,No,59,Yes,Yes,DSL,No,Yes,No internet,Yes,No,No,Month-to-month,Yes,Bank transfer,77.62,4545.71,Yes
CUST03342,Female,0,Yes,Yes,10,Yes,No,No,Yes,No,Yes,No internet,Yes,Yes,One year,No,Electronic check,22.19,100.76,No
CUST03343,Female,0,Yes,No,29,Yes,No phone service,DSL,No,No internet,No internet,No,No internet,No,Month-to-month,Yes,Mailed check,68.96,2136.53,Yes
CUST03344,Female,1,Yes,No,3,Yes,Yes,No,No,No,No internet,Yes,Yes,Yes,Month-to-month,No,Mailed check,49.43,0.0,Yes
CUST03345,Female,0,Yes,No,28,Yes,Yes,Fiber optic,No,No,No internet,No internet,No internet,Yes,Two year,No,Electronic check,77.96,2294.65,No
CUST03346,Female,0,No,No,0,Yes,No,DSL,No,Yes,No internet,No,Yes,Yes,One year,Yes,Electronic check,69.66,288.79,No
CUST03347,Male,0,Yes,Yes,3,Yes,No,No,No internet,No,No internet,No,No,No internet,Two year,No,Electronic check,45.31,306.29,No
CUST03348,Female,0,No,No,29,Yes,Yes,DSL,No,Yes,No,No,No internet,No internet,Month-to-month,No,Mailed check,48.16,1365.92,Yes
CUST03349,Male,0,Yes,Yes,29,Yes,No,Fiber optic,No internet,No,No internet,Yes,Yes,No,One year,No,Bank transfer,64.11,2012.95,No
CUST03350,Female,0,Yes,Yes,24,No,No,Fiber optic,No internet,No internet,No,No,No,Yes,Month-to-month,No,Mailed check,72.99,1865.6,Yes
CUST03351,Female,1,No,No,15,Yes,No,Fiber optic,No internet,No,No internet,Yes,Yes,Yes,Month-to-month,Yes,Mailed check,58.37,793.03,Yes
CUST03352,Male,1,No,Yes,26,Yes,No,DSL,No internet,No,No internet,No internet,No internet,Yes,Month-to-month,Yes,Mailed check,79.87,1979.06,Yes
CUST03353,Male,0,Yes,No,35,Yes,No,Fiber optic,No,No internet,No,No internet,No,No,One year,No,Mailed check,80.94,2857.91,No
CUST03354,Male,0,Yes,No,72,Yes,No,DSL,Yes,Yes,No internet,No,No,Yes,Month-to-month,No,Electronic check,102.86,7460.66,Yes
CUST03355,Male,0,No,No,52,Yes,No,Fiber optic,Yes,No internet,No,No,Yes,No,Month-to-month,Yes,Mailed check,81.73,4353.97,Yes
CUST03356,Female,0,Yes,No,37,Yes,Yes,DSL,Yes,Yes,No internet,No internet,Yes,Yes,One year,Yes,Electronic check,42.65,1677.55,No
CUST03357,Male,0,No,No,28,Yes,No,Fiber optic,No,Yes,Yes,No internet,No internet,No,One year,Yes,Mailed check,59.57,1690.07,No
CUST03358,Female,1,No,No,20,Yes,Yes,Fiber optic,No,No internet,Yes,Yes,No internet,No,Month-to-month,Yes,Bank transfer,66.85,1286.89,Yes
CUST03359,Male,0,Yes,No,3,Yes,No phone service,No,No internet,No,Yes,Yes,Yes,No,Month-to-month,No,Bank transfer,52.82,249.57,Yes
CUST03360,Female,0,Yes,Yes,4,Yes,Yes,DSL,No,No,Yes,No,No,Yes,Two year,Yes,Electronic check,18.0,184.76,Yes
CUST03361,Female,1,Yes,No,41,Yes,Yes,No,No,Yes,No internet,No,No internet,Yes,Two year,Yes,Electronic check,68.52,2823.56,No
CUST03362,Female,1,Yes,No,39,Yes,Yes,DSL,No internet,No,No,No internet,No,Yes,Month-to-month,No,Electronic check,76.77,2974.93,Yes
CUST03363,Female,0,No,No,22,Yes,No phone service,No,Yes,No internet,Yes,No,Yes,No,Month-to-month,Yes,Mailed check,67.62,1439.63,Yes
CUST03364,Female,0,No,Yes,13,Yes,No,DSL,Yes,Yes,No internet,No internet,Yes,Yes,One year,No,Mailed check,90.38,1026.81,No
CUST03365,Female,0,No,Yes,0,Yes,Yes,No,No internet,No internet,Yes,Yes,No internet,Yes,Month-to-month,Yes,Electronic check,59.89,0.0,Yes
CUST03366,Male,0,No,No,9,Yes,No phone service,No,Yes,Yes,Yes,No,Yes,No internet,Month-to-month,No,Bank transfer,39.55,500.52,Yes
CUST03367,Female,0,Yes,No,13,Yes,No phone service,DSL,Yes,No,No,No,Yes,No internet,Month-to-month,Yes,Mailed check,44.04,576.58,Yes
CUST03368,Male,0,No,No,15,No,Yes,DSL,No,No,Yes,No,Yes,No,Month-to-month,Yes,Bank transfer,47.29,649.99,Yes
CUST03369,Male,1,Yes,No,63,Yes,No,Fiber optic,Yes,Yes,Yes,No internet,Yes,No,One year,Yes,Bank transfer,85.63,5391.89,No
CUST03370,Female,0,No,No,2,Yes,No phone service,Fiber optic,No internet,Yes,No,No,Yes,Yes,Month-to-month,No,Bank transfer,54.39,72.12,Yes
CUST03371,Male,0,Yes,No,17,Yes,Yes,Fiber optic,No,Yes,No,No internet,No,No internet,Month-to-month,Yes,Credit card,44.34,797.83,Yes
CUST03372,Female,0,No,Yes,11,No,Yes,Fiber optic,Yes,No,Yes,No,No,Yes,Two year,Yes,Electronic check,52.22,539.02,No
CUST03373,Male,0,No,No,72,Yes,No,Fiber optic,No,No internet,No,No,No internet,No,Two year,No,Electronic check,83.01,5971.56,No
CUST03374,Female,1,Yes,Yes,47,Yes,No,Fiber optic,Yes,No internet,No,No,No,No,Two year,Yes,Bank transfer,88.57,3959.2,No
CUST03375,Male,0,Yes,No,13,Yes,Yes,DSL,Yes,Yes,Yes,Yes,Yes,No,Month-to-month,No,Mailed check,50.39,556.71,Yes
CUST03376,Female,0,Yes,No,72,Yes,Yes,DSL,No,No internet,Yes,Yes,No internet,Yes,Month-to-month,Yes,Credit card,74.51,5395.54,No
CUST03377,Female,0,Yes,No,17,Yes,No,DSL,No,Yes,No,No internet,Yes,No internet,Month-to-month,Yes,Electronic check,47.94,800.03,Yes
CUST03378,Female,0,No,No,4,Yes,Yes,Fiber optic,No,No internet,Yes,No,No,No internet,Month-to-month,Yes,Electronic check,57.88,289.85,Yes
CUST03379,Female,0,No,Yes,19,Yes,No phone service,Fiber optic,No,No,No internet,No,No internet,Yes,Month-to-month,Yes,Bank transfer,48.62,948.78,Yes
CUST03380,Male,0,Yes,No,6,Yes,Yes,No,No internet,No internet,Yes,Yes,No internet,No internet,Two year,Yes,Electronic check,63.49,521.32,No
CUST03381,Female,0,Yes,No,24,Yes,No,DSL,No internet,No,No,No,No,Yes,Two year,Yes,Mailed check,67.5,1329.4,No
CUST03382,Male,0,No,No,66,Yes,No,Fiber optic,No,No,Yes,No internet,No,Yes,Two year,Yes,Credit card,66.66,4393.62,No
CUST03383,Male,0,Yes,No,37,Yes,Yes,DSL,Yes,No,No,No internet,No internet,No,One year,No,Electronic check,87.08,3286.02,No
CUST03384,Male,1,Yes,No,7,No,Yes,No,No,No,Yes,No,No,No internet,One year,No,Mailed check,64.7,460.91,No
CUST03385,Female,1,No,Yes,8,Yes,Yes,Fiber optic,Yes,No internet,Yes,No internet,No internet,No,Two year,No,Electronic check,54.01,406.12,No
CUST03386,Male,0,No,No,1,Yes,No,Fiber optic,Yes,Yes,No internet,No,Yes,Yes,Two year,Yes,Mailed check,77.95,34.07,Yes
CUST03387,Male,0,Yes,Yes,8,Yes,Yes,Fiber optic,No internet,No internet,No,Yes,No,No,One year,No,Electronic check,53.82,366.2,No
CUST03388,Male,0,Yes,No,2,Yes,Yes,DSL,No internet,No internet,Yes,Yes,Yes,Yes,Month-to-month,Yes,Electronic check,56.37,68.74,Yes
CUST03389,Female,0,No,No,16,Yes,Yes,DSL,Yes,No,No internet,Yes,No internet,No internet,Month-to-month,No,Electronic check,58.23,839.94,No
CUST03390,Female,0,No,No,29,Yes,Yes,Fiber optic,No,Yes,Yes,No internet,No,No internet,One year,Yes,Credit card,86.12,2470.99,Yes
CUST03391,Male,1,No,No,33,No,No,No,No,Yes,No,No internet,Yes,No,Month-to-month,No,Bank transfer,103.21,3322.49,Yes
CUST03392,Female,1,Yes,Yes,1,Yes,Yes,DSL,No internet,No internet,Yes,Yes,Yes,Yes,Two year,No,Bank transfer,64.38,174.09,No
CUST03393,Female,0,No,No,9,Yes,Yes,Fiber optic,No,No,No internet,No,No internet,No,One year,No,Electronic check,55.57,414.07,No
CUST03394,Male,0,No,Yes,8,Yes,No,Fiber optic,No internet,No internet,No,No internet,No internet,Yes,One year,No,Electronic check,68.02,701.46,No
CUST03395,Male,1,No,Yes,2,Yes,No,Fiber optic,No internet,No,No internet,No internet,No internet,No internet,Month-to-month,Yes,Bank transfer,53.75,202.91,Yes
CUST03396,Female,0,No,No,10,Yes,Yes,Fiber optic,No,No internet,Yes,No,No,Yes,Month-to-month,No,Bank transfer,58.71,704.96,Yes
CUST03397,Male,0,Yes,Yes,8,Yes,Yes,DSL,No,No internet,Yes,No,No,Yes,Month-to-month,No,Mailed check,44.22,350.66,Yes
CUST03398,Female,0,No,Yes,24,Yes,No,Fiber optic,No,No internet,No,No internet,No,No,One year,Yes,Mailed check,90.39,2055.8,No
CUST03399,Female,0,Yes,No,51,Yes,No,DSL,No,Yes,Yes,Yes,No,No internet,Month-to-month,Yes,Mailed check,91.79,4511.26,Yes
CUST03400,Female,0,Yes,No,14,Yes,Yes,Fiber optic,No,No,No,No internet,No internet,No,Two year,No,Electronic check,83.74,1256.23,Yes
CUST03401,Female,0,No,Yes,32,No,Yes,DSL,No,Yes,No internet,Yes,No internet,No internet,One year,Yes,Bank transfer,58.64,1866.77,No
CUST03402,Female,0,No,No,3,Yes,No,DSL,No,No,No internet,No internet,No internet,Yes,One year,Yes,Electronic check,65.13,150.58,No
CUST03403,Female,0,No,No,54,No,No phone service,DSL,No,No,No,Yes,No,Yes,Two year,Yes,Electronic check,83.35,4566.55,No
CUST03404,Male,0,Yes,No,3,Yes,Yes,No,No,Yes,No,No internet,No,No,Two year,No,Bank transfer,56.08,431.7,No
CUST03405,Male,0,Yes,No,5,Yes,No,DSL,Yes,Yes,Yes,Yes,No,No,Month-to-month,No,Electronic check,77.33,390.53,No
CUST03406,Female,0,No,No,2,Yes,Yes,DSL,No,No,No internet,No internet,No,Yes,Two year,Yes,Bank transfer,37.31,185.36,Yes
CUST03407,Female,0,Yes,No,8,Yes,Yes,DSL,No,No,No,Yes,Yes,No,Month-to-month,Yes,Credit card,44.92,343.7,Yes
CUST03408,Female,1,No,No,19,Yes,No,DSL,Yes,No,Yes,Yes,No internet,No,Month-to-month,Yes,Electronic check,61.49,1264.91,No
CUST03409,Male,0,Yes,Yes,72,Yes,Yes,Fiber optic,No internet,No,No internet,No internet,No internet,Yes,Month-to-month,Yes,Bank transfer,64.35,4642.98,No
CUST03410,Female,0,No,No,37,No,Yes,No,Yes,No,No,No internet,No,No,One year,No,Mailed check,38.62,1519.48,No
CUST03411,Male,1,Yes,No,11,Yes,Yes,No,No,Yes,No,No internet,No,No internet,Month-to-month,Yes,Electronic check,62.95,754.62,Yes
CUST03412,Female,0,No,No,20,Yes,No,No,No,No,No internet,No,Yes,Yes,One year,Yes,Bank transfer,71.17,1359.12,No
CUST03413,Female,0,No,Yes,23,Yes,No,DSL,No,Yes,Yes,Yes,No,No,One year,No,Bank transfer,58.16,1199.19,No
CUST03414,Male,0,Yes,No,41,Yes,Yes,DSL,Yes,Yes,No,Yes,No,Yes,One year,Yes,Bank transfer,58.24,2162.36,No
CUST03415,Male,0,No,No,32,Yes,No,Fiber optic,Yes,No,Yes,No internet,Yes,No,Month-to-month,No,Credit card,84.21,2736.26,Yes
CUST03416,Female,0,No,No,20,Yes,Yes,No,Yes,No,Yes,No,Yes,No internet,Two year,No,Electronic check,42.98,994.65,No
CUST03417,Female,1,No,No,26,Yes,No,Fiber optic,Yes,Yes,Yes,No,No,No,One year,Yes,Bank transfer,45.27,1235.91,No
CUST03418,Female,0,No,No,32,Yes,No phone service,Fiber optic,No,Yes,No,No,No internet,Yes,Month-to-month,Yes,Bank transfer,43.15,1518.82,Yes
CUST03419,Male,0,Yes,Yes,3,No,Yes,Fiber optic,No,Yes,Yes,No,No internet,Yes,Two year,Yes,Electronic check,74.95,391.95,No
CUST03420,Male,1,Yes,No,5,Yes,Yes,DSL,Yes,No,No,No internet,Yes,Yes,Month-to-month,Yes,Credit card,59.45,,Yes
CUST03421,Male,0,Yes,No,27,Yes,No,Fiber optic,No internet,No,No,No,Yes,No internet,Month-to-month,Yes,Electronic check,82.58,2006.7,Yes
CUST03422,Male,0,Yes,Yes,45,Yes,No,DSL,No,No internet,No internet,No,No,No,One year,No,Bank transfer,90.8,3969.29,No
CUST03423,Male,0,Yes,No,12,Yes,Yes,Fiber optic,No,Yes,Yes,No internet,No,No,Month-to-month,No,Bank transfer,27.01,256.37,No
CUST03424,Male,0,No,No,72,Yes,No,Fiber optic,No,No,No,Yes,No,Yes,Month-to-month,Yes,Mailed check,86.93,6120.39,Yes
CUST03425,Female,0,Yes,No,5,Yes,No phone service,Fiber optic,No,No,No,No,No internet,No,Two year,No,Electronic check,64.09,155.35,Yes
CUST03426,Female,0,Yes,No,12,Yes,Yes,DSL,No,No internet,Yes,No,Yes,Yes,Month-to-month,Yes,Electronic check,39.87,474.71,No
CUST03427,Male,0,Yes,Yes,11,Yes,Yes,No,No internet,Yes,Yes,No internet,No,No,Month-to-month,No,Electronic check,36.17,281.34,Yes
CUST03428,Female,0,No,Yes,63,Yes,No,No,No,Yes,No,No,Yes,No,One year,Yes,Mailed check,89.05,5530.63,Yes
CUST03429,Female,0,No,Yes,8,Yes,No,No,No,No,No,No internet,No,No,One year,Yes,Electronic check,36.06,315.98,No
CUST03430,Male,0,Yes,No,15,Yes,Yes,Fiber optic,No internet,No,Yes,No internet,No,No,One year,No,Mailed check,61.81,840.1,No
CUST03431,Female,0,No,No,4,Yes,Yes,DSL,No,No internet,No,No internet,No,No,Two year,Yes,Electronic check,63.3,259.76,No
CUST03432,Male,0,Yes,No,17,Yes,Yes,DSL,No,Yes,No,Yes,No internet,No,Month-to-month,No,Electronic check,71.83,1193.53,No
CUST03433,Male,0,No,No,46,Yes,Yes,Fiber optic,Yes,Yes,No,No,No,No,One year,Yes,Mailed check,85.11,4022.3,No
CUST03434,Female,1,No,Yes,8,Yes,No,DSL,No,Yes,Yes,No,No,Yes,One year,Yes,Bank transfer,83.23,601.16,No
CUST03435,Male,0,Yes,Yes,39,Yes,Yes,DSL,No internet,Yes,Yes,Yes,Yes,No internet,Month-to-month,No,Bank transfer,54.39,1985.82,No
CUST03436,Male,0,No,No,58,Yes,No,Fiber optic,Yes,No internet,No,No,No,Yes,Two year,No,Electronic check,104.32,6019.21,No
CUST03437,Male,0,No,Yes,1,Yes,Yes,Fiber optic,Yes,No,No,No,No internet,Yes,Two year,Yes,Electronic check,42.81,257.84,No
CUST03438,Male,0,Yes,Yes,33,Yes,No phone service,DSL,No internet,Yes,No internet,No,No,Yes,Month-to-month,Yes,Credit card,50.3,1813.37,Yes
CUST03439,Male,0,No,No,7,Yes,No,No,No,No,No,No,Yes,No internet,One year,Yes,Electronic check,69.62,652.03,No
CUST03440,Male,0,Yes,No,4,Yes,Yes,Fiber optic,Yes,No internet,No,Yes,No internet,No internet,One year,No,Bank transfer,61.31,287.23,No
CUST03441,Male,1,Yes,No,22,Yes,No,DSL,No internet,No,No,Yes,Yes,Yes,Month-to-month,Yes,Mailed check,45.44,1018.6,Yes
CUST03442,Male,0,Yes,No,29,No,Yes,DSL,No,No,No,No,No internet,No,Two year,No,Electronic check,77.61,2150.06,No
CUST03443,Female,0,Yes,No,12,No,No,DSL,No,No,No,No,No internet,Yes,One year,No,Bank transfer,60.26,769.01,No
CUST03444,Female,0,Yes,No,0,Yes,No phone service,DSL,No,No,No,No,No,Yes,One year,Yes,Credit card,50.5,0.0,No
CUST03445,Female,0,No,Yes,57,Yes,No,DSL,No,Yes,Yes,No internet,No internet,No,Month-to-month,Yes,Credit card,71.37,4048.97,Yes
CUST03446,Male,0,Yes,No,31,Yes,No,Fiber optic,No internet,Yes,Yes,Yes,Yes,Yes,Month-to-month,No,Bank transfer,85.14,2679.91,No
CUST03447,Male,0,Yes,Yes,7,Yes,Yes,Fiber optic,No,No internet,Yes,Yes,No internet,No,Month-to-month,No,Mailed check,77.25,480.38,Yes
CUST03448,Female,1,No,Yes,16,Yes,No,DSL,No,Yes,Yes,Yes,No,No internet,One year,Yes,Electronic check,77.72,1286.8,No
CUST03449,Female,0,No,Yes,0,Yes,Yes,Fiber optic,No,No,No,Yes,Yes,Yes,One year,No,Mailed check,31.28,0.0,No
CUST03450,Female,0,No,No,9,Yes,No,No,No internet,No internet,No,Yes,Yes,No,Month-to-month,No,Mailed check,36.15,65.06,Yes
CUST03451,Male,0,No,No,17,No,Yes,Fiber optic,No,No,No,No,No internet,No,Month-to-month,Yes,Credit card,46.11,860.56,Yes
CUST03452,Female,0,No,No,17,Yes,Yes,No,No internet,No,No,No,No internet,Yes,Month-to-month,Yes,Electronic check,72.95,1303.3,Yes
CUST03453,Female,0,No,No,5,Yes,No phone service,Fiber optic,Yes,No internet,Yes,Yes,No internet,No internet,One year,Yes,Mailed check,47.65,178.27,No
CUST03454,Male,0,No,No,35,Yes,Yes,Fiber optic,No,No,No internet,No,Yes,No internet,One year,No,Mailed check,76.81,2679.71,No
CUST03455,Female,0,No,No,8,Yes,Yes,Fiber optic,No internet,No,No,No,No internet,No,Month-to-month,No,Mailed check,45.08,609.59,Yes
CUST03456,Male,0,Yes,No,20,Yes,No,No,No,Yes,No,No,No,No,Month-to-month,No,Electronic check,81.01,1691.54,No
CUST03457,Male,0,Yes,No,7,Yes,No phone service,Fiber optic,No internet,Yes,Yes,No,No internet,Yes,Month-to-month,No,Electronic check,36.19,191.6,Yes
CUST03458,Male,0,No,No,13,Yes,No,No,No,No,No internet,No,No,No,Month-to-month,Yes,Mailed check,53.18,726.42,Yes
CUST03459,Female,1,Yes,No,5,Yes,Yes,Fiber optic,No,No,Yes,No internet,Yes,No,Two year,Yes,Bank transfer,58.95,353.05,Yes
CUST03460,Female,0,Yes,No,24,Yes,No,DSL,No internet,No internet,No,Yes,Yes,Yes,Month-to-month,Yes,Mailed check,72.28,1702.8,Yes
CUST03461,Male,0,No,Yes,13,No,Yes,DSL,Yes,No,Yes,No,No,No,Month-to-month,No,Mailed check,61.91,788.07,Yes
CUST03462,Female,1,No,No,0,No,No phone service,DSL,No,Yes,No internet,No,Yes,No,One year,Yes,Bank transfer,82.23,0.0,No
CUST03463,Female,0,Yes,No,0,Yes,No,DSL,No,No internet,No,Yes,No internet,Yes,Two year,No,Bank transfer,69.46,0.0,No
CUST03464,Female,0,No,No,15,Yes,No,Fiber optic,No,Yes,Yes,No internet,Yes,No internet,Two year,No,Electronic check,47.0,576.52,No
CUST03465,Female,0,No,No,4,Yes,No,Fiber optic,No,No,Yes,No,No,No,Two year,No,Electronic check,52.66,91.33,No
CUST03466,Male,1,No,No,21,Yes,No,Fiber optic,Yes,No,Yes,No,No,Yes,One year,No,Credit card,70.38,1434.82,No
CUST03467,Female,0,No,No,12,Yes,No,No,Yes,Yes,No,No,No,Yes,One year,Yes,Mailed check,47.89,621.78,No
CUST03468,Male,0,No,No,25,Yes,Yes,No,No internet,Yes,No,No,Yes,Yes,One year,No,Electronic check,39.39,787.6,No
CUST03469,Male,0,No,No,72,Yes,Yes,DSL,No internet,No,Yes,No,Yes,No internet,Two year,Yes,Electronic check,85.7,6136.62,No
CUST03470,Female,0,Yes,No,18,Yes,Yes,DSL,No internet,No internet,Yes,No,No internet,No internet,Two year,Yes,Bank transfer,72.1,1151.86,No
CUST03471,Male,0,No,No,37,Yes,Yes,Fiber optic,No,No,No,No internet,No,No,Month-to-month,Yes,Bank transfer,71.39,2854.15,No
CUST03472,Female,0,No,Yes,33,Yes,Yes,DSL,No,No,Yes,No,No,No,Month-to-month,Yes,Credit card,71.57,2214.7,Yes
CUST03473,Female,0,No,No,61,Yes,Yes,DSL,No internet,No,No,No,No,No internet,Month-to-month,No,Mailed check,102.01,6213.55,Yes
CUST03474,Male,0,No,Yes,5,Yes,No phone service,Fiber optic,No,No,Yes,No,No internet,No,One year,Yes,Electronic check,39.4,73.86,No
CUST03475,Male,0,Yes,No,42,Yes,Yes,Fiber optic,No internet,No,No,No,Yes,No,Two year,No,Bank transfer,59.08,,No
CUST03476,Male,0,No,Yes,56,Yes,No phone service,No,Yes,Yes,Yes,Yes,No internet,No,Two year,Yes,Electronic check,71.57,3779.72,No
CUST03477,Male,0,Yes,No,11,Yes,No phone service,No,No,No internet,No,No,Yes,Yes,Month-to-month,No,Electronic check,71.67,930.04,No
CUST03478,Female,0,Yes,Yes,9,Yes,No,Fiber optic,No,No,No,No,No internet,No internet,Month-to-month,Yes,Electronic check,67.94,855.38,Yes
CUST03479,Female,0,Yes,Yes,72,Yes,Yes,No,No,Yes,Yes,Yes,No internet,Yes,Two year,Yes,Electronic check,89.97,6592.32,No
CUST03480,Female,0,Yes,No,23,Yes,Yes,DSL,Yes,Yes,Yes,No,No internet,No internet,Month-to-month,Yes,Credit card,82.94,1919.59,Yes
CUST03481,Male,0,No,No,11,Yes,No phone service,No,No,Yes,No internet,No internet,Yes,Yes,Month-to-month,No,Bank transfer,41.6,417.49,Yes
CUST03482,Male,1,Yes,Yes,37,Yes,No phone service,DSL,Yes,Yes,Yes,No,Yes,Yes,One year,Yes,Electronic check,72.16,2567.92,No
CUST03483,Male,0,Yes,No,8,Yes,No phone service,No,No,Yes,Yes,Yes,No,No,Month-to-month,No,Bank transfer,59.45,348.15,Yes
CUST03484,Female,1,No,No,4,Yes,No phone service,DSL,No,No,Yes,No,No,Yes,Month-to-month,No,Bank transfer,58.94,172.42,No
CUST03485,Male,0,Yes,Yes,18,Yes,Yes,Fiber optic,No,No,No,Yes,No internet,No internet,Month-to-month,Yes,Credit card,71.71,1345.23,No
CUST03486,Female,0,Yes,No,20,Yes,No,Fiber optic,No internet,No internet,Yes,No,No,No,Month-to-month,Yes,Credit card,85.92,1665.29,Yes
CUST03487,Male,0,Yes,No,41,Yes,No,Fiber optic,Yes,Yes,Yes,No,No,Yes,One year,No,Electronic check,69.12,2814.01,No
CUST03488,Female,0,Yes,No,14,Yes,Yes,DSL,No internet,No,No,No,No internet,No internet,Month-to-month,Yes,Credit card,63.15,910.24,Yes
CUST03489,Female,0,Yes,No,40,Yes,Yes,Fiber optic,No,No internet,Yes,No,Yes,Yes,Month-to-month,No,Electronic check,83.92,3452.76,Yes
CUST03490,Male,1,Yes,No,8,Yes,Yes,DSL,Yes,No,No,No internet,Yes,Yes,Month-to-month,Yes,Electronic check,75.47,791.28,Yes
CUST03491,Male,0,No,Yes,20,Yes,Yes,Fiber optic,Yes,Yes,No internet,Yes,No,Yes,Two year,No,Electronic check,86.56,1568.64,No
CUST03492,Female,0,Yes,No,5,Yes,Yes,DSL,No internet,No,No,Yes,No,Yes,Month-to-month,No,Electronic check,58.75,490.93,Yes
CUST03493,Female,0,Yes,Yes,11,Yes,Yes,Fiber optic,No internet,No internet,No,No internet,Yes,No internet,Month-to-month,No,Credit card,56.3,756.57,Yes
CUST03494,Male,1,No,No,46,Yes,No,DSL,Yes,No internet,No internet,Yes,No internet,Yes,Month-to-month,Yes,Bank transfer,68.44,3226.38,Yes
CUST03495,Male,0,Yes,Yes,5,No,No,Fiber optic,Yes,Yes,No,No,Yes,No,Month-to-month,No,Bank transfer,57.76,256.0,Yes
CUST03496,Female,0,No,No,39,Yes,Yes,No,No,No,Yes,No,Yes,No internet,Month-to-month,No,Credit card,55.73,2130.1,Yes
CUST03497,Male,1,Yes,No,7,Yes,No,No,No,No,Yes,No,No,Yes,Month-to-month,Yes,Mailed check,49.12,449.36,Yes
CUST03498,Female,0,Yes,No,0,Yes,No,DSL,No internet,Yes,No internet,Yes,Yes,No internet,Two year,No,Electronic check,56.21,0.0,No
CUST03499,Female,0,No,No,2,Yes,Yes,DSL,No internet,Yes,No internet,No,Yes,No,Two year,Yes,Bank transfer,46.04,0.0,No
CUST03500,Male,0,Yes,No,32,Yes,Yes,DSL,No internet,Yes,No,No,No internet,Yes,One year,No,Credit card,29.7,935.45,No
CUST03501,Male,0,Yes,No,7,No,Yes,No,Yes,Yes,No,Yes,No internet,No,Month-to-month,No,Credit card,88.32,557.17,Yes
CUST03502,Male,0,No,No,25,Yes,No,DSL,Yes,Yes,No,No,Yes,No internet,One year,Yes,Mailed check,40.7,1123.62,No
CUST03503,Male,0,Yes,Yes,28,Yes,No,DSL,No internet,No,No,No,No,No internet,Month-to-month,Yes,Credit card,60.18,1547.46,Yes
CUST03504,Male,0,No,Yes,10,Yes,No,DSL,No,No,No,No,No,No,One year,No,Credit card,37.19,616.26,No
CUST03505,Female,0,No,No,15,No,Yes,No,No,No internet,No,Yes,No,No internet,Month-to-month,Yes,Electronic check,53.67,798.4,No
CUST03506,Female,0,Yes,No,12,Yes,Yes,No,No,Yes,No,No,Yes,No,Two year,No,Bank transfer,49.4,421.71,No
CUST03507,Male,0,No,Yes,70,Yes,No phone service,Fiber optic,No,Yes,Yes,No,No,No,Two year,No,Electronic check,74.91,5246.93,No
CUST03508,Male,0,Yes,Yes,9,Yes,Yes,No,No internet,Yes,No,Yes,No,Yes,Month-to-month,Yes,Mailed check,53.05,520.97,Yes
CUST03509,Male,0,No,Yes,4,Yes,No,Fiber optic,No internet,No internet,No,Yes,No,No,Month-to-month,Yes,Credit card,36.07,268.78,Yes
CUST03510,Female,0,No,No,10,Yes,Yes,Fiber optic,No,No internet,Yes,No internet,No internet,No internet,One year,Yes,Bank transfer,63.05,637.4,No
CUST03511,Male,0,No,No,26,Yes,Yes,Fiber optic,Yes,Yes,Yes,Yes,Yes,Yes,Month-to-month,No,Bank transfer,69.53,1823.56,Yes
CUST03512,Male,0,Yes,No,28,Yes,Yes,DSL,Yes,Yes,No internet,Yes,No,Yes,Two year,Yes,Credit card,64.99,1827.5,No
CUST03513,Female,0,No,Yes,61,Yes,No,DSL,Yes,No internet,Yes,No,No internet,No internet,Month-to-month,Yes,Electronic check,88.61,5284.8,Yes
CUST03514,Female,0,Yes,Yes,51,Yes,Yes,Fiber optic,Yes,No,No internet,Yes,Yes,No internet,Month-to-month,No,Electronic check,91.01,,Yes
CUST03515,Male,1,Yes,No,8,Yes,Yes,DSL,Yes,No,No,Yes,No,Yes,Two year,Yes,Electronic check,42.91,340.39,No
CUST03516,Male,0,No,No,14,Yes,No,Fiber optic,Yes,No,No,Yes,No internet,No internet,Month-to-month,Yes,Bank transfer,81.12,1065.72,Yes
CUST03517,Male,0,Yes,No,33,Yes,Yes,No,No,No,No,No,Yes,Yes,Month-to-month,Yes,Credit card,91.58,2832.98,Yes
CUST03518,Female,0,No,Yes,59,Yes,No,Fiber optic,No,Yes,No,Yes,Yes,No,One year,Yes,Mailed check,92.38,5411.98,No
CUST03519,Male,0,Yes,No,9,Yes,No phone service,No,No internet,No,No internet,Yes,Yes,Yes,One year,Yes,Credit card,49.6,507.1,No
CUST03520,Male,0,No,No,14,Yes,Yes,Fiber optic,Yes,Yes,Yes,No,No,No,One year,Yes,Bank transfer,88.91,1391.9,Yes
CUST03521,Male,0,Yes,No,55,No,Yes,DSL,No,No,No,Yes,No internet,No,One year,Yes,Mailed check,94.29,5165.22,No
CUST03522,Female,1,Yes,No,10,Yes,No,DSL,No,No internet,Yes,No,Yes,No,Month-to-month,Yes,Bank transfer,42.56,411.14,Yes
CUST03523,Female,0,Yes,Yes,15,Yes,No,DSL,No,Yes,Yes,No,Yes,No internet,Month-to-month,No,Credit card,51.86,749.62,Yes
CUST03524,Male,0,No,No,56,Yes,No phone service,DSL,No,No internet,No internet,No internet,No,No internet,Month-to-month,No,Electronic check,87.07,4906.71,Yes
CUST03525,Male,0,Yes,No,38,Yes,No,DSL,Yes,No,Yes,No,Yes,Yes,Two year,Yes,Electronic check,49.98,1850.52,No
CUST03526,Female,0,No,No,6,Yes,Yes,DSL,No,Yes,Yes,No internet,No internet,No internet,Month-to-month,Yes,Electronic check,69.54,473.39,Yes
CUST03527,Female,1,Yes,No,9,Yes,No,DSL,No,No,No,No,Yes,Yes,Month-to-month,Yes,Credit card,61.56,323.95,Yes
CUST03528,Female,0,Yes,Yes,10,Yes,Yes,Fiber optic,Yes,No,Yes,No internet,No internet,No,Two year,Yes,Credit card,40.2,456.88,Yes
CUST03529,Female,0,Yes,No,58,No,Yes,Fiber optic,No,Yes,No internet,No,No internet,No,Two year,Yes,Mailed check,76.36,4384.57,Yes
CUST03530,Female,0,Yes,No,72,No,No,Fiber optic,Yes,Yes,Yes,No,Yes,No,Two year,No,Credit card,77.68,5581.03,No
CUST03531,Female,0,No,No,35,Yes,No,DSL,No,Yes,Yes,No,Yes,No,Month-to-month,Yes,Mailed check,41.69,1298.78,Yes
CUST03532,Female,0,No,Yes,15,Yes,No,Fiber optic,Yes,No internet,No,No,No internet,Yes,One year,Yes,Mailed check,56.89,850.29,No
CUST03533,Female,0,Yes,Yes,0,Yes,No,DSL,Yes,No internet,No,Yes,No internet,No internet,Month-to-month,No,Credit card,43.72,52.46,Yes
CUST03534,Female,0,No,Yes,28,Yes,Yes,No,No,No,Yes,No internet,No,Yes,Two year,No,Mailed check,65.74,1953.64,No
CUST03535,Male,0,No,Yes,11,Yes,Yes,DSL,No,No,No,Yes,No,No internet,Month-to-month,No,Mailed check,39.31,433.49,Yes
CUST03536,Male,0,Yes,No,24,Yes,Yes,No,Yes,No,Yes,No,Yes,Yes,Month-to-month,Yes,Electronic check,64.42,1578.45,No
CUST03537,Male,0,Yes,Yes,22,Yes,No,DSL,No internet,No,Yes,No internet,No internet,No,Month-to-month,Yes,Electronic check,97.22,2200.76,Yes
CUST03538,Female,0,No,No,15,Yes,Yes,No,Yes,Yes,No,Yes,Yes,No internet,Month-to-month,Yes,Bank transfer,38.76,505.67,No
CUST03539,Male,0,Yes,Yes,69,Yes,Yes,No,Yes,Yes,No internet,No,No,No,One year,Yes,Electronic check,85.48,6026.83,No
CUST03540,Female,0,Yes,No,0,Yes,Yes,Fiber optic,Yes,No,Yes,No internet,Yes,Yes,Two year,Yes,Bank transfer,54.79,0.0,No
CUST03541,Female,0,Yes,No,29,Yes,No,Fiber optic,No,No,No internet,No,No,No,One year,No,Bank transfer,65.49,1980.43,No
CUST03542,Male,0,No,No,12,Yes,Yes,DSL,No,No internet,No,No,Yes,No,Month-to-month,No,Mailed check,55.63,554.34,Yes
CUST03543,Female,0,Yes,No,30,Yes,Yes,DSL,No internet,Yes,Yes,No,No,No internet,Two year,Yes,Bank transfer,66.17,1846.54,No
CUST03544,Male,1,Yes,No,26,Yes,Yes,DSL,Yes,No,No,No,No,Yes,Month-to-month,Yes,Credit card,66.56,1646.54,Yes
CUST03545,Male,0,Yes,No,0,Yes,No,Fiber optic,No,Yes,No internet,No,Yes,No internet,Month-to-month,No,Electronic check,75.2,59.49,Yes
CUST03546,Male,0,Yes,No,8,Yes,No,DSL,No internet,No internet,Yes,No internet,Yes,No,Month-to-month,Yes,Mailed check,60.2,377.41,Yes
CUST03547,Female,0,Yes,No,5,Yes,Yes,Fiber optic,No internet,No,Yes,No internet,Yes,Yes,Month-to-month,No,Credit card,43.15,301.76,Yes
CUST03548,Male,0,No,No,4,Yes,No,Fiber optic,Yes,No,No,No,No,No,Month-to-month,No,Electronic check,70.17,284.06,Yes
CUST03549,Female,0,Yes,Yes,31,Yes,Yes,Fiber optic,No internet,No,No,No internet,Yes,No,Month-to-month,No,Electronic check,54.64,1578.13,Yes
CUST03550,Male,1,No,No,6,Yes,No,DSL,No,No,Yes,No,No,Yes,Two year,No,Mailed check,45.98,250.74,No
CUST03551,Male,0,Yes,Yes,15,Yes,No,Fiber optic,Yes,Yes,Yes,Yes,No internet,Yes,Two year,Yes,Mailed check,51.18,845.38,Yes
CUST03552,Male,1,No,No,6,No,Yes,DSL,Yes,No internet,No,No,No internet,No internet,Month-to-month,No,Electronic check,84.52,636.25,No
CUST03553,Female,0,No,No,20,Yes,Yes,Fiber optic,No,No,No,No,Yes,Yes,Month-to-month,Yes,Mailed check,43.23,938.32,Yes
CUST03554,Female,0,Yes,No,30,Yes,No,Fiber optic,No,Yes,Yes,Yes,Yes,No,Month-to-month,Yes,Mailed check,60.71,1917.0,Yes
CUST03555,Female,0,No,No,9,Yes,Yes,DSL,Yes,No internet,No internet,No internet,No internet,No,Month-to-month,Yes,Mailed check,45.74,412.71,Yes
CUST03556,Male,0,Yes,No,22,Yes,No,Fiber optic,Yes,Yes,No,No,No,Yes,Month-to-month,Yes,Bank transfer,73.85,1582.41,Yes
CUST03557,Male,0,No,No,41,No,No,No,Yes,Yes,No,No,Yes,No,Month-to-month,Yes,Bank transfer,54.37,2208.71,No
CUST03558,Female,1,Yes,No,2,Yes,No,No,No internet,Yes,No,No internet,Yes,No internet,One year,Yes,Mailed check,70.46,283.59,No
CUST03559,Female,1,No,No,29,Yes,No,No,Yes,No internet,No,Yes,Yes,Yes,One year,Yes,Mailed check,54.49,1495.16,No
CUST03560,Female,1,No,No,9,Yes,Yes,DSL,No,Yes,Yes,Yes,No,Yes,Month-to-month,No,Bank transfer,80.9,733.25,Yes
CUST03561,Female,0,No,No,3,Yes,No phone service,DSL,No,No internet,No internet,Yes,Yes,No internet,Two year,Yes,Mailed check,59.87,218.63,No
CUST03562,Female,0,Yes,Yes,18,Yes,No,Fiber optic,No internet,No,Yes,Yes,Yes,Yes,Two year,Yes,Credit card,70.01,1237.08,No
CUST03563,Female,0,Yes,No,6,Yes,No,No,No,Yes,No internet,No internet,Yes,Yes,Month-to-month,Yes,Mailed check,55.7,465.97,Yes
CUST03564,Male,0,No,No,41,Yes,No,DSL,No,No,No,No,No internet,No,Month-to-month,Yes,Bank transfer,54.51,2271.82,No
CUST03565,Female,0,No,No,1,Yes,No,No,No,No internet,No,No,No,No internet,Two year,No,Electronic check,62.43,82.75,No
CUST03566,Male,0,No,No,2,Yes,No,Fiber optic,No,No,No internet,No internet,No,No,One year,No,Credit card,59.82,140.41,No
CUST03567,Male,0,Yes,No,17,Yes,Yes,No,Yes,Yes,Yes,Yes,No,No,Month-to-month,Yes,Mailed check,47.07,914.3,No
CUST03568,Female,0,No,No,21,Yes,Yes,DSL,No,Yes,No,No,No internet,No internet,One year,Yes,Bank transfer,41.93,841.34,No
CUST03569,Female,0,Yes,No,31,No,No,Fiber optic,Yes,Yes,No,Yes,No,No,Month-to-month,No,Mailed check,66.54,1995.78,No
CUST03570,Male,0,No,Yes,7,Yes,No,Fiber optic,No,Yes,No,Yes,Yes,No internet,One year,Yes,Electronic check,55.72,437.03,No
CUST03571,Female,0,Yes,Yes,44,Yes,No,Fiber optic,No,Yes,Yes,No,Yes,No,Month-to-month,Yes,Mailed check,82.96,3710.64,Yes
CUST03572,Female,0,Yes,Yes,72,Yes,Yes,Fiber optic,No,No,Yes,No internet,No,No,Month-to-month,No,Electronic check,76.62,5571.97,No
CUST03573,Male,0,No,Yes,16,Yes,No phone service,No,No,No,No,No,Yes,Yes,One year,No,Mailed check,63.78,787.87,No
CUST03574,Male,0,Yes,Yes,34,Yes,Yes,No,No internet,No,No,No,No internet,No internet,One year,Yes,Electronic check,81.71,2776.55,No
CUST03575,Male,0,No,Yes,17,Yes,No,DSL,No,Yes,Yes,No internet,No internet,No internet,Month-to-month,Yes,Electronic check,27.32,471.28,No
CUST03576,Female,0,No,Yes,1,Yes,Yes,Fiber optic,Yes,No internet,Yes,Yes,No,No internet,Month-to-month,No,Electronic check,18.0,87.61,Yes
CUST03577,Male,0,Yes,No,9,Yes,Yes,Fiber optic,No,No,Yes,No,No,Yes,Month-to-month,Yes,Bank transfer,57.17,406.23,Yes
CUST03578,Female,0,Yes,Yes,2,Yes,No,No,No,No internet,No,Yes,Yes,No,Month-to-month,No,Bank transfer,55.27,172.03,No
CUST03579,Male,0,No,No,72,Yes,No,Fiber optic,Yes,No,No internet,No internet,No internet,Yes,Month-to-month,Yes,Electronic check,76.55,5450.06,Yes
CUST03580,Male,0,Yes,No,6,Yes,No phone service,Fiber optic,No,Yes,Yes,Yes,No,No,One year,Yes,Mailed check,30.81,178.01,Yes
CUST03581,Male,0,No,No,24,Yes,Yes,DSL,No,No internet,Yes,No,No,Yes,Month-to-month,Yes,Mailed check,89.33,2283.33,Yes
CUST03582,Female,0,No,No,8,Yes,No,Fiber optic,No,No,No internet,Yes,Yes,Yes,One year,No,Mailed check,55.0,460.81,Yes
CUST03583,Female,0,Yes,No,25,Yes,No,DSL,No,Yes,No internet,Yes,No,Yes,Two year,No,Electronic check,64.17,1624.1,No
CUST03584,Male,0,Yes,No,5,Yes,Yes,Fiber optic,Yes,No,No internet,Yes,No,No internet,Month-to-month,No,Electronic check,45.02,282.79,Yes
CUST03585,Male,0,Yes,Yes,36,Yes,No,No,No,Yes,No,No,No,Yes,One year,Yes,Credit card,65.74,2437.14,No
CUST03586,Male,0,No,No,2,Yes,Yes,DSL,Yes,Yes,No internet,No internet,Yes,No internet,Two year,No,Credit card,46.89,0.0,No
CUST03587,Female,0,Yes,No,54,Yes,No,Fiber optic,Yes,No internet,No,No,No,No,Month-to-month,No,Mailed check,97.6,5356.87,Yes
CUST03588,Male,0,Yes,No,44,Yes,Yes,No,No internet,No internet,Yes,No internet,No internet,Yes,Two year,Yes,Bank transfer,109.24,4932.55,No
CUST03589,Female,0,No,No,27,Yes,No,DSL,No,No,Yes,Yes,No,No internet,One year,No,Mailed check,51.66,1407.64,No
CUST03590,Male,0,No,No,1,No,Yes,DSL,No,No,Yes,No internet,No,Yes,One year,No,Electronic check,66.87,0.0,Yes
CUST03591,Male,1,Yes,Yes,5,Yes,Yes,Fiber optic,No internet,No,No,No,No internet,Yes,Month-to-month,No,Credit card,86.69,362.58,Yes
CUST03592,Male,0,Yes,Yes,47,Yes,Yes,No,No,No,Yes,No internet,No,Yes,One year,No,Electronic check,61.08,2754.09,No
CUST03593,Male,0,No,No,3,Yes,No,Fiber optic,Yes,No,No,No,No,No internet,Month-to-month,No,Bank transfer,43.07,134.68,Yes
CUST03594,Male,0,No,No,4,Yes,Yes,Fiber optic,No internet,No,No,No,No,Yes,One year,No,Mailed check,34.07,150.02,Yes
CUST03595,Male,0,No,Yes,18,Yes,Yes,DSL,No,No,No,No internet,Yes,No internet,Two year,Yes,Bank transfer,50.1,1015.2,No
CUST03596,Female,0,No,No,7,Yes,Yes,No,No,Yes,Yes,No,Yes,Yes,Month-to-month,No,Mailed check,40.49,423.92,Yes
CUST03597,Male,0,No,Yes,6,Yes,No,Fiber optic,No internet,No,Yes,No,Yes,No internet,Month-to-month,Yes,Bank transfer,49.7,552.21,Yes
CUST03598,Female,0,No,No,20,Yes,No,DSL,No,No,No,No,No,No internet,Month-to-month,No,Electronic check,40.86,748.12,No
CUST03599,Male,1,No,No,11,No,No phone service,Fiber optic,No,No,No,No,No,No,Month-to-month,No,Electronic check,74.53,820.23,Yes
CUST03600,Male,0,No,No,3,Yes,No,Fiber optic,No,Yes,No internet,Yes,No internet,Yes,Two year,No,Credit card,64.13,190.82,No
CUST03601,Female,0,No,Yes,18,Yes,Yes,Fiber optic,Yes,No,No internet,No,Yes,Yes,Month-to-month,No,Bank transfer,52.51,877.76,No
CUST03602,Male,1,Yes,No,11,Yes,No phone service,Fiber optic,No internet,Yes,Yes,No,Yes,Yes,Month-to-month,Yes,Credit card,49.45,571.83,Yes
CUST03603,Female,0,Yes,No,31,Yes,No phone service,No,No internet,No internet,No,No internet,No,No,Month-to-month,Yes,Mailed check,68.54,2199.22,Yes
CUST03604,Female,0,No,Yes,2,Yes,Yes,DSL,No,Yes,Yes,No internet,No internet,Yes,Two year,Yes,Mailed check,55.06,341.0,No
CUST03605,Male,0,Yes,Yes,23,Yes,No,Fiber optic,Yes,No,Yes,No,No,Yes,Month-to-month,Yes,Mailed check,50.86,1232.7,Yes
CUST03606,Female,0,No,No,13,Yes,No,Fiber optic,No,No internet,No,No internet,No,Yes,Two year,No,Electronic check,50.24,545.46,No
CUST03607,Female,0,Yes,No,12,Yes,No,DSL,No,No internet,No internet,No,No internet,No,One year,Yes,Bank transfer,49.03,454.96,No
CUST03608,Male,1,No,Yes,6,No,No,No,No,No,No,Yes,No,Yes,Two year,Yes,Credit card,74.91,367.69,Yes
CUST03609,Female,0,Yes,No,0,Yes,Yes,DSL,Yes,Yes,No,No,No internet,No,Month-to-month,Yes,Credit card,52.95,67.44,Yes
CUST03610,Male,0,No,No,45,Yes,Yes,DSL,Yes,No,Yes,No,No internet,No,Month-to-month,Yes,Mailed check,45.1,,Yes
CUST03611,Male,1,No,Yes,9,Yes,No,DSL,No,Yes,No internet,Yes,No,No,Month-to-month,No,Mailed check,100.33,773.97,Yes
CUST03612,Male,0,Yes,No,27,Yes,Yes,DSL,No,Yes,No internet,No internet,No,Yes,Month-to-month,No,Credit card,56.99,1452.03,No
CUST03613,Male,0,No,Yes,70,Yes,Yes,DSL,No internet,No internet,No internet,No,No,Yes,One year,Yes,Bank transfer,96.3,6849.51,No
CUST03614,Female,0,Yes,Yes,19,No,No,Fiber optic,Yes,Yes,No,No internet,No internet,No,Month-to-month,No,Credit card,60.43,1276.86,Yes
CUST03615,Male,1,Yes,Yes,12,No,No,Fiber optic,Yes,No,No,Yes,No internet,No internet,Month-to-month,Yes,Bank transfer,58.47,481.29,No
CUST03616,Male,0,Yes,No,7,Yes,Yes,DSL,Yes,No internet,No internet,Yes,Yes,Yes,One year,No,Credit card,67.84,502.64,No
CUST03617,Female,0,Yes,No,65,Yes,No,No,No internet,Yes,No internet,No,No,Yes,Month-to-month,Yes,Electronic check,109.58,7208.74,Yes
CUST03618,Male,0,No,Yes,27,Yes,Yes,DSL,No,No internet,No internet,Yes,No internet,No internet,Month-to-month,No,Bank transfer,46.71,1228.03,No
CUST03619,Male,0,Yes,No,26,Yes,No,Fiber optic,No internet,Yes,No,No internet,Yes,No internet,Month-to-month,Yes,Electronic check,51.25,1436.13,Yes
CUST03620,Female,1,No,No,13,Yes,No,DSL,No internet,No,Yes,No,No,Yes,One year,No,Bank transfer,89.7,1343.54,No
CUST03621,Female,0,Yes,Yes,44,Yes,No,Fiber optic,Yes,Yes,Yes,No,No internet,Yes,Month-to-month,Yes,Bank transfer,103.04,4636.78,Yes
CUST03622,Female,0,No,No,30,Yes,Yes,DSL,Yes,No,Yes,No,Yes,Yes,One year,Yes,Electronic check,70.61,2161.15,No
CUST03623,Female,1,Yes,No,7,Yes,No,DSL,No,No,Yes,No,No,No,Month-to-month,Yes,Bank transfer,83.74,498.21,Yes
CUST03624,Female,0,No,No,21,Yes,Yes,Fiber optic,Yes,No internet,Yes,No internet,Yes,Yes,Month-to-month,Yes,Electronic check,53.41,1294.0,Yes
CUST03625,Female,0,No,No,13,Yes,No,Fiber optic,No,No,No internet,Yes,No,Yes,Two year,No,Electronic check,31.5,316.21,No
CUST03626,Female,0,No,No,0,Yes,Yes,DSL,No,No,No,No,No internet,No internet,One year,Yes,Electronic check,48.98,55.69,No
CUST03627,Male,0,Yes,No,39,Yes,No,Fiber optic,No,Yes,Yes,No internet,Yes,Yes,One year,No,Mailed check,90.94,3484.84,No
CUST03628,Female,0,No,Yes,3,Yes,Yes,DSL,Yes,No,Yes,Yes,No internet,Yes,One year,No,Electronic check,40.69,19.49,No
CUST03629,Female,1,Yes,No,17,Yes,No,DSL,No,No,No internet,Yes,No,No internet,Month-to-month,Yes,Electronic check,92.81,1711.34,Yes
CUST03630,Female,0,Yes,No,9,Yes,Yes,DSL,No,No,Yes,No internet,No,No,Two year,Yes,Electronic check,73.23,798.92,No
CUST03631,Male,0,Yes,Yes,10,Yes,No,Fiber optic,Yes,No internet,No,No internet,No,No,Two year,No,Electronic check,57.61,467.99,No
CUST03632,Male,0,Yes,No,15,Yes,No,No,No,No internet,Yes,No,Yes,No internet,One year,Yes,Electronic check,100.58,1557.59,No
CUST03633,Female,0,Yes,No,72,Yes,Yes,Fiber optic,Yes,Yes,Yes,No,Yes,No internet,Two year,Yes,Bank transfer,83.72,6013.23,Yes
CUST03634,Female,0,No,No,12,Yes,Yes,Fiber optic,Yes,No internet,No,No,Yes,Yes,Month-to-month,No,Bank transfer,36.49,320.56,Yes
CUST03635,Female,0,Yes,Yes,4,Yes,Yes,DSL,No internet,No internet,No,No,Yes,Yes,One year,Yes,Credit card,47.09,100.1,Yes
CUST03636,Male,1,Yes,No,22,No,No,Fiber optic,No,Yes,No,No internet,No internet,Yes,Two year,Yes,Electronic check,76.66,1647.87,No
CUST03637,Male,0,Yes,No,6,Yes,No,DSL,Yes,No,Yes,No,No,Yes,Month-to-month,Yes,Credit card,43.0,283.48,Yes
CUST03638,Female,0,No,Yes,2,No,No,Fiber optic,No,No internet,Yes,Yes,No,No,Month-to-month,No,Mailed check,40.71,283.32,Yes
CUST03639,Male,0,No,Yes,1,Yes,No,No,Yes,No internet,No,No internet,No,Yes,One year,Yes,Mailed check,57.71,160.54,No
CUST03640,Female,1,Yes,No,0,Yes,No phone service,Fiber optic,Yes,No internet,Yes,Yes,Yes,No internet,Month-to-month,No,Mailed check,72.82,25.9,Yes
CUST03641,Male,0,No,Yes,13,No,Yes,Fiber optic,No,Yes,No internet,No,No,No,Two year,Yes,Electronic check,60.96,781.41,No
CUST03642,Male,0,No,Yes,13,Yes,No,Fiber optic,No,No internet,Yes,No,Yes,Yes,Month-to-month,Yes,Mailed check,55.88,564.21,Yes
CUST03643,Female,0,Yes,No,4,Yes,Yes,Fiber optic,Yes,No,No,No internet,No,No,One year,No,Bank transfer,43.46,111.93,Yes
CUST03644,Female,1,Yes,No,36,Yes,No phone service,DSL,Yes,No,Yes,No internet,No,No,Month-to-month,Yes,Credit card,67.29,2536.47,No
CUST03645,Female,0,No,No,3,Yes,No,Fiber optic,No,No internet,No,No internet,Yes,Yes,Month-to-month,Yes,Credit card,47.6,237.92,Yes
CUST03646,Female,0,No,No,59,Yes,No,Fiber optic,Yes,No internet,Yes,No,No,No,Two year,Yes,Bank transfer,60.66,3451.68,No
CUST03647,Male,0,Yes,No,21,No,Yes,Fiber optic,No internet,No,Yes,No,Yes,No,One year,No,Bank transfer,51.57,1053.82,No
CUST03648,Male,0,Yes,No,0,Yes,No,Fiber optic,Yes,No,No,Yes,Yes,No internet,Month-to-month,Yes,Mailed check,54.62,0.0,Yes
CUST03649,Male,0,Yes,Yes,72,Yes,No,DSL,Yes,No,No internet,Yes,No internet,Yes,Month-to-month,No,Credit card,68.68,5014.97,No
CUST03650,Female,0,No,No,8,Yes,Yes,No,No internet,Yes,No internet,No,Yes,Yes,One year,Yes,Bank transfer,22.99,224.02,No
CUST03651,Male,0,No,No,14,Yes,Yes,Fiber optic,No,No,No,No internet,No,No,Two year,Yes,Electronic check,50.07,557.98,No
CUST03652,Female,1,Yes,No,8,Yes,No,No,Yes,No internet,Yes,No,No,No,One year,Yes,Bank transfer,46.04,428.69,No
CUST03653,Male,1,Yes,No,31,Yes,Yes,No,No,Yes,No internet,Yes,No,Yes,One year,No,Mailed check,67.55,2181.89,No
CUST03654,Female,0,No,Yes,15,Yes,Yes,No,No,No internet,No internet,Yes,Yes,No internet,Month-to-month,No,Bank transfer,70.22,1129.53,No
CUST03655,Female,0,No,No,3,Yes,No,DSL,No,No,Yes,No,Yes,Yes,Two year,No,Credit card,64.11,168.44,No
CUST03656,Male,0,No,No,2,No,Yes,No,Yes,Yes,Yes,No internet,Yes,Yes,One year,Yes,Bank transfer,50.15,159.85,Yes
CUST03657,Female,0,No,No,31,Yes,Yes,Fiber optic,No internet,Yes,No,Yes,No internet,No,Month-to-month,Yes,Credit card,74.17,2395.52,Yes
CUST03658,Female,0,No,No,6,Yes,No phone service,DSL,No,No,No,No,Yes,No internet,Month-to-month,No,Credit card,82.53,281.55,Yes
CUST03659,Male,0,Yes,Yes,3,Yes,Yes,DSL,No,No,Yes,Yes,Yes,Yes,One year,No,Electronic check,47.69,206.94,No
CUST03660,Female,0,Yes,Yes,16,Yes,Yes,DSL,No,Yes,Yes,Yes,Yes,No,Two year,No,Electronic check,43.46,508.32,No
CUST03661,Female,0,Yes,Yes,38,Yes,Yes,DSL,Yes,No,No,No internet,No internet,No,One year,Yes,Mailed check,79.04,2953.96,No
CUST03662,Female,0,No,No,7,Yes,Yes,DSL,No internet,No,No,Yes,No internet,No,Two year,No,Credit card,45.94,298.07,No
CUST03663,Male,0,Yes,Yes,7,No,Yes,No,Yes,No internet,No internet,Yes,No,Yes,Month-to-month,Yes,Electronic check,37.24,318.37,Yes
CUST03664,Male,0,Yes,No,43,Yes,Yes,No,Yes,Yes,Yes,Yes,No,No,One year,Yes,Bank transfer,67.77,2904.94,No
CUST03665,Female,0,Yes,No,3,Yes,Yes,Fiber optic,No,No,No,No,No internet,No internet,Two year,No,Mailed check,57.41,242.34,No
CUST03666,Male,1,Yes,No,23,Yes,No,DSL,No internet,Yes,No internet,Yes,No,Yes,Month-to-month,No,Bank transfer,76.94,1719.85,Yes
CUST03667,Female,0,No,Yes,72,Yes,No,DSL,No,Yes,No,No,No internet,No internet,Month-to-month,Yes,Electronic check,65.24,4764.75,No
CUST03668,Female,0,Yes,No,44,Yes,No,Fiber optic,No internet,Yes,No internet,No internet,No,Yes,One year,No,Electronic check,78.48,3502.19,No
CUST03669,Female,0,Yes,No,1,Yes,No,Fiber optic,No,Yes,Yes,Yes,Yes,Yes,Two year,Yes,Electronic check,28.59,51.97,Yes
CUST03670,Female,0,No,No,9,No,No,No,No internet,Yes,No internet,No internet,Yes,Yes,Month-to-month,Yes,Mailed check,35.13,281.6,Yes
CUST03671,Female,1,Yes,No,3,Yes,No,No,No,Yes,No internet,Yes,No,No,Month-to-month,No,Electronic check,81.6,223.87,Yes
CUST03672,Male,0,No,Yes,71,Yes,Yes,No,Yes,Yes,Yes,Yes,No internet,Yes,Month-to-month,Yes,Credit card,59.68,4232.58,Yes
CUST03673,Female,0,No,Yes,72,Yes,Yes,DSL,No internet,No,No,No,No internet,Yes,Month-to-month,Yes,Mailed check,49.92,3520.26,No
CUST03674,Male,0,No,No,6,No,No,DSL,Yes,No,No,Yes,No,No,Month-to-month,Yes,Bank transfer,59.58,350.93,Yes
CUST03675,Male,0,No,No,26,Yes,Yes,DSL,No,No,No,Yes,No,Yes,One year,Yes,Credit card,54.0,1433.47,No
CUST03676,Female,1,Yes,Yes,44,Yes,Yes,DSL,No internet,Yes,No internet,No,Yes,Yes,Two year,Yes,Bank transfer,76.13,3354.04,No
CUST03677,Female,0,No,No,6,Yes,No phone service,No,No internet,Yes,No,No,Yes,No internet,One year,No,Electronic check,75.29,347.23,No
CUST03678,Male,0,Yes,No,4,Yes,No,No,No,No,Yes,No internet,Yes,No,Month-to-month,Yes,Credit card,67.99,245.68,Yes
CUST03679,Male,0,Yes,No,0,Yes,Yes,DSL,Yes,No internet,No internet,Yes,No,Yes,Two year,Yes,Electronic check,64.02,6.85,No
CUST03680,Male,0,Yes,Yes,12,Yes,Yes,No,No,No,Yes,No,No internet,No,One year,No,Electronic check,56.42,633.99,No
CUST03681,Female,0,Yes,No,55,Yes,Yes,DSL,No,Yes,No,No,Yes,No,Month-to-month,No,Mailed check,85.2,4706.33,Yes
CUST03682,Male,0,No,Yes,55,Yes,Yes,Fiber optic,No internet,Yes,No,Yes,Yes,Yes,Month-to-month,No,Electronic check,70.24,3812.18,Yes
CUST03683,Female,0,Yes,Yes,3,Yes,Yes,Fiber optic,Yes,No,Yes,No internet,No,No,Two year,Yes,Bank transfer,42.38,144.48,No
CUST03684,Female,0,No,No,5,Yes,No,DSL,No,No,No,No,No internet,Yes,One year,Yes,Mailed check,52.42,329.15,No
CUST03685,Female,1,Yes,Yes,12,Yes,No phone service,Fiber optic,No,No,No internet,No internet,No internet,No,One year,No,Mailed check,75.11,866.21,No
CUST03686,Male,0,Yes,No,36,Yes,No,DSL,No,No,No,Yes,No,Yes,Month-to-month,Yes,Electronic check,91.28,3323.12,Yes
CUST03687,Female,0,No,Yes,22,No,Yes,Fiber optic,Yes,No,No,No,Yes,Yes,Two year,Yes,Mailed check,77.09,1815.17,No
CUST03688,Female,0,Yes,No,17,Yes,Yes,Fiber optic,Yes,No internet,No,No,No,Yes,Month-to-month,No,Electronic check,68.57,1149.31,Yes
CUST03689,Female,0,No,No,21,Yes,No,DSL,No,Yes,No internet,No,Yes,Yes,Two year,Yes,Electronic check,58.76,1297.72,No
CUST03690,Female,0,Yes,No,2,Yes,Yes,No,No,Yes,No internet,No,No internet,Yes,One year,No,Mailed check,47.07,38.04,No
CUST03691,Female,0,Yes,No,15,Yes,No,No,No,No internet,No,Yes,No internet,No,Month-to-month,No,Bank transfer,60.93,938.96,No
CUST03692,Male,0,Yes,No,72,Yes,Yes,DSL,No internet,No,No internet,Yes,Yes,Yes,Month-to-month,No,Bank transfer,88.65,6349.1,No
CUST03693,Female,0,No,No,2,Yes,Yes,Fiber optic,Yes,No,Yes,No,Yes,No internet,Month-to-month,No,Electronic check,34.95,0.0,Yes
CUST03694,Female,0,Yes,No,17,Yes,No,Fiber optic,No,No internet,No,Yes,Yes,No internet,Month-to-month,Yes,Credit card,52.86,1044.8,Yes
CUST03695,Male,0,Yes,Yes,8,Yes,Yes,Fiber optic,No,No internet,Yes,No,No,Yes,Month-to-month,No,Electronic check,54.42,399.56,Yes
CUST03696,Female,0,Yes,No,18,Yes,No,Fiber optic,No,No,Yes,Yes,No internet,No,One year,No,Bank transfer,68.65,1283.69,No
CUST03697,Male,0,No,No,20,Yes,No phone service,DSL,No,No internet,No internet,Yes,No,No,One year,Yes,Electronic check,59.04,1157.22,No
CUST03698,Female,1,No,No,20,Yes,No,No,No,No,No,No,Yes,No,One year,No,Bank transfer,98.87,1872.23,No
CUST03699,Male,1,No,Yes,45,Yes,No,DSL,No,Yes,Yes,No internet,No internet,Yes,One year,No,Mailed check,73.34,3426.07,No
CUST03700,Male,0,Yes,Yes,11,Yes,Yes,DSL,No,No internet,No,No,No,Yes,Two year,No,Mailed check,59.16,717.24,No
CUST03701,Female,0,No,No,17,Yes,Yes,Fiber optic,No internet,No internet,No,No,Yes,No,Two year,No,Electronic check,56.65,877.04,No
CUST03702,Female,0,No,No,0,Yes,Yes,Fiber optic,No,No,No internet,No,Yes,No internet,Month-to-month,Yes,Mailed check,56.22,82.7,Yes
CUST03703,Female,0,No,No,37,Yes,No,No,No internet,No,No,Yes,Yes,Yes,One year,Yes,Bank transfer,68.63,2700.65,No
CUST03704,Male,1,No,Yes,7,Yes,No,Fiber optic,Yes,No internet,No,No,Yes,Yes,Month-to-month,Yes,Bank transfer,58.86,440.87,Yes
CUST03705,Male,0,No,Yes,40,Yes,Yes,DSL,Yes,No,No,Yes,No internet,No internet,Month-to-month,Yes,Electronic check,78.34,3229.23,Yes
CUST03706,Male,0,Yes,No,7,No,Yes,No,No,No,Yes,Yes,Yes,Yes,One year,Yes,Mailed check,41.23,423.11,No
CUST03707,Female,0,No,No,0,Yes,No,Fiber optic,No,Yes,Yes,No,No internet,Yes,Month-to-month,Yes,Electronic check,30.29,0.0,Yes
CUST03708,Male,0,No,Yes,4,Yes,No,No,No,Yes,Yes,Yes,No,No,One year,No,Electronic check,66.4,325.5,No
CUST03709,Male,0,Yes,Yes,72,Yes,Yes,DSL,No,No,No,No internet,Yes,Yes,Month-to-month,Yes,Electronic check,86.33,6079.14,No
CUST03710,Female,0,Yes,No,9,Yes,No,DSL,Yes,No,Yes,Yes,Yes,Yes,Month-to-month,Yes,Electronic check,77.1,685.91,Yes
CUST03711,Male,0,No,No,2,Yes,No,Fiber optic,Yes,No internet,No,Yes,No,No internet,Two year,Yes,Bank transfer,51.11,51.49,No
CUST03712,Male,0,Yes,No,3,Yes,Yes,Fiber optic,No,Yes,No internet,No,Yes,No,Month-to-month,No,Mailed check,29.72,43.31,Yes
CUST03713,Female,0,No,No,8,Yes,Yes,DSL,No internet,No,No,No,No internet,Yes,Month-to-month,No,Credit card,60.34,400.94,Yes
CUST03714,Male,0,Yes,No,0,Yes,No,Fiber optic,No,No internet,Yes,No internet,Yes,No,Month-to-month,No,Bank transfer,23.11,0.0,Yes
CUST03715,Female,0,Yes,Yes,17,Yes,No,DSL,No,No internet,No,Yes,Yes,Yes,Two year,Yes,Bank transfer,34.39,472.37,No
CUST03716,Female,0,Yes,No,5,Yes,No,DSL,Yes,No,No,No,No,No internet,Month-to-month,Yes,Mailed check,52.81,98.25,Yes
CUST03717,Female,0,Yes,No,17,Yes,Yes,Fiber optic,No,No internet,No internet,No,Yes,No internet,Month-to-month,No,Credit card,61.54,1006.43,Yes
CUST03718,Female,1,Yes,No,3,Yes,Yes,No,No,No internet,Yes,No,No internet,Yes,Two year,Yes,Mailed check,63.51,49.18,No
CUST03719,Female,1,Yes,No,13,Yes,Yes,DSL,Yes,No,No,No internet,No,Yes,One year,No,Mailed check,55.1,641.51,No
CUST03720,Male,1,No,No,21,No,No phone service,Fiber optic,Yes,No internet,Yes,No,No,No internet,Two year,Yes,Credit card,58.59,1135.16,No
CUST03721,Male,0,No,No,1,Yes,Yes,DSL,No,No,No,No,Yes,No internet,Month-to-month,Yes,Electronic check,90.96,0.0,Yes
CUST03722,Female,0,Yes,No,12,Yes,No,DSL,Yes,No,No,Yes,No internet,Yes,Two year,Yes,Bank transfer,39.06,499.32,No
CUST03723,Female,0,Yes,No,8,Yes,Yes,Fiber optic,Yes,Yes,Yes,No internet,Yes,No internet,Two year,No,Electronic check,41.95,344.0,No
CUST03724,Male,1,No,Yes,6,Yes,Yes,Fiber optic,No,No internet,No,Yes,Yes,Yes,Month-to-month,Yes,Credit card,84.78,,Yes
CUST03725,Female,1,No,No,22,Yes,Yes,DSL,No,Yes,No internet,Yes,No,No internet,Month-to-month,Yes,Credit card,58.94,1301.02,No
CUST03726,Female,1,Yes,No,21,Yes,No,Fiber optic,No,Yes,Yes,No,Yes,No,Two year,Yes,Mailed check,66.6,1461.12,No
CUST03727,Female,0,Yes,Yes,23,Yes,Yes,Fiber optic,No,Yes,No,Yes,No internet,No,One year,Yes,Bank transfer,62.14,1406.37,No
CUST03728,Male,1,Yes,Yes,4,Yes,No phone service,No,No internet,Yes,No,No,No,No,One year,No,Bank transfer,56.84,384.76,No
CUST03729,Male,0,Yes,No,8,Yes,No,No,No internet,No internet,No internet,No,No,No internet,One year,Yes,Mailed check,71.24,434.25,No
CUST03730,Female,0,Yes,No,5,Yes,Yes,DSL,No,No internet,Yes,Yes,No,No,One year,Yes,Credit card,67.69,189.73,No
CUST03731,Female,0,No,Yes,18,Yes,No,Fiber optic,Yes,No internet,No internet,Yes,Yes,Yes,Month-to-month,Yes,Mailed check,70.67,1059.7,Yes
CUST03732,Male,0,Yes,No,14,No,Yes,Fiber optic,Yes,No,Yes,No,Yes,No,Month-to-month,Yes,Credit card,78.84,916.79,Yes
CUST03733,Male,0,No,No,9,Yes,No phone service,No,No,Yes,No internet,No,No internet,Yes,One year,Yes,Bank transfer,52.75,428.72,No
CUST03734,Female,0,No,No,37,Yes,Yes,DSL,No,Yes,Yes,Yes,Yes,Yes,Month-to-month,Yes,Mailed check,87.55,3213.5,Yes
CUST03735,Female,0,No,Yes,2,Yes,Yes,Fiber optic,Yes,No,Yes,No,Yes,Yes,Month-to-month,No,Electronic check,58.05,211.78,Yes
CUST03736,Male,0,No,No,72,Yes,Yes,No,No,Yes,No,No,No,No,One year,No,Electronic check,72.39,5182.44,No
CUST03737,Male,1,Yes,Yes,2,No,No,DSL,No internet,No internet,Yes,No,Yes,No,Month-to-month,Yes,Credit card,68.41,290.72,Yes
CUST03738,Male,0,Yes,No,35,Yes,Yes,DSL,No internet,No internet,Yes,Yes,No,No,Month-to-month,No,Mailed check,60.93,2157.98,No
CUST03739,Female,0,Yes,No,11,Yes,No,Fiber optic,No internet,Yes,No,No,Yes,Yes,Two year,No,Mailed check,32.88,413.64,No
CUST03740,Male,0,No,No,48,Yes,No phone service,No,Yes,No,No internet,Yes,No internet,No internet,One year,Yes,Mailed check,51.39,2555.02,No
CUST03741,Female,1,No,No,1,Yes,Yes,Fiber optic,No internet,No,No,No,No,Yes,Month-to-month,Yes,Electronic check,46.05,7.29,Yes
CUST03742,Male,0,No,Yes,11,Yes,Yes,Fiber optic,No,Yes,No,Yes,No,Yes,Two year,No,Mailed check,78.93,1036.08,No
CUST03743,Male,0,Yes,No,9,Yes,No,DSL,No,No,No,Yes,No internet,Yes,One year,No,Mailed check,18.0,201.79,No
CUST03744,Male,0,No,No,72,Yes,Yes,Fiber optic,Yes,No internet,Yes,No,No internet,No,Month-to-month,Yes,Credit card,82.02,6071.84,Yes
CUST03745,Male,0,Yes,No,72,Yes,Yes,Fiber optic,No internet,No internet,Yes,No,No,No,Month-to-month,Yes,Mailed check,94.16,6883.17,Yes
CUST03746,Female,0,Yes,No,5,Yes,Yes,DSL,Yes,Yes,No internet,Yes,No internet,Yes,Month-to-month,Yes,Credit card,50.32,307.94,Yes
CUST03747,Female,1,No,Yes,23,Yes,No phone service,Fiber optic,Yes,No,Yes,No,Yes,No internet,Two year,Yes,Bank transfer,66.3,1489.24,No
CUST03748,Male,0,Yes,Yes,18,Yes,Yes,Fiber optic,Yes,No,No,No,No,Yes,Month-to-month,No,Electronic check,46.89,835.92,Yes
CUST03749,Female,0,No,Yes,4,Yes,Yes,DSL,No,Yes,No internet,No,Yes,Yes,One year,No,Credit card,74.14,330.78,Yes
CUST03750,Male,1,Yes,No,4,Yes,Yes,Fiber optic,No,Yes,Yes,No,Yes,Yes,Two year,No,Electronic check,55.22,106.82,No
CUST03751,Male,1,No,Yes,72,Yes,No,Fiber optic,No internet,No,No internet,Yes,Yes,No internet,Month-to-month,Yes,Mailed check,77.59,5361.37,No
CUST03752,Male,0,Yes,Yes,14,Yes,Yes,Fiber optic,No,No internet,No,No,No internet,Yes,Month-to-month,Yes,Electronic check,49.59,654.68,Yes
CUST03753,Male,1,No,No,3,Yes,No phone service,No,No,No,No internet,Yes,No,Yes,Month-to-month,No,Mailed check,65.51,163.4,Yes
CUST03754,Female,0,No,Yes,5,Yes,No,DSL,No,No internet,No,Yes,No,No internet,Month-to-month,Yes,Electronic check,40.98,256.72,Yes
CUST03755,Male,0,No,Yes,7,Yes,No,DSL,Yes,No,No,No,No,Yes,One year,No,Bank transfer,59.68,552.69,No
CUST03756,Male,0,Yes,No,17,No,Yes,Fiber optic,No,No internet,No,No internet,Yes,No internet,One year,No,Credit card,57.86,982.22,No
CUST03757,Female,0,No,Yes,9,Yes,Yes,DSL,Yes,Yes,No internet,No,No internet,Yes,Month-to-month,No,Bank transfer,60.02,420.6,Yes
CUST03758,Male,0,Yes,No,14,Yes,Yes,No,No,No internet,No,Yes,No,No,Month-to-month,No,Mailed check,78.05,1093.6,No
CUST03759,Male,0,Yes,No,4,Yes,Yes,Fiber optic,No internet,No internet,No internet,No,No,Yes,Month-to-month,No,Bank transfer,25.24,117.03,Yes
CUST03760,Male,0,Yes,Yes,9,Yes,Yes,DSL,Yes,No internet,No,Yes,No,Yes,Two year,Yes,Credit card,48.23,411.73,No
CUST03761,Female,0,No,No,1,Yes,No,Fiber optic,No,No,No,No internet,Yes,No internet,One year,No,Electronic check,37.18,0.0,Yes
CUST03762,Male,0,Yes,No,52,Yes,No,DSL,Yes,No,Yes,No,No internet,No internet,One year,Yes,Electronic check,65.13,3584.57,No
CUST03763,Female,0,No,No,5,Yes,No,DSL,No,Yes,Yes,No internet,No,No internet,Month-to-month,No,Electronic check,54.31,350.68,Yes
CUST03764,Male,0,No,No,33,Yes,No,Fiber optic,No,Yes,No internet,No,No,No internet,Month-to-month,Yes,Mailed check,66.22,2248.24,Yes
CUST03765,Male,0,Yes,No,10,Yes,No,Fiber optic,No internet,Yes,Yes,No internet,No internet,No,Month-to-month,Yes,Bank transfer,29.55,115.53,Yes
CUST03766,Female,0,No,Yes,15,Yes,Yes,Fiber optic,No internet,Yes,No,Yes,Yes,Yes,Two year,No,Bank transfer,39.45,469.46,No
CUST03767,Male,0,Yes,No,8,Yes,No,Fiber optic,No internet,No,No,No internet,Yes,Yes,One year,No,Mailed check,70.64,411.81,No
CUST03768,Male,0,No,No,28,Yes,Yes,No,Yes,Yes,No,Yes,Yes,Yes,One year,No,Bank transfer,43.49,1188.86,No
CUST03769,Female,0,Yes,No,44,Yes,No,DSL,No,No,No internet,No internet,Yes,Yes,One year,Yes,Bank transfer,82.32,3739.66,No
CUST03770,Female,0,Yes,No,8,Yes,No,No,No internet,Yes,No,Yes,No internet,No internet,Month-to-month,No,Bank transfer,25.04,180.59,Yes
CUST03771,Female,1,Yes,Yes,6,Yes,No,DSL,No,No,No,No,No internet,Yes,Month-to-month,No,Electronic check,38.58,198.97,Yes
CUST03772,Female,0,Yes,No,27,Yes,Yes,DSL,No internet,No,No internet,No,No,No,Month-to-month,Yes,Electronic check,71.2,1756.14,No
CUST03773,Female,0,Yes,No,5,Yes,Yes,Fiber optic,No,Yes,No,No,No,No internet,Month-to-month,No,Mailed check,74.9,404.66,Yes
CUST03774,Male,0,Yes,No,24,Yes,No,No,No,Yes,No internet,No,Yes,Yes,Month-to-month,No,Credit card,76.46,1786.11,Yes
CUST03775,Female,1,Yes,Yes,2,Yes,No,DSL,Yes,No,No,No,No internet,No,Month-to-month,Yes,Bank transfer,53.16,216.33,Yes
CUST03776,Male,0,Yes,No,23,Yes,No phone service,Fiber optic,Yes,Yes,No,No,Yes,No,One year,Yes,Electronic check,50.23,1076.25,No
CUST03777,Male,0,Yes,No,17,Yes,Yes,Fiber optic,No,No internet,Yes,No,No,Yes,Two year,No,Electronic check,64.89,1084.7,No
CUST03778,Male,0,No,Yes,2,Yes,No,Fiber optic,No,No,Yes,No internet,No internet,No internet,Two year,No,Bank transfer,26.53,0.0,No
CUST03779,Female,0,No,Yes,25,Yes,No,DSL,No,Yes,No internet,No,No,Yes,Month-to-month,Yes,Mailed check,69.14,1692.7,No
CUST03780,Female,0,No,Yes,14,Yes,Yes,Fiber optic,Yes,No internet,Yes,No,No internet,Yes,Month-to-month,No,Electronic check,48.64,751.35,Yes
CUST03781,Male,0,No,No,5,Yes,No,DSL,No internet,Yes,Yes,No,Yes,No,One year,No,Electronic check,76.87,265.76,No
CUST03782,Female,0,No,No,10,Yes,Yes,DSL,No internet,No,Yes,No,Yes,Yes,Two year,Yes,Electronic check,59.45,575.42,No
CUST03783,Female,0,No,No,16,Yes,No,Fiber optic,No,No,No,No internet,No,Yes,Two year,Yes,Mailed check,55.38,881.41,No
CUST03784,Female,0,Yes,Yes,2,Yes,No,Fiber optic,Yes,Yes,Yes,No,No internet,No internet,Two year,Yes,Electronic check,54.4,170.33,Yes
CUST03785,Female,0,No,No,72,No,No,No,Yes,No,No,Yes,No internet,Yes,One year,No,Bank transfer,80.6,5764.98,Yes
CUST03786,Male,0,Yes,No,26,Yes,Yes,DSL,No,No,No,No,Yes,No,Month-to-month,Yes,Credit card,70.43,1935.21,Yes
CUST03787,Male,0,No,No,2,Yes,No phone service,Fiber optic,No internet,No internet,Yes,No,No internet,No,Month-to-month,No,Electronic check,37.75,0.0,Yes
CUST03788,Female,1,No,Yes,41,Yes,No,DSL,No,No,Yes,Yes,No,No,Month-to-month,No,Electronic check,96.61,4007.1,Yes
CUST03789,Male,1,Yes,Yes,9,No,No phone service,Fiber optic,No internet,No,Yes,No internet,No,Yes,One year,No,Electronic check,59.06,529.5,No
CUST03790,Female,0,No,No,21,Yes,Yes,Fiber optic,No,No internet,Yes,No,Yes,No,Month-to-month,Yes,Mailed check,72.97,1629.18,No
CUST03791,Female,0,Yes,No,7,Yes,No,Fiber optic,No,No,No,No,Yes,No,One year,Yes,Bank transfer,64.97,351.46,Yes
CUST03792,Male,0,Yes,No,31,Yes,Yes,Fiber optic,No,No internet,Yes,Yes,No,Yes,One year,No,Mailed check,67.77,2270.17,No
CUST03793,Male,0,Yes,Yes,30,Yes,Yes,Fiber optic,No,No internet,No,No,No,Yes,Month-to-month,No,Electronic check,75.37,2397.6,No
CUST03794,Male,0,No,No,19,Yes,Yes,Fiber optic,No,No,No internet,Yes,Yes,No,Two year,Yes,Bank transfer,52.84,957.52,No
CUST03795,Female,1,No,Yes,6,No,No,Fiber optic,No,No,No internet,Yes,No internet,Yes,Month-to-month,No,Credit card,72.66,478.65,Yes
CUST03796,Male,0,No,No,7,Yes,Yes,No,No internet,No,No internet,No internet,No,No,Two year,No,Electronic check,29.46,96.31,No
CUST03797,Female,0,Yes,No,11,Yes,No,DSL,No internet,No internet,No internet,No,No internet,Yes,Two year,Yes,Electronic check,39.67,498.21,No
CUST03798,Male,0,Yes,No,3,Yes,No,DSL,No,No,No,No internet,No,No,Month-to-month,No,Mailed check,48.8,62.85,Yes
CUST03799,Male,0,No,No,9,No,No phone service,Fiber optic,No,No internet,No,No,No,Yes,Month-to-month,Yes,Electronic check,26.11,265.9,Yes
CUST03800,Female,0,Yes,No,27,Yes,No,Fiber optic,No,No,No,No,Yes,No internet,Month-to-month,No,Mailed check,64.82,1649.9,No
CUST03801,Female,0,No,No,42,Yes,No,Fiber optic,No internet,Yes,No internet,Yes,No,No internet,Two year,Yes,Bank transfer,102.81,4435.85,No
CUST03802,Female,0,Yes,No,9,Yes,No,DSL,No internet,Yes,No,Yes,No internet,No,Month-to-month,No,Electronic check,43.82,451.46,Yes
CUST03803,Female,1,Yes,No,6,Yes,Yes,No,No internet,No,Yes,No,No internet,Yes,Two year,Yes,Credit card,63.67,580.7,No
CUST03804,Female,0,Yes,Yes,42,Yes,Yes,Fiber optic,Yes,No,Yes,No,No internet,No internet,Month-to-month,Yes,Bank transfer,56.62,2395.56,Yes
CUST03805,Female,1,No,No,53,Yes,Yes,Fiber optic,No internet,No internet,Yes,Yes,No internet,No,One year,Yes,Electronic check,102.7,5290.37,No
CUST03806,Female,0,Yes,Yes,12,No,No,Fiber optic,No,Yes,No,No internet,Yes,No internet,Two year,No,Mailed check,52.66,660.03,No
CUST03807,Female,0,Yes,Yes,0,Yes,No,Fiber optic,No,No,No,Yes,Yes,No,One year,Yes,Bank transfer,49.8,254.61,Yes
CUST03808,Male,0,Yes,No,28,Yes,Yes,No,No internet,No,Yes,No,No internet,No,Month-to-month,Yes,Electronic check,60.83,1679.61,No
CUST03809,Female,0,Yes,No,36,Yes,No phone service,Fiber optic,No,No internet,No internet,No,Yes,No,One year,No,Electronic check,64.12,2357.75,No
CUST03810,Female,1,Yes,No,0,Yes,No,DSL,No,No internet,No internet,No internet,No internet,No,Month-to-month,Yes,Mailed check,41.55,63.29,Yes
CUST03811,Male,0,Yes,No,21,Yes,Yes,No,Yes,No,No,No,No internet,Yes,Month-to-month,Yes,Bank transfer,63.2,1201.27,Yes
CUST03812,Female,0,No,No,21,No,Yes,Fiber optic,Yes,No,Yes,Yes,No,No internet,Month-to-month,No,Mailed check,56.6,1214.63,No
CUST03813,Male,0,Yes,No,11,Yes,No phone service,DSL,Yes,No,No,No internet,No internet,Yes,Month-to-month,No,Electronic check,33.19,435.56,Yes
CUST03814,Male,0,No,No,33,Yes,Yes,Fiber optic,No,Yes,No internet,Yes,No,No,Two year,Yes,Credit card,38.92,1356.97,No
CUST03815,Female,1,No,No,13,Yes,Yes,DSL,No internet,No,Yes,No internet,Yes,No internet,Month-to-month,No,Bank transfer,63.99,791.97,No
CUST03816,Male,0,Yes,Yes,27,Yes,Yes,Fiber optic,No internet,Yes,No,No,No internet,No,One year,Yes,Bank transfer,58.96,1499.11,No
CUST03817,Female,0,Yes,Yes,17,No,No,No,Yes,Yes,Yes,Yes,No,Yes,Month-to-month,Yes,Bank transfer,38.73,584.14,No
CUST03818,Male,0,No,No,6,No,No,Fiber optic,No,No,No internet,Yes,Yes,Yes,Month-to-month,Yes,Mailed check,65.41,367.79,Yes
CUST03819,Male,1,Yes,No,22,Yes,Yes,Fiber optic,No internet,No internet,No internet,No,No internet,No,Month-to-month,Yes,Credit card,63.17,1401.14,Yes
CUST03820,Male,0,Yes,Yes,32,No,No,No,No,No internet,No,Yes,No,No,Month-to-month,Yes,Electronic check,74.36,2245.96,No
CUST03821,Female,0,Yes,No,72,Yes,No phone service,No,No internet,No internet,No,No,Yes,No,Month-to-month,Yes,Bank transfer,73.4,5390.2,Yes
CUST03822,Female,0,No,No,11,Yes,No,Fiber optic,No internet,Yes,Yes,No,No internet,No internet,One year,No,Mailed check,49.86,636.15,Yes
CUST03823,Male,0,No,No,1,Yes,No phone service,Fiber optic,No,No internet,Yes,No internet,No internet,No,Two year,Yes,Credit card,41.41,291.07,Yes
CUST03824,Male,0,No,No,72,Yes,Yes,No,No internet,No,No internet,Yes,Yes,No,Month-to-month,Yes,Bank transfer,80.26,5808.38,Yes
CUST03825,Female,0,No,No,23,Yes,Yes,DSL,No,No,Yes,Yes,Yes,Yes,Month-to-month,Yes,Mailed check,64.85,1473.44,No
CUST03826,Female,0,Yes,No,70,Yes,Yes,DSL,No,Yes,Yes,No,Yes,Yes,Month-to-month,Yes,Credit card,80.89,5510.71,Yes
CUST03827,Male,0,Yes,No,2,Yes,No,Fiber optic,No,No,No,No internet,No internet,No,Two year,Yes,Credit card,60.37,0.0,No
CUST03828,Male,0,Yes,No,10,Yes,No phone service,DSL,No internet,Yes,No,Yes,No,No,One year,No,Electronic check,37.6,271.72,No
CUST03829,Female,0,Yes,No,3,No,Yes,DSL,No,No,No internet,No internet,No internet,No internet,Two year,No,Electronic check,40.62,0.0,No
CUST03830,Female,0,Yes,No,43,Yes,No,Fiber optic,No internet,No,No,Yes,No internet,No,Month-to-month,No,Bank transfer,76.58,3244.71,Yes
CUST03831,Female,1,Yes,Yes,50,Yes,Yes,DSL,No internet,No,Yes,Yes,No,No internet,Month-to-month,No,Credit card,98.49,4849.15,Yes
CUST03832,Female,1,Yes,Yes,16,No,Yes,Fiber optic,No internet,No internet,No,Yes,Yes,No internet,Month-to-month,Yes,Mailed check,69.3,1219.35,Yes
CUST03833,Female,0,Yes,No,4,No,Yes,Fiber optic,Yes,Yes,Yes,No,No,No internet,Two year,No,Electronic check,63.17,305.71,No
CUST03834,Male,0,Yes,No,3,Yes,No,DSL,No internet,No,Yes,No,No,No internet,Month-to-month,No,Bank transfer,38.13,178.67,Yes
CUST03835,Female,0,No,No,21,Yes,Yes,Fiber optic,No internet,No,No,No internet,Yes,No,One year,Yes,Electronic check,53.21,956.51,No
CUST03836,Male,0,No,No,16,No,Yes,Fiber optic,No internet,No,No,No,No internet,Yes,Month-to-month,No,Mailed check,66.59,1068.82,No
CUST03837,Female,0,No,Yes,28,Yes,Yes,No,No,No,Yes,No internet,No,No,Month-to-month,Yes,Mailed check,58.55,1475.07,No
CUST03838,Male,0,Yes,Yes,8,Yes,Yes,Fiber optic,No internet,Yes,No,Yes,No internet,Yes,Month-to-month,Yes,Mailed check,47.13,436.34,Yes
CUST03839,Female,0,Yes,No,12,Yes,No,DSL,Yes,Yes,No internet,No internet,No,No,One year,Yes,Credit card,50.25,529.59,No
CUST03840,Female,1,Yes,Yes,0,Yes,Yes,DSL,No internet,No,No,No,Yes,Yes,Month-to-month,No,Mailed check,41.86,0.0,Yes
CUST03841,Male,0,Yes,No,22,Yes,Yes,No,Yes,Yes,No,No,Yes,No,Two year,No,Electronic check,45.22,951.48,No
CUST03842,Male,0,Yes,No,13,Yes,No,Fiber optic,No internet,No,Yes,No,No,Yes,Month-to-month,No,Bank transfer,46.15,536.02,No
CUST03843,Female,0,No,No,60,Yes,Yes,No,No internet,Yes,No,No internet,No,Yes,Month-to-month,Yes,Electronic check,101.43,6158.94,Yes
CUST03844,Female,0,No,No,24,Yes,No phone service,No,Yes,No,Yes,No,Yes,No,Month-to-month,No,Bank transfer,55.63,1280.51,Yes
CUST03845,Female,0,Yes,No,12,Yes,No,DSL,No internet,Yes,No,Yes,No,No,Two year,Yes,Mailed check,50.7,610.68,No
CUST03846,Female,0,Yes,No,7,Yes,Yes,No,No internet,No,No internet,Yes,Yes,No,Month-to-month,Yes,Bank transfer,63.47,352.76,No
CUST03847,Female,0,Yes,No,56,Yes,Yes,DSL,No internet,No,Yes,No internet,No,No,Month-to-month,No,Credit card,77.91,4309.59,No
CUST03848,Male,0,Yes,No,0,No,No,Fiber optic,Yes,No,No,No,Yes,Yes,Month-to-month,Yes,Mailed check,42.79,0.0,Yes
CUST03849,Male,1,Yes,No,9,Yes,Yes,Fiber optic,No,Yes,Yes,No internet,No,Yes,Month-to-month,Yes,Credit card,63.17,531.18,Yes
CUST03850,Female,0,Yes,Yes,68,Yes,Yes,DSL,No,No,No internet,Yes,Yes,No,One year,Yes,Electronic check,70.37,4837.57,No
CUST03851,Male,0,Yes,No,25,Yes,No,DSL,Yes,No,No internet,No,No,No internet,Month-to-month,Yes,Bank transfer,44.52,1145.83,Yes
CUST03852,Male,0,Yes,No,18,Yes,Yes,Fiber optic,No,No,Yes,No,Yes,No,One year,Yes,Electronic check,73.47,1454.23,No
CUST03853,Male,0,Yes,Yes,5,Yes,Yes,Fiber optic,No,No,No internet,No internet,Yes,Yes,Two year,Yes,Electronic check,57.2,152.08,No
CUST03854,Female,0,Yes,Yes,43,Yes,No,DSL,No internet,Yes,Yes,No,No,No internet,Two year,Yes,Bank transfer,42.44,1811.6,No
CUST03855,Male,0,Yes,Yes,5,Yes,No,Fiber optic,No,Yes,Yes,Yes,Yes,No,Month-to-month,Yes,Electronic check,64.49,265.89,Yes
CUST03856,Female,1,No,No,6,No,No,Fiber optic,Yes,Yes,Yes,No,No internet,No internet,Month-to-month,Yes,Electronic check,59.83,367.73,Yes
CUST03857,Male,1,Yes,No,5,Yes,Yes,Fiber optic,Yes,Yes,No internet,No,Yes,No,Two year,No,Electronic check,58.58,304.36,No
CUST03858,Female,0,No,Yes,4,No,No,Fiber optic,Yes,Yes,No internet,Yes,Yes,Yes,Two year,No,Bank transfer,65.85,172.33,No
CUST03859,Male,1,No,No,72,Yes,Yes,No,No,No internet,Yes,No,No internet,No internet,Month-to-month,No,Electronic check,81.25,,No
CUST03860,Female,0,No,No,22,Yes,Yes,No,No,Yes,No internet,No internet,Yes,No,Month-to-month,No,Mailed check,61.82,1345.5,No
CUST03861,Female,0,No,No,24,Yes,Yes,No,No internet,Yes,Yes,Yes,No internet,No,Two year,Yes,Bank transfer,83.48,2138.0,Yes
CUST03862,Male,0,No,No,72,Yes,Yes,DSL,No,No,No,No internet,No internet,No,Month-to-month,No,Mailed check,81.59,5730.1,Yes
CUST03863,Female,1,No,Yes,6,No,No,Fiber optic,No,No internet,No internet,No,Yes,No internet,Two year,No,Electronic check,56.67,281.5,Yes
CUST03864,Female,0,Yes,No,0,Yes,Yes,Fiber optic,No,No internet,Yes,No,Yes,No,Month-to-month,Yes,Bank transfer,74.66,130.3,Yes
CUST03865,Female,0,Yes,No,21,Yes,No,No,No,No,No,Yes,No,No internet,Month-to-month,Yes,Bank transfer,52.34,1119.28,Yes
CUST03866,Female,0,No,No,17,Yes,Yes,Fiber optic,No,Yes,No,No,No internet,Yes,Month-to-month,No,Mailed check,68.86,1078.36,No
CUST03867,Female,0,No,No,15,No,Yes,Fiber optic,No,Yes,No,No,Yes,No internet,Month-to-month,Yes,Bank transfer,38.28,567.66,Yes
CUST03868,Female,0,No,No,1,Yes,No,Fiber optic,No,Yes,Yes,Yes,No internet,No internet,Month-to-month,No,Electronic check,62.4,0.0,Yes
CUST03869,Female,1,No,Yes,14,Yes,No,DSL,No,Yes,No,No,Yes,Yes,Two year,No,Bank transfer,58.7,884.74,No
CUST03870,Female,0,No,No,8,Yes,No,Fiber optic,Yes,No,Yes,No,No,No internet,One year,Yes,Electronic check,67.69,454.86,No
CUST03871,Male,0,No,No,7,Yes,No,DSL,Yes,No internet,No internet,Yes,No,No,One year,Yes,Mailed check,45.25,320.22,No
CUST03872,Male,0,No,Yes,6,Yes,Yes,DSL,No internet,Yes,No,No,Yes,Yes,One year,No,Electronic check,60.86,381.32,Yes
CUST03873,Female,0,No,Yes,9,Yes,No phone service,DSL,No,No,No internet,No,No,Yes,Month-to-month,Yes,Credit card,25.62,201.38,Yes
CUST03874,Female,0,No,No,10,Yes,Yes,DSL,No internet,No internet,No internet,Yes,Yes,Yes,Month-to-month,No,Mailed check,53.34,276.2,Yes
CUST03875,Male,0,No,No,8,Yes,No,DSL,Yes,No,Yes,No internet,Yes,Yes,Two year,Yes,Credit card,55.19,409.91,No
CUST03876,Male,0,No,Yes,72,Yes,No phone service,Fiber optic,Yes,No internet,No,Yes,No,No internet,Month-to-month,No,Credit card,71.19,4875.45,Yes
CUST03877,Male,0,No,No,64,Yes,Yes,No,No,No internet,No internet,Yes,No,Yes,Month-to-month,Yes,Credit card,82.53,5438.22,Yes
CUST03878,Female,0,Yes,No,20,Yes,Yes,Fiber optic,No,No,No,No,No internet,No,Two year,No,Electronic check,100.08,1970.41,No
CUST03879,Male,0,Yes,No,72,No,No,DSL,No internet,No,Yes,Yes,No,No internet,Month-to-month,Yes,Bank transfer,70.73,5001.83,Yes
CUST03880,Female,0,No,Yes,72,Yes,No,DSL,No internet,No,No,Yes,Yes,No,Two year,Yes,Mailed check,92.79,6471.44,No
CUST03881,Female,0,No,No,10,Yes,Yes,Fiber optic,No,No,No,No internet,No,No internet,Two year,No,Mailed check,46.13,520.19,Yes
CUST03882,Male,1,Yes,Yes,14,Yes,No,No,No internet,Yes,No,No,Yes,No,Month-to-month,Yes,Electronic check,85.08,1233.3,Yes
CUST03883,Female,0,Yes,No,72,Yes,Yes,DSL,No internet,No internet,No,No,Yes,Yes,Month-to-month,Yes,Electronic check,89.97,6458.31,Yes
CUST03884,Female,0,No,No,22,Yes,No,Fiber optic,No internet,No,Yes,No,No,Yes,Two year,Yes,Bank transfer,53.5,1170.21,No
CUST03885,Female,0,No,No,5,Yes,Yes,Fiber optic,No,No,No internet,No,No,Yes,Month-to-month,Yes,Credit card,54.4,188.56,Yes
CUST03886,Female,0,No,No,28,Yes,No,No,Yes,No,Yes,No,No,No,Month-to-month,Yes,Mailed check,89.39,2423.87,Yes
CUST03887,Male,1,No,Yes,5,Yes,Yes,Fiber optic,No internet,Yes,No internet,No,No,No,Month-to-month,No,Electronic check,55.33,397.89,Yes
CUST03888,Male,0,Yes,No,9,Yes,Yes,No,No,No internet,No,No,Yes,Yes,One year,Yes,Credit card,67.87,572.09,No
CUST03889,Female,0,Yes,Yes,6,Yes,Yes,DSL,Yes,Yes,No,No internet,No internet,Yes,Two year,Yes,Mailed check,36.91,255.62,No
CUST03890,Female,0,Yes,No,6,Yes,No,DSL,Yes,No,No,Yes,No internet,Yes,Two year,Yes,Credit card,59.22,315.86,No
CUST03891,Male,0,No,Yes,0,Yes,No,Fiber optic,No,No,Yes,No,No,No,Two year,No,Credit card,48.59,0.0,No
CUST03892,Female,0,Yes,No,51,Yes,No,Fiber optic,Yes,No,Yes,No internet,No,Yes,Two year,No,Mailed check,93.39,4972.68,No
CUST03893,Male,0,No,No,8,Yes,Yes,No,No,No,No internet,No internet,No internet,No,Month-to-month,Yes,Bank transfer,53.19,561.05,Yes
CUST03894,Female,0,Yes,No,2,Yes,Yes,Fiber optic,No,Yes,Yes,Yes,No,No,One year,No,Bank transfer,70.1,209.87,Yes
CUST03895,Female,0,No,Yes,2,No,No,DSL,No internet,No internet,No,No internet,No,No,Month-to-month,No,Bank transfer,38.94,68.68,Yes
CUST03896,Male,0,No,No,19,Yes,No,Fiber optic,No,Yes,No internet,No,No,Yes,Month-to-month,Yes,Electronic check,41.53,868.46,Yes
CUST03897,Male,1,Yes,Yes,72,Yes,Yes,Fiber optic,No internet,Yes,Yes,No,No internet,No internet,Two year,Yes,Bank transfer,81.51,5691.59,No
CUST03898,Male,0,No,No,3,Yes,No,No,Yes,Yes,Yes,Yes,Yes,No,Month-to-month,Yes,Electronic check,58.51,168.12,Yes
CUST03899,Male,0,Yes,No,2,Yes,Yes,No,No internet,No,No internet,No,No internet,No,Two year,Yes,Bank transfer,34.8,0.0,No
CUST03900,Female,0,Yes,No,13,Yes,Yes,DSL,No,No,No,No,No internet,No internet,Month-to-month,No,Mailed check,23.12,370.12,No
CUST03901,Male,0,Yes,No,19,Yes,Yes,Fiber optic,No,No internet,No,No,No,Yes,Two year,Yes,Electronic check,54.41,1113.96,No
CUST03902,Female,0,Yes,Yes,8,Yes,No,DSL,No internet,Yes,No,No,Yes,No,Month-to-month,No,Credit card,56.42,566.88,Yes
CUST03903,Male,0,No,No,8,Yes,No,DSL,Yes,No,No internet,Yes,Yes,No,Month-to-month,Yes,Mailed check,47.25,370.81,Yes
CUST03904,Male,0,No,Yes,13,No,No,DSL,No,Yes,Yes,Yes,No,No internet,Month-to-month,No,Mailed check,39.54,505.08,Yes
CUST03905,Female,0,Yes,No,9,Yes,Yes,Fiber optic,No,No,Yes,No,Yes,Yes,Month-to-month,Yes,Electronic check,72.0,,Yes
CUST03906,Male,0,Yes,No,59,Yes,No,No,No,No internet,Yes,No,No,No,Month-to-month,Yes,Mailed check,91.65,5534.91,Yes
CUST03907,Male,1,No,No,1,Yes,Yes,DSL,No internet,No,Yes,No,Yes,Yes,Two year,No,Electronic check,65.6,0.0,No
CUST03908,Male,0,No,No,6,Yes,No,No,No internet,No internet,No,No,No,No internet,One year,Yes,Electronic check,72.51,418.91,No
CUST03909,Male,0,Yes,No,39,Yes,Yes,DSL,No,No,No,No internet,Yes,No,Month-to-month,Yes,Electronic check,55.98,1954.13,No
CUST03910,Female,0,No,No,43,Yes,No,Fiber optic,No internet,No,No internet,No,No internet,No,Month-to-month,No,Electronic check,68.34,3036.28,Yes
CUST03911,Female,0,No,No,2,Yes,No,Fiber optic,No internet,No,No,No,No,Yes,Month-to-month,No,Mailed check,68.55,66.97,Yes
CUST03912,Male,0,No,No,72,No,No,Fiber optic,No,No,No internet,No,Yes,Yes,Month-to-month,Yes,Mailed check,88.42,6407.79,Yes
CUST03913,Male,0,Yes,No,28,Yes,Yes,DSL,Yes,Yes,No internet,No internet,No,No internet,One year,No,Bank transfer,89.52,2372.37,No
CUST03914,Male,0,No,Yes,7,Yes,Yes,No,No,Yes,No,No internet,No,No,Month-to-month,No,Mailed check,27.25,182.15,No
CUST03915,Female,0,No,No,14,No,Yes,Fiber optic,Yes,No,Yes,No internet,No,No,Two year,Yes,Credit card,29.73,364.03,No
CUST03916,Female,0,No,Yes,8,Yes,No,No,No,No,No,No,No,Yes,Month-to-month,Yes,Electronic check,46.56,295.25,Yes
CUST03917,Female,0,No,No,3,Yes,Yes,No,No,No internet,Yes,No,No,No,One year,No,Bank transfer,60.25,277.23,No
CUST03918,Female,0,No,Yes,8,Yes,Yes,No,Yes,No internet,No,No internet,Yes,Yes,One year,Yes,Credit card,64.66,427.43,No
CUST03919,Male,0,Yes,No,20,Yes,No phone service,Fiber optic,Yes,No internet,No internet,No,No,No,Month-to-month,Yes,Electronic check,56.42,1247.52,Yes
CUST03920,Male,0,No,No,41,Yes,Yes,No,No,Yes,No internet,Yes,No,No internet,Two year,No,Mailed check,85.97,3681.67,No
CUST03921,Male,0,No,Yes,10,Yes,No,No,Yes,No,No internet,No internet,Yes,Yes,One year,No,Bank transfer,61.24,560.16,Yes
CUST03922,Female,0,No,No,10,Yes,Yes,DSL,No,Yes,Yes,No,No,No internet,One year,Yes,Electronic check,55.99,729.28,No
CUST03923,Male,0,Yes,No,15,Yes,No,No,No internet,No,Yes,No internet,No internet,No,Month-to-month,Yes,Electronic check,77.46,1253.38,No
CUST03924,Female,0,Yes,Yes,24,No,Yes,Fiber optic,Yes,Yes,No,No,No internet,No internet,Two year,No,Bank transfer,62.98,1738.31,No
CUST03925,Female,0,No,No,33,Yes,No,Fiber optic,No,No,No,No,Yes,No,One year,Yes,Mailed check,55.6,2014.72,No
CUST03926,Male,0,No,Yes,9,Yes,No,DSL,No internet,No,Yes,Yes,Yes,Yes,Month-to-month,No,Electronic check,51.23,480.3,Yes
CUST03927,Male,0,Yes,Yes,21,Yes,No phone service,DSL,No,Yes,No,No,No internet,No,Month-to-month,No,Bank transfer,45.19,1055.46,Yes
CUST03928,Male,0,No,No,11,Yes,Yes,Fiber optic,Yes,No,No,Yes,No,Yes,Month-to-month,Yes,Bank transfer,52.54,554.79,Yes
CUST03929,Female,0,Yes,No,30,Yes,No,DSL,No,No,No internet,No internet,Yes,Yes,Month-to-month,No,Mailed check,52.73,1716.5,Yes
CUST03930,Female,0,No,No,4,Yes,Yes,DSL,No,Yes,No,No,No,No,Two year,No,Mailed check,32.01,13.39,No
CUST03931,Male,0,No,No,7,No,Yes,DSL,No,No internet,Yes,No internet,No,No,Month-to-month,Yes,Bank transfer,46.32,281.07,No
CUST03932,Male,0,Yes,No,13,Yes,Yes,No,Yes,No,Yes,Yes,Yes,No internet,Two year,Yes,Mailed check,33.93,372.23,No
CUST03933,Female,0,No,No,52,Yes,No,Fiber optic,Yes,Yes,No internet,Yes,No internet,Yes,Month-to-month,Yes,Bank transfer,87.23,4499.18,Yes
CUST03934,Male,0,No,No,20,Yes,Yes,Fiber optic,No,No,No internet,No,No internet,No,Month-to-month,Yes,Electronic check,69.55,1358.11,Yes
CUST03935,Female,1,Yes,Yes,72,Yes,Yes,No,No,No internet,No,No internet,No,Yes,Two year,Yes,Electronic check,111.25,8009.72,No
CUST03936,Female,0,No,No,2,Yes,Yes,DSL,Yes,No internet,Yes,Yes,No,No,Month-to-month,Yes,Electronic check,43.03,151.79,Yes
CUST03937,Male,0,Yes,No,14,No,Yes,DSL,No internet,Yes,Yes,No internet,Yes,No internet,One year,Yes,Credit card,63.8,905.82,No
CUST03938,Male,0,No,No,13,Yes,Yes,DSL,Yes,No internet,No,Yes,Yes,No internet,Two year,Yes,Credit card,39.38,557.75,No
CUST03939,Male,0,Yes,Yes,22,Yes,Yes,No,No,No,Yes,Yes,No,Yes,Two year,Yes,Mailed check,52.44,1055.6,No
CUST03940,Male,0,Yes,No,40,Yes,Yes,Fiber optic,Yes,Yes,Yes,No,No,No,Two year,Yes,Mailed check,85.38,3350.09,No
CUST03941,Female,0,Yes,Yes,44,Yes,Yes,Fiber optic,No internet,No,No internet,Yes,Yes,Yes,Two year,Yes,Electronic check,89.62,3899.08,Yes
CUST03942,Female,0,Yes,No,26,Yes,Yes,Fiber optic,No internet,No,No,Yes,Yes,No,One year,Yes,Bank transfer,64.85,1676.13,No
CUST03943,Female,0,No,No,24,Yes,No,DSL,Yes,No,No internet,Yes,No,No internet,Month-to-month,No,Electronic check,72.18,1856.66,Yes
CUST03944,Male,0,Yes,No,71,Yes,No,Fiber optic,No,No,No,No,Yes,No,One year,Yes,Bank transfer,82.01,5830.07,No
CUST03945,Female,0,Yes,No,11,No,No,DSL,No,No,No,No,Yes,No internet,Two year,No,Credit card,70.59,702.37,No
CUST03946,Male,0,No,No,42,Yes,No,Fiber optic,No,No,Yes,No,Yes,No internet,Month-to-month,Yes,Electronic check,57.34,2469.81,No
CUST03947,Male,0,Yes,Yes,61,Yes,No,DSL,Yes,No,No,No,No internet,No,Month-to-month,No,Bank transfer,82.3,5028.2,Yes
CUST03948,Male,0,No,No,16,Yes,Yes,DSL,No internet,Yes,No,Yes,No internet,No,One year,Yes,Mailed check,75.76,1188.26,No
CUST03949,Male,0,No,No,31,Yes,No,Fiber optic,No,No,Yes,Yes,Yes,Yes,One year,No,Electronic check,57.91,1932.99,No
CUST03950,Male,0,No,No,11,Yes,Yes,DSL,No,Yes,No,Yes,No,No internet,Month-to-month,Yes,Bank transfer,55.29,686.79,Yes
CUST03951,Male,0,Yes,No,4,Yes,No,No,No,No internet,No internet,No,Yes,No internet,One year,No,Mailed check,58.49,228.48,No
CUST03952,Female,0,Yes,Yes,21,No,No,DSL,No,No,No internet,No internet,Yes,Yes,One year,Yes,Bank transfer,74.59,1554.57,No
CUST03953,Male,0,No,No,5,Yes,No,Fiber optic,No,Yes,No internet,Yes,Yes,Yes,One year,Yes,Electronic check,41.38,175.46,No
CUST03954,Female,1,Yes,No,14,Yes,No,DSL,No,No,Yes,Yes,Yes,Yes,Month-to-month,Yes,Mailed check,72.64,878.95,Yes
CUST03955,Female,1,Yes,Yes,49,No,Yes,DSL,No,No,Yes,Yes,No internet,No,Month-to-month,No,Credit card,99.19,4831.98,Yes
CUST03956,Male,0,Yes,Yes,2,Yes,No,Fiber optic,No,Yes,Yes,No internet,No,Yes,One year,No,Bank transfer,65.64,131.9,No
CUST03957,Male,0,Yes,No,0,No,Yes,Fiber optic,Yes,Yes,Yes,Yes,Yes,Yes,One year,Yes,Bank transfer,49.35,0.0,Yes
CUST03958,Male,0,No,No,22,Yes,No,DSL,No,No internet,Yes,No,No,No internet,Month-to-month,No,Electronic check,55.78,,Yes
CUST03959,Female,0,No,No,9,Yes,No,Fiber optic,No internet,No,Yes,Yes,No,No,Month-to-month,No,Electronic check,54.31,721.5,Yes
CUST03960,Male,0,No,No,12,Yes,Yes,DSL,No internet,Yes,No,No,Yes,Yes,Month-to-month,Yes,Credit card,45.39,707.15,No
CUST03961,Female,0,No,No,12,No,No phone service,DSL,Yes,No,Yes,Yes,No,No internet,Month-to-month,No,Electronic check,64.04,695.01,No
CUST03962,Male,1,Yes,No,2,Yes,No phone service,Fiber optic,No,Yes,No,No internet,No,No,Two year,Yes,Credit card,63.02,52.39,Yes
CUST03963,Male,0,Yes,No,0,Yes,Yes,Fiber optic,No internet,Yes,No,Yes,Yes,Yes,Two year,Yes,Electronic check,18.0,54.45,No
CUST03964,Female,0,No,Yes,54,Yes,No,DSL,Yes,Yes,Yes,No,No internet,No,Two year,No,Electronic check,82.45,4410.95,No
CUST03965,Female,0,Yes,No,5,Yes,Yes,Fiber optic,No internet,No internet,No,No,Yes,Yes,Month-to-month,Yes,Electronic check,45.17,234.45,Yes
CUST03966,Male,0,Yes,Yes,13,Yes,No,Fiber optic,Yes,Yes,Yes,No,Yes,Yes,Month-to-month,No,Mailed check,58.96,761.9,Yes
CUST03967,Female,0,No,No,72,Yes,No,Fiber optic,No internet,No,No,No internet,No internet,Yes,Month-to-month,No,Credit card,108.76,7781.49,Yes
CUST03968,Female,0,No,No,42,Yes,No,DSL,No,Yes,No internet,No,Yes,No,One year,No,Credit card,57.34,2258.67,No
CUST03969,Female,0,Yes,No,2,Yes,Yes,No,No,No,Yes,Yes,Yes,Yes,Month-to-month,Yes,Mailed check,45.07,,Yes
CUST03970,Female,0,No,Yes,17,Yes,No,DSL,No internet,No,Yes,No,No,No internet,One year,Yes,Electronic check,55.02,896.26,No
CUST03971,Female,0,No,Yes,31,Yes,No,Fiber optic,No internet,No,Yes,No,Yes,No,Month-to-month,Yes,Bank transfer,45.96,1361.14,Yes
CUST03972,Male,1,Yes,No,28,Yes,No,Fiber optic,No,No,No,Yes,No,No internet,Month-to-month,No,Bank transfer,75.5,1988.72,Yes
CUST03973,Male,0,No,No,34,Yes,Yes,Fiber optic,No,No,No internet,Yes,No,Yes,Month-to-month,Yes,Mailed check,73.5,2665.58,Yes
CUST03974,Female,0,Yes,No,14,Yes,No,No,No,No internet,No internet,No internet,No,No,Two year,Yes,Electronic check,51.23,766.88,No
CUST03975,Male,0,No,No,4,Yes,No,Fiber optic,Yes,Yes,No internet,No,Yes,No internet,Month-to-month,Yes,Electronic check,60.27,219.1,Yes
CUST03976,Male,0,No,No,15,Yes,No phone service,Fiber optic,No,No,No,Yes,No,No,Month-to-month,Yes,Bank transfer,79.83,1261.43,Yes
CUST03977,Female,0,No,Yes,25,Yes,Yes,DSL,No internet,No internet,No,No internet,No internet,Yes,Two year,Yes,Mailed check,52.15,1277.53,No
CUST03978,Male,1,Yes,Yes,22,Yes,Yes,DSL,No,Yes,Yes,No,Yes,No,One year,Yes,Bank transfer,68.71,1748.41,No
CUST03979,Female,0,Yes,Yes,1,Yes,No,No,No internet,No internet,Yes,Yes,No,No,Month-to-month,Yes,Electronic check,46.09,336.18,No
CUST03980,Female,0,Yes,No,1,No,Yes,DSL,Yes,No,No,No,No,No,Month-to-month,No,Credit card,77.11,246.57,Yes
CUST03981,Male,0,No,Yes,72,Yes,No,DSL,Yes,No,Yes,No internet,No,No,Month-to-month,No,Electronic check,94.59,6910.62,No
CUST03982,Female,0,Yes,Yes,3,Yes,Yes,DSL,No,No,No internet,No,Yes,Yes,One year,No,Electronic check,67.56,164.82,No
CUST03983,Female,0,Yes,No,8,Yes,No,DSL,No,Yes,Yes,No,Yes,No,One year,Yes,Bank transfer,51.19,216.77,No
CUST03984,Female,0,Yes,No,35,Yes,No,DSL,Yes,Yes,Yes,Yes,No internet,Yes,Month-to-month,No,Bank transfer,94.47,3439.94,Yes
CUST03985,Female,0,Yes,No,12,Yes,No,No,No,No,Yes,Yes,Yes,No,Two year,No,Electronic check,71.05,803.04,No
CUST03986,Female,0,Yes,No,4,Yes,No,No,No internet,Yes,No internet,Yes,No,No,Month-to-month,No,Credit card,38.58,156.73,Yes
CUST03987,Male,1,No,Yes,15,Yes,No,Fiber optic,No,Yes,No internet,No,Yes,No internet,Month-to-month,Yes,Bank transfer,49.61,786.66,No
CUST03988,Male,0,Yes,No,20,No,No,No,Yes,No internet,No internet,No internet,Yes,Yes,Two year,No,Electronic check,60.86,1276.08,No
CUST03989,Female,0,Yes,Yes,14,Yes,Yes,DSL,No,Yes,No internet,Yes,Yes,No,Month-to-month,Yes,Bank transfer,64.86,943.31,Yes
CUST03990,Female,0,No,No,60,Yes,No,No,No,No internet,No internet,Yes,Yes,Yes,Two year,Yes,Bank transfer,74.52,4393.4,No
CUST03991,Male,0,No,No,8,Yes,Yes,DSL,No,No,Yes,Yes,No,No,One year,Yes,Bank transfer,43.0,328.14,No
CUST03992,Female,0,Yes,No,25,Yes,Yes,DSL,No internet,No,Yes,No,No,No internet,Month-to-month,No,Credit card,77.02,1894.15,No
CUST03993,Male,0,Yes,No,2,Yes,No,DSL,No,No,No,Yes,No,No internet,Month-to-month,No,Bank transfer,56.44,220.44,Yes
CUST03994,Female,1,No,No,11,Yes,No,Fiber optic,No,Yes,No internet,No,Yes,Yes,Month-to-month,Yes,Mailed check,64.33,674.75,Yes
CUST03995,Female,0,Yes,No,32,Yes,No,DSL,No internet,No,No internet,Yes,Yes,No internet,Two year,No,Credit card,55.02,1733.55,No
CUST03996,Female,0,No,Yes,6,Yes,No,Fiber optic,Yes,No internet,No,No,Yes,No,Month-to-month,Yes,Bank transfer,52.01,321.42,Yes
CUST03997,Female,1,Yes,No,21,Yes,No,Fiber optic,No,Yes,Yes,Yes,Yes,Yes,Month-to-month,Yes,Bank transfer,59.17,1213.02,Yes
CUST03998,Female,0,Yes,Yes,3,Yes,No,Fiber optic,No,Yes,Yes,No,No internet,Yes,Month-to-month,Yes,Mailed check,65.28,195.21,Yes
CUST03999,Female,0,Yes,No,2,Yes,Yes,Fiber optic,No internet,Yes,Yes,No,Yes,Yes,One year,Yes,Credit card,62.18,17.91,No
CUST04000,Female,0,No,No,17,Yes,No,No,Yes,No internet,Yes,Yes,Yes,Yes,Month-to-month,Yes,Mailed check,44.31,640.57,No
CUST04001,Male,0,No,Yes,26,Yes,Yes,No,No,No internet,Yes,No,No,No,Month-to-month,Yes,Bank transfer,49.25,1222.48,No
CUST04002,Male,0,Yes,No,2,Yes,Yes,Fiber optic,Yes,No,Yes,No internet,No internet,No internet,Two year,No,Mailed check,70.61,174.02,No
CUST04003,Male,0,No,Yes,59,Yes,Yes,No,Yes,No,No,No,Yes,No internet,Month-to-month,No,Bank transfer,91.55,,Yes
CUST04004,Female,0,Yes,No,6,Yes,Yes,Fiber optic,No internet,No,No,No internet,No,No,Month-to-month,Yes,Mailed check,63.41,406.57,Yes
CUST04005,Female,1,Yes,Yes,3,Yes,No,Fiber optic,No,No,Yes,No internet,Yes,Yes,One year,Yes,Credit card,78.63,332.69,Yes
CUST04006,Female,0,No,No,5,Yes,No,DSL,No,No,No,No,No,Yes,Two year,Yes,Electronic check,37.97,41.4,No
CUST04007,Female,0,Yes,No,4,Yes,Yes,DSL,No,Yes,No internet,No,No,Yes,Month-to-month,Yes,Bank transfer,48.78,99.95,Yes
CUST04008,Female,0,No,No,2,Yes,Yes,DSL,Yes,Yes,No,No internet,No,No,Month-to-month,Yes,Mailed check,79.45,22.18,Yes
CUST04009,Female,1,No,No,38,Yes,Yes,Fiber optic,Yes,No,Yes,No internet,Yes,No,Month-to-month,Yes,Bank transfer,101.78,3727.43,Yes
CUST04010,Female,0,No,Yes,16,Yes,Yes,Fiber optic,No,No,Yes,No,No internet,Yes,Month-to-month,Yes,Mailed check,66.79,839.02,Yes
CUST04011,Male,1,No,No,11,Yes,Yes,Fiber optic,No,No,Yes,No internet,Yes,No internet,One year,Yes,Electronic check,68.64,773.39,Yes
CUST04012,Female,0,Yes,Yes,72,Yes,Yes,DSL,No,Yes,No,No,No,No,One year,Yes,Mailed check,94.29,6699.11,No
CUST04013,Male,0,Yes,No,11,Yes,No,Fiber optic,No,No,Yes,No,No internet,No internet,One year,No,Credit card,54.4,617.98,Yes
CUST04014,Male,0,Yes,No,4,Yes,No,Fiber optic,No,Yes,No,Yes,Yes,No,Month-to-month,No,Bank transfer,41.56,261.39,Yes
CUST04015,Female,0,Yes,No,7,Yes,Yes,Fiber optic,Yes,No,No,No,No,Yes,Two year,No,Electronic check,41.37,193.04,No
CUST04016,Female,0,Yes,Yes,6,Yes,Yes,Fiber optic,No,No,No internet,No internet,Yes,No,Month-to-month,No,Credit card,85.76,591.87,Yes
CUST04017,Male,0,Yes,Yes,16,Yes,No,Fiber optic,No,No internet,No,No internet,Yes,No internet,Two year,Yes,Bank transfer,49.22,900.84,No
CUST04018,Male,0,No,Yes,8,Yes,No,DSL,No,Yes,No internet,Yes,Yes,No,Month-to-month,No,Mailed check,69.69,490.58,Yes
CUST04019,Female,0,Yes,No,17,Yes,Yes,DSL,Yes,Yes,No,No,Yes,Yes,Two year,Yes,Bank transfer,26.17,247.04,No
CUST04020,Female,0,No,Yes,26,Yes,No phone service,DSL,Yes,No,No internet,No,No internet,No,Month-to-month,No,Mailed check,55.18,1313.86,No
CUST04021,Male,0,No,No,36,Yes,Yes,DSL,Yes,No,No internet,No,No,No,Month-to-month,No,Electronic check,66.31,2631.91,No
CUST04022,Female,0,No,Yes,29,Yes,No,DSL,No internet,No internet,No,No,No,Yes,Two year,Yes,Credit card,56.28,1606.84,No
CUST04023,Female,0,Yes,Yes,5,Yes,Yes,DSL,Yes,No internet,No,No,No internet,Yes,Month-to-month,Yes,Electronic check,40.96,306.42,Yes
CUST04024,Female,0,Yes,No,2,No,No phone service,DSL,No,No internet,No internet,No internet,No internet,No,One year,Yes,Mailed check,65.09,132.02,No
CUST04025,Male,0,Yes,Yes,18,Yes,Yes,Fiber optic,No,Yes,No,No,No,Yes,One year,Yes,Bank transfer,64.2,980.36,No
CUST04026,Male,0,Yes,No,5,Yes,No,DSL,No,Yes,Yes,Yes,Yes,Yes,One year,No,Credit card,44.31,,No
CUST04027,Male,0,Yes,No,2,Yes,Yes,Fiber optic,Yes,No internet,No,No,No internet,No,One year,No,Electronic check,41.49,20.97,No
CUST04028,Female,0,No,Yes,17,Yes,Yes,Fiber optic,Yes,No,No internet,Yes,Yes,Yes,Month-to-month,Yes,Mailed check,38.16,845.4,Yes
CUST04029,Female,0,Yes,No,9,Yes,No,Fiber optic,No,Yes,No internet,Yes,Yes,Yes,Month-to-month,Yes,Bank transfer,37.87,266.52,Yes
CUST04030,Male,0,No,No,33,Yes,No phone service,Fiber optic,No,Yes,No internet,No internet,No,No internet,Two year,Yes,Bank transfer,50.51,1836.93,No
CUST04031,Male,0,No,Yes,9,Yes,No phone service,Fiber optic,No,No,Yes,No,Yes,No,Month-to-month,No,Credit card,47.78,598.27,Yes
CUST04032,Male,0,Yes,Yes,72,Yes,No,DSL,No internet,No internet,No,No internet,Yes,No internet,Two year,No,Electronic check,120.0,8495.54,Yes
CUST04033,Female,0,Yes,No,34,Yes,No,DSL,Yes,No,Yes,No,No internet,No,Month-to-month,Yes,Bank transfer,58.78,2067.67,Yes
CUST04034,Male,1,No,Yes,1,Yes,No phone service,Fiber optic,No,No,No internet,No,No,Yes,Month-to-month,No,Electronic check,53.78,18.1,Yes
CUST04035,Male,0,Yes,No,17,No,Yes,Fiber optic,No,No,No internet,Yes,No,Yes,Month-to-month,No,Bank transfer,50.16,969.05,No
CUST04036,Female,0,No,No,19,Yes,Yes,Fiber optic,No internet,No,No internet,No,No,No internet,One year,Yes,Electronic check,66.3,1300.11,No
CUST04037,Female,0,Yes,Yes,28,Yes,Yes,No,No,No internet,Yes,Yes,No,No,Month-to-month,No,Credit card,44.86,1274.72,No
CUST04038,Female,0,No,No,16,No,No,Fiber optic,No,Yes,No,No,Yes,No,Month-to-month,Yes,Electronic check,42.89,643.67,Yes
CUST04039,Male,0,Yes,No,15,Yes,No phone service,DSL,No,No internet,No,Yes,No internet,No,Month-to-month,Yes,Bank transfer,73.94,1167.76,Yes
CUST04040,Female,0,Yes,No,11,Yes,No,Fiber optic,Yes,Yes,No,No,No,Yes,Month-to-month,Yes,Electronic check,59.47,513.1,Yes
CUST04041,Female,0,No,No,7,Yes,No,No,No,Yes,No,No,No,No internet,Month-to-month,No,Mailed check,56.08,487.09,Yes
CUST04042,Male,0,Yes,No,70,Yes,No,Fiber optic,Yes,No,No internet,No,No internet,Yes,Month-to-month,Yes,Bank transfer,98.34,6967.91,Yes
CUST04043,Female,1,Yes,Yes,9,Yes,No phone service,No,No internet,Yes,No internet,Yes,No,No,Two year,No,Electronic check,65.1,637.13,No
CUST04044,Male,0,Yes,No,1,Yes,No,DSL,No internet,Yes,No,Yes,Yes,Yes,Month-to-month,No,Electronic check,32.61,0.0,Yes
CUST04045,Male,0,Yes,No,4,Yes,No,DSL,No,No internet,No,No internet,Yes,No internet,Month-to-month,No,Electronic check,59.42,140.89,Yes
CUST04046,Female,0,No,No,46,Yes,Yes,DSL,Yes,Yes,No,No,Yes,Yes,Two year,No,Electronic check,81.46,3681.08,No
CUST04047,Female,0,No,No,21,Yes,No,Fiber optic,No,No internet,No,No,No,No,Month-to-month,Yes,Electronic check,37.71,701.43,Yes
CUST04048,Female,0,No,No,36,Yes,Yes,Fiber optic,No,No,No,Yes,No,Yes,Two year,Yes,Mailed check,72.58,2643.35,No
CUST04049,Female,0,No,No,39,Yes,Yes,Fiber optic,Yes,No internet,No internet,No internet,No,No internet,Month-to-month,Yes,Bank transfer,79.27,3040.03,No
CUST04050,Female,1,Yes,No,41,No,Yes,DSL,No,No internet,No internet,No,No,No,Month-to-month,Yes,Credit card,90.94,3690.15,No
CUST04051,Female,0,Yes,No,19,Yes,No,Fiber optic,No,No,No internet,Yes,No internet,No,Month-to-month,No,Electronic check,72.05,1322.24,Yes
CUST04052,Male,0,No,No,4,Yes,Yes,No,No,No,Yes,Yes,No,Yes,Month-to-month,No,Electronic check,58.18,116.34,Yes
CUST04053,Male,0,No,Yes,3,Yes,No,DSL,No,No internet,No,Yes,No internet,No internet,One year,Yes,Bank transfer,66.45,145.28,No
CUST04054,Female,0,Yes,No,20,Yes,Yes,DSL,No,No,No,No internet,No internet,Yes,Month-to-month,No,Mailed check,45.03,1011.17,No
CUST04055,Male,0,Yes,Yes,10,Yes,No phone service,DSL,No,Yes,Yes,No,No,Yes,Two year,No,Electronic check,78.21,865.5,No
CUST04056,Female,0,Yes,Yes,19,Yes,No,DSL,No,No internet,No,No,Yes,Yes,Month-to-month,No,Mailed check,31.18,641.09,Yes
CUST04057,Male,0,No,No,16,Yes,Yes,Fiber optic,No,Yes,No internet,No,Yes,Yes,Month-to-month,Yes,Electronic check,70.88,1283.55,Yes
CUST04058,Male,0,No,No,22,Yes,Yes,Fiber optic,No,Yes,Yes,No,Yes,Yes,One year,No,Electronic check,46.68,973.8,No
CUST04059,Male,0,Yes,No,0,Yes,No phone service,No,Yes,No,Yes,No,Yes,No,Two year,Yes,Bank transfer,68.7,0.0,No
CUST04060,Female,0,No,No,0,Yes,No phone service,DSL,No,No,No internet,No internet,No,Yes,Month-to-month,Yes,Electronic check,60.82,100.05,Yes
CUST04061,Male,0,Yes,Yes,30,Yes,No,DSL,Yes,No,Yes,No,Yes,No,Month-to-month,Yes,Credit card,56.74,,Yes
CUST04062,Female,0,Yes,No,5,Yes,No,Fiber optic,No internet,No,No internet,Yes,Yes,Yes,Two year,Yes,Credit card,48.43,150.55,Yes
CUST04063,Male,0,No,Yes,25,Yes,No phone service,DSL,No internet,Yes,Yes,Yes,Yes,No,Two year,Yes,Bank transfer,55.82,1276.64,No
CUST04064,Male,0,Yes,Yes,18,Yes,No,DSL,No,No,No,No internet,Yes,No,Month-to-month,Yes,Electronic check,69.97,1167.09,Yes
CUST04065,Male,1,Yes,No,72,Yes,No phone service,DSL,Yes,No,No,Yes,No,Yes,Two year,No,Electronic check,74.88,5518.96,No
CUST04066,Male,1,No,No,43,Yes,Yes,Fiber optic,No,No,No,No,No,No,Month-to-month,No,Mailed check,77.98,3374.17,Yes
CUST04067,Male,0,No,Yes,12,Yes,No phone service,Fiber optic,No internet,No internet,No internet,Yes,No,Yes,Two year,No,Mailed check,63.25,790.29,No
CUST04068,Female,0,No,No,22,Yes,No,Fiber optic,No,No internet,Yes,No internet,Yes,Yes,One year,Yes,Credit card,32.45,718.7,No
CUST04069,Female,0,Yes,No,2,Yes,No,DSL,No,No,No,Yes,No internet,No,Two year,No,Electronic check,31.59,0.0,No
CUST04070,Male,0,Yes,Yes,11,Yes,Yes,No,Yes,No,No internet,No,Yes,No internet,Two year,No,Bank transfer,73.6,546.2,No
CUST04071,Male,0,No,Yes,31,Yes,No,DSL,No internet,No internet,No,No,Yes,Yes,Month-to-month,Yes,Bank transfer,37.11,985.89,No
CUST04072,Male,0,No,No,23,Yes,No,Fiber optic,No internet,No,No internet,No,Yes,No internet,Month-to-month,No,Credit card,46.97,1203.67,No
CUST04073,Male,0,No,Yes,15,Yes,Yes,Fiber optic,No,No,No,No,No,No,Month-to-month,No,Mailed check,82.17,1308.48,Yes
CUST04074,Female,0,Yes,No,4,Yes,No,DSL,No,No,No,No,No internet,No,Month-to-month,Yes,Bank transfer,57.55,391.08,Yes
CUST04075,Male,0,Yes,No,39,Yes,Yes,Fiber optic,No,No,No,No internet,No,No,Month-to-month,No,Credit card,88.84,3490.85,Yes
CUST04076,Female,0,No,No,7,No,No phone service,No,No,No internet,Yes,Yes,Yes,No internet,Two year,No,Electronic check,41.67,361.85,No
CUST04077,Male,0,No,No,41,Yes,Yes,DSL,No,Yes,No,Yes,No internet,Yes,Month-to-month,No,Electronic check,49.47,1900.17,No
CUST04078,Female,1,Yes,No,22,Yes,Yes,Fiber optic,No,No,Yes,No,No internet,No internet,Month-to-month,No,Mailed check,72.47,1435.48,Yes
CUST04079,Male,0,Yes,Yes,11,Yes,Yes,DSL,No internet,No internet,No,No,No internet,No internet,Month-to-month,No,Mailed check,62.14,790.87,No
CUST04080,Male,0,Yes,No,0,Yes,No,DSL,No internet,No internet,No internet,No,No,Yes,One year,No,Electronic check,25.23,28.93,No
CUST04081,Female,0,Yes,No,6,Yes,No,DSL,No,No,No,No,No internet,Yes,Month-to-month,No,Electronic check,53.07,318.66,Yes
CUST04082,Male,0,Yes,Yes,52,Yes,Yes,Fiber optic,No internet,No,No,No internet,No,No,Month-to-month,No,Electronic check,63.49,3251.31,Yes
CUST04083,Male,0,Yes,No,40,Yes,Yes,DSL,No,No,No,No,No internet,No internet,Two year,No,Bank transfer,70.99,3020.41,No
CUST04084,Male,0,No,Yes,20,Yes,No phone service,DSL,Yes,Yes,No,Yes,No,Yes,Two year,No,Mailed check,75.18,1419.15,No
CUST04085,Female,0,Yes,Yes,15,No,No phone service,DSL,No,No,No,No,Yes,Yes,Two year,Yes,Credit card,53.36,950.35,No
CUST04086,Male,0,No,No,25,Yes,Yes,DSL,No internet,No,No,No internet,Yes,No,Two year,No,Mailed check,80.17,2006.76,No
CUST04087,Male,0,Yes,No,15,No,Yes,DSL,Yes,Yes,No,No,No,No,Month-to-month,Yes,Bank transfer,53.98,609.0,No
CUST04088,Female,0,No,No,24,Yes,Yes,Fiber optic,No,No internet,No,No,No,No,One year,Yes,Mailed check,75.57,1875.9,No
CUST04089,Female,0,Yes,Yes,8,Yes,No,No,No internet,No,No,No internet,Yes,Yes,Month-to-month,Yes,Bank transfer,66.97,528.67,Yes
CUST04090,Female,0,No,No,43,Yes,Yes,Fiber optic,Yes,No internet,Yes,No,Yes,No internet,Month-to-month,Yes,Mailed check,81.09,3443.85,Yes
CUST04091,Male,0,No,Yes,29,Yes,Yes,Fiber optic,No,No,No,Yes,Yes,Yes,Month-to-month,Yes,Electronic check,67.82,1977.93,Yes
CUST04092,Male,0,No,No,9,Yes,Yes,No,Yes,No,No,No,Yes,No,Month-to-month,No,Credit card,80.86,469.32,Yes
CUST04093,Male,1,No,No,42,Yes,No phone service,Fiber optic,No,Yes,No,No internet,Yes,No internet,Month-to-month,No,Credit card,84.24,3557.52,Yes
CUST04094,Female,0,Yes,No,16,Yes,No,DSL,No,No,No,No,No,Yes,Month-to-month,Yes,Electronic check,69.0,1113.89,Yes
CUST04095,Male,1,No,No,4,Yes,No,No,No,No,No internet,No,No,No,One year,No,Credit card,40.01,345.59,No
CUST04096,Male,0,No,No,1,Yes,No,No,Yes,No internet,No,Yes,Yes,No internet,Month-to-month,No,Electronic check,61.52,295.03,Yes
CUST04097,Female,0,No,No,28,Yes,No,DSL,No internet,No,No internet,Yes,Yes,No,One year,Yes,Mailed check,79.25,2191.11,No
CUST04098,Female,1,Yes,No,48,Yes,No,Fiber optic,No,No,No,No,No,No,Month-to-month,Yes,Bank transfer,78.08,3846.44,Yes
CUST04099,Female,0,No,No,39,Yes,Yes,Fiber optic,No internet,No,No internet,No,Yes,No internet,Two year,Yes,Electronic check,88.37,3580.96,Yes
CUST04100,Female,0,Yes,No,25,Yes,No,Fiber optic,No,Yes,No internet,No,No,No,Month-to-month,No,Electronic check,47.72,1202.63,Yes
CUST04101,Female,0,Yes,No,3,No,No,No,No internet,No internet,Yes,No,Yes,No,One year,Yes,Mailed check,37.19,136.38,No
CUST04102,Male,0,Yes,No,2,Yes,No,Fiber optic,Yes,No,No internet,No,Yes,Yes,One year,No,Mailed check,56.98,76.44,No
CUST04103,Female,1,Yes,Yes,10,Yes,Yes,Fiber optic,Yes,No,No,Yes,No internet,Yes,Two year,Yes,Electronic check,70.13,570.34,No
CUST04104,Male,0,No,Yes,46,Yes,Yes,No,No,No,No,Yes,No,Yes,Month-to-month,Yes,Electronic check,64.9,3096.73,No
CUST04105,Male,0,No,No,72,Yes,No phone service,DSL,Yes,No,No,No,No internet,No,Month-to-month,Yes,Credit card,67.56,4766.58,Yes
CUST04106,Female,0,No,No,6,Yes,No,Fiber optic,No,Yes,Yes,No,Yes,No internet,Month-to-month,Yes,Mailed check,70.65,398.25,Yes
CUST04107,Female,0,No,No,34,Yes,No,Fiber optic,No,No,No,No internet,Yes,Yes,Month-to-month,No,Electronic check,43.37,1579.88,Yes
CUST04108,Female,0,Yes,No,20,Yes,No,No,Yes,No,No,No,Yes,Yes,Month-to-month,Yes,Bank transfer,66.64,1194.56,No
CUST04109,Male,0,No,No,0,Yes,Yes,No,No,No,No internet,No,No internet,Yes,Two year,Yes,Electronic check,37.36,0.0,No
CUST04110,Female,0,Yes,No,18,Yes,Yes,Fiber optic,Yes,No,No,No,No,No,Month-to-month,Yes,Electronic check,63.05,1277.27,Yes
CUST04111,Female,0,No,No,39,Yes,Yes,Fiber optic,No internet,No,Yes,No,Yes,No,Month-to-month,No,Credit card,67.6,2494.64,No
CUST04112,Female,1,No,Yes,7,Yes,Yes,Fiber optic,No,No,Yes,No,No,No,Month-to-month,No,Credit card,88.21,573.88,Yes
CUST04113,Female,0,No,No,54,Yes,No,Fiber optic,No internet,No,No,No,No,Yes,Month-to-month,No,Electronic check,97.9,5158.87,Yes
CUST04114,Female,0,No,No,6,Yes,Yes,Fiber optic,No,Yes,No,No,No,No internet,Two year,No,Credit card,50.42,400.39,No
CUST04115,Male,0,No,No,1,Yes,Yes,DSL,No,No internet,No,No,Yes,No internet,Two year,No,Credit card,68.0,261.99,No
CUST04116,Male,0,Yes,No,4,Yes,Yes,Fiber optic,No,No,Yes,No internet,No,Yes,Month-to-month,Yes,Bank transfer,24.14,217.09,Yes
CUST04117,Male,0,Yes,Yes,43,Yes,Yes,Fiber optic,Yes,No internet,No,No,Yes,Yes,Month-to-month,Yes,Mailed check,69.47,3023.88,No
CUST04118,Female,1,No,Yes,12,Yes,Yes,DSL,No internet,Yes,Yes,No internet,No,Yes,Two year,Yes,Electronic check,61.92,724.47,No
CUST04119,Female,0,Yes,No,38,Yes,Yes,Fiber optic,No,No internet,No internet,No internet,No internet,Yes,Month-to-month,Yes,Electronic check,38.31,1533.31,Yes
CUST04120,Female,1,No,Yes,18,Yes,Yes,No,No,Yes,No,No,Yes,No,One year,No,Bank transfer,62.27,1186.23,No
CUST04121,Male,0,Yes,Yes,15,Yes,Yes,No,Yes,Yes,No internet,Yes,No,Yes,Two year,No,Credit card,74.92,998.3,No
CUST04122,Female,0,Yes,No,39,Yes,Yes,Fiber optic,No internet,No,No internet,No,Yes,No internet,Month-to-month,Yes,Bank transfer,72.24,2706.84,Yes
CUST04123,Female,0,No,No,13,No,No,Fiber optic,No internet,No internet,No,No,Yes,No,Month-to-month,Yes,Electronic check,64.47,681.8,No
CUST04124,Female,0,Yes,No,38,Yes,Yes,Fiber optic,No,Yes,No,Yes,No internet,No,Month-to-month,No,Electronic check,52.57,2021.98,No
CUST04125,Male,0,Yes,Yes,2,Yes,Yes,DSL,No,No internet,No,No,No,Yes,Two year,No,Mailed check,37.5,47.56,No
CUST04126,Female,1,Yes,No,24,No,Yes,DSL,No,Yes,Yes,No internet,No internet,Yes,Month-to-month,Yes,Bank transfer,70.14,1744.02,No
CUST04127,Male,0,Yes,No,29,Yes,No,Fiber optic,Yes,Yes,No,No internet,No internet,Yes,Month-to-month,Yes,Electronic check,69.75,2145.94,Yes
CUST04128,Female,1,No,No,55,Yes,Yes,DSL,No,No,No,No,No internet,Yes,Two year,No,Bank transfer,96.63,5348.82,No
CUST04129,Male,0,Yes,No,6,No,No phone service,Fiber optic,Yes,No,Yes,No,No internet,Yes,Two year,No,Bank transfer,53.53,312.45,Yes
CUST04130,Male,0,No,No,22,Yes,Yes,Fiber optic,No,Yes,No internet,No internet,No internet,Yes,Month-to-month,Yes,Electronic check,52.58,1285.57,Yes
CUST04131,Male,0,No,No,13,Yes,Yes,No,Yes,Yes,Yes,No,No,No internet,Month-to-month,Yes,Electronic check,48.73,480.79,Yes
CUST04132,Female,0,Yes,No,11,Yes,Yes,Fiber optic,No,Yes,No,No,No,Yes,One year,Yes,Electronic check,45.23,503.76,No
CUST04133,Female,1,No,Yes,2,Yes,Yes,No,Yes,No,Yes,No,No internet,Yes,Month-to-month,No,Credit card,49.94,78.47,Yes
CUST04134,Male,0,No,Yes,3,Yes,No,Fiber optic,No,Yes,Yes,No,No internet,No,Month-to-month,Yes,Mailed check,38.59,100.27,Yes
CUST04135,Male,0,Yes,Yes,43,Yes,Yes,No,No,No,No internet,No internet,No internet,No,Two year,No,Mailed check,79.58,3369.7,No
CUST04136,Female,0,Yes,Yes,33,Yes,No,No,No,Yes,Yes,No,No,Yes,Month-to-month,Yes,Bank transfer,67.28,2350.62,No
CUST04137,Female,0,Yes,Yes,11,Yes,No,DSL,No,No,No,No,No internet,No,Month-to-month,No,Mailed check,63.46,523.92,Yes
CUST04138,Male,0,No,No,42,Yes,Yes,No,Yes,No,No,Yes,No,Yes,Month-to-month,No,Electronic check,66.61,2865.23,No
CUST04139,Female,0,No,Yes,2,Yes,No,Fiber optic,Yes,Yes,No,No,No,No,Month-to-month,Yes,Bank transfer,49.72,0.0,Yes
CUST04140,Female,0,No,No,23,Yes,No,Fiber optic,No,No,Yes,No,No internet,No internet,One year,Yes,Bank transfer,33.9,576.0,No
CUST04141,Female,0,No,No,48,Yes,Yes,No,No,Yes,Yes,No,No internet,Yes,Two year,Yes,Electronic check,85.32,4139.6,No
CUST04142,Female,0,No,Yes,43,Yes,Yes,DSL,No,No,No internet,Yes,No internet,No internet,One year,No,Electronic check,77.31,3376.13,No
CUST04143,Male,0,No,No,11,Yes,Yes,No,Yes,No,No internet,No,No internet,No,One year,Yes,Bank transfer,57.41,768.62,Yes
CUST04144,Female,0,No,Yes,32,Yes,Yes,No,No,Yes,No,No,No,No internet,One year,No,Bank transfer,79.74,2556.5,No
CUST04145,Female,0,Yes,No,13,Yes,Yes,No,No,Yes,No,No,No,Yes,Month-to-month,No,Electronic check,82.02,1161.48,Yes
CUST04146,Male,0,No,No,44,Yes,No,No,Yes,Yes,No,Yes,Yes,No internet,Month-to-month,Yes,Bank transfer,60.24,2739.13,Yes
CUST04147,Male,0,No,Yes,18,Yes,No,DSL,No,No,No,No internet,No,No,One year,No,Credit card,80.24,1459.82,No
CUST04148,Female,0,No,No,34,Yes,Yes,Fiber optic,No internet,No,No internet,No internet,No internet,Yes,Month-to-month,No,Electronic check,85.95,,Yes
CUST04149,Female,0,No,No,1,Yes,Yes,Fiber optic,Yes,No,No,No,No internet,No,Month-to-month,No,Mailed check,44.29,116.29,Yes
CUST04150,Female,0,Yes,Yes,21,Yes,Yes,DSL,No,No,No,Yes,Yes,No,Month-to-month,No,Bank transfer,44.13,1016.21,No
CUST04151,Female,0,No,No,19,Yes,Yes,No,No,Yes,No,No,No,No internet,Month-to-month,No,Electronic check,63.72,1120.69,Yes
CUST04152,Male,0,Yes,No,22,Yes,Yes,DSL,Yes,No,Yes,No,Yes,Yes,Month-to-month,Yes,Bank transfer,77.97,1679.22,No
CUST04153,Male,0,No,Yes,28,No,Yes,Fiber optic,No internet,Yes,No internet,No,Yes,No,One year,No,Credit card,45.11,1087.35,No
CUST04154,Male,0,Yes,No,60,No,Yes,DSL,No internet,No internet,No internet,No internet,No,No internet,Month-to-month,Yes,Credit card,61.29,3770.34,No
CUST04155,Female,0,No,Yes,36,Yes,Yes,DSL,No,Yes,No internet,No internet,Yes,No internet,Two year,No,Electronic check,76.78,2667.32,No
CUST04156,Female,0,No,No,5,No,Yes,Fiber optic,No,Yes,Yes,No,No,No internet,Month-to-month,No,Credit card,54.57,335.89,Yes
CUST04157,Female,0,No,Yes,41,Yes,Yes,Fiber optic,No,No,No,No,No,No internet,Month-to-month,Yes,Mailed check,83.32,3498.72,Yes
CUST04158,Female,0,Yes,No,3,Yes,Yes,DSL,Yes,Yes,No,Yes,Yes,No internet,Month-to-month,Yes,Electronic check,55.87,229.88,Yes
CUST04159,Male,0,No,No,23,Yes,Yes,DSL,Yes,No internet,No,No,No,Yes,Month-to-month,Yes,Electronic check,67.04,1552.76,Yes
CUST04160,Male,0,No,Yes,51,Yes,Yes,Fiber optic,No internet,No internet,No internet,No,No,Yes,Two year,Yes,Credit card,77.92,4073.38,No
CUST04161,Female,0,No,No,2,Yes,No,No,No internet,No,No internet,No,No internet,No internet,Month-to-month,No,Mailed check,51.6,93.92,Yes
CUST04162,Male,0,Yes,Yes,45,Yes,No,DSL,No,No internet,No,No,No,No,Month-to-month,No,Credit card,82.35,3809.6,Yes
CUST04163,Female,0,No,No,38,Yes,Yes,Fiber optic,Yes,No,Yes,No,Yes,Yes,Month-to-month,Yes,Electronic check,48.72,1808.33,Yes
CUST04164,Female,0,Yes,Yes,16,Yes,Yes,Fiber optic,No internet,Yes,No internet,No,No,No,Month-to-month,Yes,Bank transfer,57.31,1041.12,Yes
CUST04165,Male,0,No,No,8,Yes,Yes,No,No internet,No internet,No,Yes,No internet,Yes,Month-to-month,No,Electronic check,47.39,403.15,No
CUST04166,Female,0,Yes,No,12,Yes,Yes,DSL,No,No internet,No internet,Yes,No internet,Yes,Month-to-month,Yes,Electronic check,48.54,579.92,No
CUST04167,Female,0,No,No,72,Yes,Yes,DSL,No,Yes,Yes,No,No,No,Month-to-month,No,Credit card,95.4,6871.23,Yes
CUST04168,Male,1,No,Yes,5,Yes,Yes,DSL,No,No,No,Yes,No,Yes,Two year,Yes,Electronic check,74.74,494.6,No
CUST04169,Female,0,Yes,No,20,Yes,Yes,No,No internet,No internet,No,Yes,Yes,No internet,One year,No,Mailed check,71.78,1392.23,No
CUST04170,Female,0,Yes,No,2,Yes,No,No,No,No,Yes,No internet,Yes,No internet,Month-to-month,Yes,Credit card,63.18,153.22,Yes
CUST04171,Male,0,No,No,5,Yes,No phone service,No,Yes,Yes,Yes,No,No,No internet,One year,Yes,Credit card,56.67,184.56,No
CUST04172,Female,1,Yes,No,34,Yes,No,Fiber optic,No internet,Yes,No,No internet,No,Yes,Two year,Yes,Mailed check,55.57,1842.35,No
CUST04173,Male,0,No,No,8,Yes,No,DSL,Yes,No internet,No internet,Yes,No internet,Yes,One year,No,Bank transfer,50.27,455.2,No
CUST04174,Female,0,Yes,No,72,Yes,Yes,DSL,No internet,No,No internet,No internet,No internet,No,Month-to-month,Yes,Bank transfer,92.62,,Yes
CUST04175,Male,0,Yes,No,16,Yes,No,No,No,No,No,No,No,No internet,Month-to-month,No,Electronic check,60.24,1060.65,Yes
CUST04176,Male,0,Yes,Yes,17,Yes,Yes,Fiber optic,No,No internet,Yes,No,No,Yes,Month-to-month,Yes,Electronic check,71.87,1368.34,Yes
CUST04177,Male,1,No,No,0,Yes,No phone service,Fiber optic,No,Yes,No internet,No internet,Yes,No,Month-to-month,Yes,Electronic check,64.6,,Yes
CUST04178,Female,0,Yes,No,72,Yes,No,Fiber optic,Yes,No,Yes,No,Yes,No,Month-to-month,Yes,Mailed check,87.48,6243.27,Yes
CUST04179,Male,0,No,Yes,4,Yes,Yes,DSL,No,No,No,Yes,Yes,Yes,Month-to-month,Yes,Electronic check,40.07,250.14,Yes
CUST04180,Male,1,No,No,18,Yes,No,No,No,Yes,No,No internet,Yes,Yes,Two year,Yes,Electronic check,63.97,1182.52,Yes
CUST04181,Male,0,Yes,No,12,Yes,Yes,Fiber optic,No,No,Yes,No internet,No,No internet,Month-to-month,Yes,Mailed check,71.35,709.92,Yes
CUST04182,Male,0,No,No,12,Yes,Yes,Fiber optic,Yes,No internet,No internet,No,Yes,No,Month-to-month,No,Mailed check,51.43,534.33,Yes
CUST04183,Male,0,Yes,Yes,24,Yes,No,Fiber optic,No internet,Yes,No,Yes,No internet,Yes,One year,No,Mailed check,74.02,1791.86,No
CUST04184,Female,0,No,Yes,26,No,Yes,No,Yes,No internet,Yes,No internet,No,Yes,One year,No,Electronic check,36.67,1149.02,No
CUST04185,Female,0,Yes,No,4,Yes,No,DSL,No,No internet,No,No,Yes,Yes,Month-to-month,Yes,Bank transfer,39.58,255.18,Yes
CUST04186,Female,0,Yes,Yes,16,Yes,Yes,DSL,Yes,No internet,No,No,No,Yes,Month-to-month,Yes,Credit card,33.8,793.73,No
CUST04187,Female,0,No,No,37,Yes,Yes,DSL,No internet,No,No,No internet,Yes,No,Month-to-month,Yes,Electronic check,34.34,1273.23,No
CUST04188,Female,0,No,No,14,Yes,No,DSL,Yes,No internet,Yes,Yes,No,No,One year,Yes,Electronic check,29.56,176.77,No
CUST04189,Female,0,Yes,Yes,4,Yes,No phone service,Fiber optic,No internet,No,No,Yes,No internet,Yes,Month-to-month,Yes,Bank transfer,49.53,447.34,Yes
CUST04190,Female,0,No,No,9,No,Yes,Fiber optic,Yes,No internet,Yes,No,Yes,No,Month-to-month,Yes,Credit card,76.31,592.16,Yes
CUST04191,Male,1,Yes,No,5,Yes,Yes,No,Yes,No,No,Yes,Yes,No,Month-to-month,Yes,Electronic check,38.46,50.47,Yes
CUST04192,Female,0,No,Yes,3,Yes,No,Fiber optic,No,No,Yes,No,No,No internet,One year,Yes,Electronic check,51.83,243.56,Yes
CUST04193,Male,0,No,No,11,Yes,No,Fiber optic,No internet,Yes,No,Yes,Yes,No internet,One year,Yes,Electronic check,52.11,715.0,Yes
CUST04194,Male,1,Yes,Yes,18,Yes,Yes,No,No,Yes,No internet,No internet,No,Yes,Month-to-month,Yes,Bank transfer,69.75,1380.82,Yes
CUST04195,Female,0,Yes,No,1,Yes,No,No,No internet,No,Yes,Yes,No,No,Month-to-month,Yes,Credit card,47.15,91.23,Yes
CUST04196,Male,0,Yes,No,22,Yes,No,Fiber optic,Yes,Yes,Yes,No internet,No internet,Yes,One year,No,Bank transfer,50.86,931.83,No
CUST04197,Male,0,Yes,No,72,Yes,Yes,DSL,No internet,No,Yes,No,Yes,No,Two year,Yes,Bank transfer,52.37,3805.54,No
CUST04198,Male,0,Yes,No,72,Yes,Yes,DSL,Yes,No internet,No internet,No,Yes,Yes,Two year,Yes,Bank transfer,94.52,6943.6,Yes
CUST04199,Male,0,No,No,42,Yes,Yes,DSL,No,Yes,No,No internet,No internet,No,Two year,Yes,Electronic check,86.35,3673.46,No
CUST04200,Female,1,No,Yes,7,No,No,No,Yes,No internet,No,No,Yes,Yes,Month-to-month,Yes,Bank transfer,63.04,439.52,Yes
CUST04201,Female,0,Yes,No,0,Yes,No phone service,Fiber optic,No internet,Yes,Yes,No,No,Yes,Month-to-month,No,Electronic check,50.78,103.66,Yes
CUST04202,Female,0,No,No,43,Yes,No,Fiber optic,No internet,No,Yes,Yes,Yes,Yes,Month-to-month,Yes,Electronic check,51.13,2296.86,No
CUST04203,Female,0,No,No,1,Yes,No,No,No,No,No,No,No,No,Month-to-month,Yes,Electronic check,42.98,2.92,Yes
CUST04204,Female,0,No,No,5,Yes,No,Fiber optic,No,Yes,No,No internet,Yes,No internet,Month-to-month,No,Bank transfer,60.45,350.4,Yes
CUST04205,Female,0,Yes,No,18,Yes,Yes,DSL,No internet,No,No internet,No,No,No internet,Month-to-month,No,Bank transfer,43.8,780.36,No
CUST04206,Female,0,No,No,4,Yes,Yes,DSL,No internet,No,No,No,No,No internet,Month-to-month,No,Bank transfer,50.34,227.8,Yes
CUST04207,Female,0,Yes,No,43,Yes,Yes,No,No,No,No,No internet,No,No,Month-to-month,No,Electronic check,103.71,4455.75,Yes
CUST04208,Female,0,Yes,No,36,Yes,No phone service,Fiber optic,No internet,No internet,Yes,No,No,No,Two year,Yes,Electronic check,71.21,2535.89,No
CUST04209,Female,1,Yes,No,33,Yes,No,Fiber optic,No,Yes,No,No internet,Yes,No,Month-to-month,Yes,Electronic check,59.6,1894.52,Yes
CUST04210,Male,0,Yes,No,40,Yes,No,DSL,No,No,No,No,No internet,No,Month-to-month,No,Electronic check,111.8,4514.73,Yes
CUST04211,Female,0,Yes,No,5,No,Yes,DSL,No,No,No internet,No,No,Yes,Month-to-month,No,Mailed check,58.09,354.85,No
CUST04212,Male,0,No,No,31,Yes,No,DSL,No,No,No,Yes,No,Yes,Two year,No,Electronic check,53.17,1590.64,No
CUST04213,Male,0,Yes,Yes,10,Yes,Yes,Fiber optic,No,No,No,No,Yes,Yes,One year,Yes,Bank transfer,53.49,425.28,Yes
CUST04214,Male,0,No,No,26,Yes,No,Fiber optic,No,No internet,No,No,No internet,No,Month-to-month,Yes,Bank transfer,37.49,963.94,Yes
CUST04215,Male,1,Yes,Yes,3,Yes,Yes,No,No,No,No internet,Yes,No,Yes,Month-to-month,No,Mailed check,49.19,122.31,Yes
CUST04216,Female,0,No,Yes,29,Yes,Yes,No,No internet,No,Yes,Yes,Yes,No,One year,Yes,Mailed check,77.59,2350.5,No
CUST04217,Male,1,No,No,72,Yes,Yes,Fiber optic,No,No,No internet,No,Yes,No internet,Month-to-month,Yes,Electronic check,77.46,5677.52,Yes
CUST04218,Female,0,Yes,No,1,Yes,No,No,No,Yes,Yes,No,Yes,Yes,Two year,No,Mailed check,29.29,0.0,No
CUST04219,Female,1,Yes,No,2,Yes,No,No,Yes,No,No,No,No,Yes,Month-to-month,Yes,Credit card,75.12,129.47,Yes
CUST04220,Male,0,No,No,3,Yes,Yes,Fiber optic,No,No,No,No,Yes,Yes,Month-to-month,No,Bank transfer,84.45,285.38,Yes
CUST04221,Female,1,Yes,No,13,No,No,Fiber optic,Yes,Yes,No,No internet,Yes,Yes,Two year,No,Electronic check,74.76,935.6,No
CUST04222,Male,0,Yes,Yes,8,Yes,No,Fiber optic,No,No,Yes,Yes,No,Yes,Month-to-month,Yes,Credit card,80.53,784.5,Yes
CUST04223,Male,0,Yes,No,39,No,No,DSL,No,No internet,Yes,Yes,Yes,No,Month-to-month,No,Bank transfer,52.28,1889.23,No
CUST04224,Female,1,No,No,15,Yes,No,No,No,No,No,Yes,No internet,No,Month-to-month,No,Mailed check,74.45,1049.04,No
CUST04225,Female,0,No,No,15,Yes,Yes,No,No,No,Yes,Yes,Yes,No,Two year,Yes,Bank transfer,74.44,1122.37,No
CUST04226,Male,0,No,No,30,Yes,No phone service,DSL,No,No,No,No,Yes,Yes,Month-to-month,Yes,Electronic check,57.37,1647.15,Yes
CUST04227,Female,0,No,No,10,Yes,Yes,DSL,No,No internet,No internet,No,No,Yes,Month-to-month,Yes,Mailed check,40.73,366.6,Yes
CUST04228,Female,1,No,No,10,Yes,Yes,Fiber optic,No,No,No,No,Yes,No,Month-to-month,No,Bank transfer,63.42,451.96,Yes
CUST04229,Female,0,No,Yes,33,Yes,No,Fiber optic,No,No internet,Yes,No,No,No,Two year,Yes,Credit card,71.78,2490.06,No
CUST04230,Male,0,No,No,36,Yes,Yes,DSL,No internet,No internet,No,No,No internet,Yes,Month-to-month,Yes,Electronic check,64.59,2384.18,Yes
CUST04231,Male,0,Yes,No,0,Yes,No phone service,No,No,No,No internet,No,Yes,Yes,Month-to-month,Yes,Mailed check,53.13,0.0,Yes
CUST04232,Female,0,Yes,No,3,Yes,Yes,DSL,Yes,No,No internet,No,No internet,Yes,One year,Yes,Credit card,32.71,197.6,No
CUST04233,Female,0,No,No,5,Yes,Yes,Fiber optic,Yes,Yes,No,No,Yes,Yes,One year,Yes,Electronic check,56.98,262.44,Yes
CUST04234,Female,0,No,No,10,Yes,No phone service,No,No,No,Yes,No,No,Yes,Two year,Yes,Credit card,66.37,625.02,No
CUST04235,Female,0,Yes,No,8,Yes,No,Fiber optic,No,Yes,Yes,No,Yes,Yes,Month-to-month,Yes,Electronic check,58.14,479.26,Yes
CUST04236,Female,1,Yes,No,26,Yes,No,Fiber optic,Yes,No internet,No internet,No,No internet,No,Two year,Yes,Electronic check,61.31,1553.55,No
CUST04237,Male,0,No,No,42,Yes,Yes,No,No,Yes,No,No internet,No,No,Month-to-month,No,Electronic check,46.81,1963.02,No
CUST04238,Female,0,No,Yes,5,Yes,No,No,Yes,Yes,No,No internet,No internet,Yes,Month-to-month,No,Bank transfer,53.93,167.97,Yes
CUST04239,Male,0,Yes,Yes,19,Yes,Yes,DSL,Yes,No internet,Yes,No,No,No,Two year,Yes,Electronic check,50.92,930.76,No
CUST04240,Female,0,No,Yes,11,Yes,Yes,DSL,No,No,No,No,No,No internet,Month-to-month,No,Mailed check,79.8,805.89,Yes
CUST04241,Male,0,No,Yes,16,Yes,No,Fiber optic,No internet,Yes,No,No,No,No,One year,Yes,Electronic check,79.28,1315.78,No
CUST04242,Female,0,No,No,23,Yes,No phone service,No,Yes,No,Yes,No,No,Yes,Two year,Yes,Electronic check,33.49,758.9,No
CUST04243,Male,0,Yes,No,53,Yes,Yes,No,No,No,No,No,No internet,No,One year,Yes,Mailed check,72.53,3836.58,No
CUST04244,Female,0,Yes,Yes,5,Yes,Yes,DSL,No,No,Yes,No internet,No,No,Month-to-month,Yes,Electronic check,41.12,108.39,Yes
CUST04245,Male,0,Yes,No,2,Yes,No,Fiber optic,Yes,No,No internet,Yes,No,Yes,Two year,Yes,Electronic check,33.19,134.58,Yes
CUST04246,Male,0,Yes,Yes,23,Yes,No,Fiber optic,Yes,No,No,Yes,No,Yes,Month-to-month,Yes,Mailed check,58.96,1400.65,Yes
CUST04247,Male,0,No,No,12,Yes,Yes,DSL,Yes,Yes,Yes,No,No internet,No,Month-to-month,Yes,Bank transfer,44.15,646.81,Yes
CUST04248,Male,0,Yes,Yes,4,Yes,No,Fiber optic,No internet,No,No,No,No internet,No,Month-to-month,Yes,Electronic check,38.3,187.39,Yes
CUST04249,Male,0,No,Yes,2,Yes,Yes,Fiber optic,No,Yes,No internet,No,Yes,No,Month-to-month,Yes,Mailed check,35.74,63.47,Yes
CUST04250,Male,0,Yes,Yes,19,Yes,Yes,DSL,No,No,No internet,Yes,No,No,One year,No,Electronic check,79.4,1570.43,No
CUST04251,Female,0,Yes,No,8,Yes,Yes,Fiber optic,Yes,No,Yes,No,No internet,No,Month-to-month,Yes,Mailed check,51.03,336.76,Yes
CUST04252,Male,0,No,No,72,Yes,Yes,No,No,No,Yes,No,Yes,No,One year,No,Credit card,85.06,6081.47,No
CUST04253,Female,0,No,Yes,12,Yes,Yes,No,No,No,No,Yes,Yes,No internet,Two year,Yes,Credit card,74.92,845.09,No
CUST04254,Female,0,Yes,No,5,Yes,Yes,No,Yes,No,Yes,No internet,No,No,Month-to-month,Yes,Electronic check,47.76,363.33,Yes
CUST04255,Female,0,No,Yes,23,Yes,Yes,No,No,No,No,No,No,Yes,One year,No,Bank transfer,66.3,1515.54,No
CUST04256,Female,0,Yes,No,6,No,No,DSL,No,No,No,No internet,No,No,Two year,No,Bank transfer,42.15,264.74,No
CUST04257,Female,1,No,No,16,Yes,No,No,Yes,No,No,No,Yes,No,One year,Yes,Credit card,60.55,906.19,No
CUST04258,Male,1,No,Yes,15,Yes,Yes,DSL,No,No,Yes,No,Yes,Yes,Month-to-month,Yes,Credit card,69.33,1068.43,Yes
CUST04259,Male,0,Yes,No,14,Yes,Yes,No,No,No internet,Yes,No internet,No internet,No,Month-to-month,Yes,Mailed check,60.0,837.13,Yes
CUST04260,Male,0,No,No,38,No,Yes,Fiber optic,No,No,No,No,Yes,No,Month-to-month,No,Credit card,80.18,3183.91,No
CUST04261,Female,0,No,No,5,Yes,No phone service,DSL,No,No internet,No,No internet,No internet,No,Month-to-month,Yes,Credit card,68.57,331.55,Yes
CUST04262,Male,0,Yes,No,56,Yes,No,Fiber optic,No internet,No,No,No,No,Yes,Month-to-month,No,Mailed check,77.2,4389.67,No
CUST04263,Male,0,Yes,No,37,Yes,No,Fiber optic,No,No,Yes,Yes,Yes,Yes,One year,No,Mailed check,84.7,3037.71,No
CUST04264,Male,0,No,No,9,Yes,Yes,Fiber optic,No internet,No internet,No internet,No,No internet,No,Month-to-month,Yes,Bank transfer,42.16,387.89,Yes
CUST04265,Male,0,Yes,No,4,Yes,Yes,Fiber optic,No internet,No,No,No,Yes,No,Two year,No,Mailed check,62.6,286.38,No
CUST04266,Male,0,Yes,No,7,Yes,Yes,No,No internet,No,Yes,No internet,Yes,No,Two year,No,Bank transfer,42.47,203.58,No
CUST04267,Female,0,No,No,9,Yes,Yes,Fiber optic,Yes,No,No,No internet,No internet,Yes,Month-to-month,Yes,Mailed check,43.99,419.42,Yes
CUST04268,Male,0,Yes,No,19,Yes,No,Fiber optic,No,No,No,Yes,No internet,Yes,Month-to-month,Yes,Electronic check,74.97,1314.35,Yes
CUST04269,Female,0,Yes,No,1,No,No,No,Yes,No,Yes,No internet,No,Yes,One year,No,Credit card,18.0,0.0,No
CUST04270,Female,0,No,No,58,Yes,No,DSL,No,Yes,Yes,No,Yes,No,One year,Yes,Credit card,88.94,5176.97,No
CUST04271,Female,0,No,No,2,Yes,No phone service,Fiber optic,No,No internet,No,No,Yes,No,Two year,No,Electronic check,53.98,208.0,Yes
CUST04272,Female,0,Yes,No,7,Yes,Yes,No,Yes,No,Yes,Yes,Yes,Yes,Month-to-month,Yes,Bank transfer,56.02,181.13,Yes
CUST04273,Female,0,Yes,No,2,Yes,No,Fiber optic,No internet,Yes,Yes,Yes,No,Yes,Month-to-month,Yes,Mailed check,75.27,225.13,Yes
CUST04274,Male,0,No,Yes,7,Yes,No,Fiber optic,No,No internet,No internet,No,No internet,No,Two year,No,Bank transfer,37.4,372.39,No
CUST04275,Male,0,No,No,43,Yes,Yes,DSL,No internet,No internet,Yes,Yes,Yes,No,Month-to-month,Yes,Mailed check,53.85,2112.94,No
CUST04276,Male,0,Yes,No,22,Yes,No,DSL,No,No,Yes,Yes,Yes,No internet,One year,Yes,Mailed check,77.65,1696.59,No
CUST04277,Female,0,Yes,No,6,Yes,No,DSL,No,No,Yes,No,No,Yes,Month-to-month,No,Mailed check,49.84,174.39,Yes
CUST04278,Male,1,Yes,Yes,49,Yes,Yes,DSL,Yes,No internet,No internet,No,No internet,Yes,Two year,No,Credit card,102.7,5230.36,No
CUST04279,Male,0,No,Yes,38,Yes,Yes,Fiber optic,No,No,No internet,Yes,No,No,Month-to-month,Yes,Bank transfer,78.88,3005.32,Yes
CUST04280,Female,0,No,No,33,Yes,Yes,DSL,No,No internet,Yes,No,No,No internet,One year,No,Mailed check,71.46,2188.94,No
CUST04281,Female,0,No,No,45,Yes,Yes,DSL,No internet,No,No internet,No,No,No internet,Month-to-month,Yes,Bank transfer,69.38,3214.68,Yes
CUST04282,Female,1,No,No,23,Yes,Yes,No,Yes,No,Yes,No,No internet,Yes,Two year,No,Credit card,67.71,1518.54,No
CUST04283,Female,0,No,No,16,No,No,DSL,Yes,No internet,No,No,No internet,No,Month-to-month,Yes,Electronic check,87.8,1407.21,No
CUST04284,Male,1,Yes,No,11,Yes,No,Fiber optic,Yes,No,No,No,No internet,No internet,Month-to-month,Yes,Mailed check,56.32,512.64,Yes
CUST04285,Female,0,No,No,6,Yes,Yes,DSL,No internet,No,No,Yes,No,No internet,Month-to-month,No,Credit card,68.61,486.43,Yes
CUST04286,Female,0,No,No,19,Yes,Yes,Fiber optic,No,Yes,Yes,No,Yes,Yes,Two year,No,Bank transfer,45.66,919.95,No
CUST04287,Male,1,No,No,52,Yes,No,DSL,No internet,No,No internet,Yes,No internet,Yes,One year,No,Credit card,72.62,3854.2,No
CUST04288,Male,0,Yes,No,21,Yes,Yes,DSL,No,Yes,No,Yes,No,No,Month-to-month,Yes,Electronic check,63.24,1280.39,Yes
CUST04289,Female,0,No,No,60,No,Yes,No,No,No internet,No internet,Yes,No internet,No,Month-to-month,No,Credit card,77.71,4571.55,Yes
CUST04290,Male,0,Yes,No,10,No,No,Fiber optic,No,No,No,No internet,Yes,No,Month-to-month,Yes,Credit card,69.41,778.9,Yes
CUST04291,Female,0,Yes,Yes,28,Yes,Yes,Fiber optic,No,No,No,No,No,No,Month-to-month,Yes,Credit card,59.84,1777.91,Yes
CUST04292,Female,0,No,Yes,25,Yes,No,DSL,No,No internet,No,No internet,Yes,No internet,Month-to-month,No,Bank transfer,54.72,1184.28,No
CUST04293,Male,0,No,No,26,Yes,Yes,Fiber optic,No,Yes,Yes,Yes,Yes,Yes,Two year,Yes,Electronic check,43.92,1176.39,No
CUST04294,Male,0,Yes,No,24,Yes,No,Fiber optic,No,No,Yes,No,Yes,Yes,Month-to-month,Yes,Mailed check,97.05,2354.69,Yes
CUST04295,Female,0,No,No,6,Yes,No,DSL,Yes,No internet,No,No,No,No,One year,No,Mailed check,30.78,185.83,No
CUST04296,Female,1,Yes,Yes,3,Yes,No phone service,Fiber optic,Yes,Yes,Yes,No,Yes,No internet,Two year,No,Mailed check,108.24,388.06,Yes
CUST04297,Female,0,Yes,No,72,Yes,No,DSL,No,Yes,No,No,Yes,No internet,Two year,No,Bank transfer,96.06,6670.46,No
CUST04298,Male,0,Yes,No,1,Yes,Yes,Fiber optic,No,No internet,No internet,No internet,No internet,Yes,One year,Yes,Bank transfer,57.25,227.6,No
CUST04299,Female,0,No,No,15,Yes,Yes,No,No,No,Yes,Yes,No internet,Yes,Month-to-month,Yes,Electronic check,34.9,758.99,No
CUST04300,Female,0,No,No,13,Yes,Yes,DSL,Yes,Yes,No,No,No internet,Yes,One year,Yes,Bank transfer,64.7,866.43,No
CUST04301,Female,0,No,No,10,Yes,No,Fiber optic,No,Yes,No,No internet,Yes,Yes,Month-to-month,Yes,Electronic check,31.72,368.25,Yes
CUST04302,Female,1,No,No,36,Yes,No,Fiber optic,Yes,No internet,No internet,Yes,No,No,Month-to-month,Yes,Electronic check,75.53,2643.9,Yes
CUST04303,Female,0,Yes,No,32,Yes,No phone service,DSL,No,No,No internet,No,No,Yes,One year,Yes,Mailed check,82.48,2713.17,No
CUST04304,Male,0,Yes,Yes,56,Yes,Yes,No,No internet,No,Yes,No internet,No,Yes,Two year,Yes,Bank transfer,56.36,3153.54,No
CUST04305,Female,0,No,Yes,12,Yes,Yes,DSL,No,No,Yes,No,No,Yes,Month-to-month,Yes,Credit card,65.81,767.77,No
CUST04306,Female,0,Yes,Yes,19,Yes,Yes,Fiber optic,Yes,No internet,Yes,No,No,Yes,Month-to-month,No,Mailed check,54.07,,Yes
CUST04307,Female,1,No,No,53,Yes,No,Fiber optic,No internet,No internet,Yes,No,No,No internet,One year,Yes,Credit card,94.96,4940.95,No
CUST04308,Female,0,No,Yes,72,Yes,Yes,DSL,No,No,Yes,No,No,No internet,Month-to-month,No,Electronic check,65.86,4872.23,No
CUST04309,Male,0,No,Yes,72,Yes,Yes,Fiber optic,No,No internet,Yes,No,Yes,No,One year,Yes,Credit card,105.9,7787.43,No
CUST04310,Male,0,Yes,Yes,30,Yes,No,Fiber optic,Yes,No,No,Yes,No,No,Month-to-month,Yes,Credit card,75.41,2181.38,Yes
CUST04311,Male,0,Yes,Yes,3,Yes,Yes,No,No,Yes,No internet,Yes,No,Yes,Month-to-month,Yes,Bank transfer,38.88,159.44,Yes
CUST04312,Female,0,Yes,No,0,No,Yes,Fiber optic,No,Yes,No internet,Yes,Yes,Yes,Month-to-month,Yes,Electronic check,38.34,80.43,Yes
CUST04313,Female,0,Yes,Yes,41,Yes,Yes,Fiber optic,No,No,Yes,Yes,Yes,No internet,Two year,Yes,Mailed check,89.55,,No
CUST04314,Male,0,No,No,44,Yes,No phone service,Fiber optic,No internet,No,No internet,Yes,Yes,Yes,One year,No,Electronic check,65.59,,No
CUST04315,Male,0,Yes,No,32,Yes,No phone service,Fiber optic,No,Yes,No internet,No,Yes,Yes,Two year,Yes,Bank transfer,53.37,1647.87,No
CUST04316,Male,0,Yes,Yes,7,Yes,Yes,No,Yes,No,No internet,No internet,No,No,Month-to-month,No,Electronic check,61.32,547.43,Yes
CUST04317,Female,1,Yes,No,24,Yes,Yes,Fiber optic,No internet,No internet,No,Yes,Yes,No,Two year,No,Mailed check,81.66,2050.8,No
CUST04318,Female,1,Yes,No,9,Yes,No,DSL,Yes,Yes,Yes,Yes,No,No,Month-to-month,Yes,Electronic check,56.17,575.31,Yes
CUST04319,Male,0,No,No,14,Yes,No,Fiber optic,No,No,No,No,No,No internet,Two year,Yes,Electronic check,78.48,1059.68,No
CUST04320,Male,0,Yes,Yes,11,Yes,Yes,Fiber optic,No,No,No internet,Yes,Yes,Yes,Month-to-month,No,Electronic check,55.47,644.4,Yes
CUST04321,Male,0,Yes,No,58,Yes,No,DSL,No internet,No internet,Yes,No,No,No internet,Month-to-month,No,Electronic check,92.69,5490.89,Yes
CUST04322,Female,0,Yes,No,6,Yes,No,DSL,No,Yes,Yes,No,No,No,Month-to-month,No,Bank transfer,66.64,544.88,Yes
CUST04323,Female,0,Yes,Yes,20,Yes,No phone service,Fiber optic,No internet,No,No,Yes,Yes,No internet,One year,No,Electronic check,40.15,724.79,No
CUST04324,Female,0,Yes,Yes,10,Yes,No,No,No,No,No internet,No internet,No,No,Month-to-month,Yes,Bank transfer,72.37,515.76,Yes
CUST04325,Male,1,Yes,No,26,Yes,Yes,DSL,Yes,No,Yes,Yes,No,No internet,Two year,Yes,Bank transfer,88.34,2182.57,No
CUST04326,Male,1,Yes,No,19,Yes,No,Fiber optic,No,Yes,No internet,No internet,Yes,Yes,Month-to-month,No,Electronic check,74.53,1364.14,Yes
CUST04327,Female,0,No,No,61,Yes,Yes,Fiber optic,No,No,Yes,No,No,No,Month-to-month,Yes,Electronic check,44.33,2730.28,Yes
CUST04328,Male,0,No,No,2,Yes,No,DSL,Yes,No,No,Yes,Yes,No internet,Month-to-month,Yes,Mailed check,54.52,161.57,Yes
CUST04329,Female,0,No,Yes,5,Yes,No,No,Yes,Yes,Yes,Yes,No,Yes,Month-to-month,No,Credit card,38.86,187.75,Yes
CUST04330,Male,0,Yes,No,34,Yes,No,Fiber optic,No,No internet,Yes,No,Yes,No internet,One year,Yes,Mailed check,46.52,1618.97,No
CUST04331,Male,0,Yes,No,11,Yes,Yes,Fiber optic,No internet,Yes,Yes,No,Yes,No internet,One year,Yes,Mailed check,53.15,649.9,No
CUST04332,Male,0,No,No,4,Yes,No,DSL,No,Yes,No,No internet,Yes,Yes,Two year,No,Bank transfer,19.3,16.97,Yes
CUST04333,Male,1,Yes,No,16,Yes,No,DSL,No,Yes,No internet,Yes,Yes,No,Month-to-month,Yes,Credit card,66.44,1021.34,No
CUST04334,Female,0,No,No,25,Yes,Yes,DSL,Yes,Yes,Yes,No,Yes,No internet,Two year,No,Credit card,78.89,2027.32,No
CUST04335,Male,0,Yes,No,1,Yes,Yes,Fiber optic,Yes,No,No,Yes,No internet,No,Month-to-month,No,Mailed check,58.74,99.39,Yes
CUST04336,Female,0,Yes,No,8,Yes,Yes,No,No,Yes,No,No internet,No internet,No,Two year,Yes,Electronic check,71.58,441.18,No
CUST04337,Female,0,No,No,39,Yes,No,Fiber optic,Yes,No,No internet,No,No,Yes,Month-to-month,Yes,Bank transfer,64.73,2601.22,Yes
CUST04338,Female,0,Yes,No,17,Yes,Yes,Fiber optic,No,Yes,Yes,No internet,No internet,No,One year,No,Electronic check,65.3,1122.37,No
CUST04339,Male,1,Yes,No,0,Yes,Yes,No,Yes,Yes,No,No,Yes,Yes,One year,Yes,Mailed check,43.67,0.0,No
CUST04340,Female,0,Yes,No,7,No,Yes,No,No,No,Yes,Yes,No,No,Month-to-month,Yes,Bank transfer,24.31,148.51,Yes
CUST04341,Female,0,Yes,No,24,Yes,No,Fiber optic,No,No internet,No internet,No,No internet,No internet,Month-to-month,No,Bank transfer,45.33,1065.43,No
CUST04342,Female,0,Yes,No,5,No,No,DSL,Yes,No internet,No,Yes,No,No internet,One year,No,Bank transfer,41.41,117.2,No
CUST04343,Male,0,No,Yes,42,Yes,Yes,DSL,No,Yes,No,Yes,No,Yes,Month-to-month,Yes,Electronic check,59.3,2503.5,Yes
CUST04344,Male,0,No,No,27,Yes,No phone service,DSL,No,Yes,Yes,No internet,No,No,Month-to-month,Yes,Credit card,81.92,2240.02,Yes
CUST04345,Female,0,No,No,15,Yes,No,Fiber optic,Yes,No,Yes,No,Yes,No internet,One year,No,Electronic check,55.23,951.82,No
CUST04346,Male,0,Yes,No,59,Yes,Yes,Fiber optic,No,Yes,No internet,No internet,No internet,No,One year,No,Electronic check,111.64,6423.12,No
CUST04347,Female,0,No,No,11,Yes,Yes,No,No,No,No,No,Yes,Yes,Two year,Yes,Bank transfer,78.37,874.73,No
CUST04348,Female,0,No,Yes,6,Yes,No,Fiber optic,Yes,No,Yes,Yes,No,Yes,Month-to-month,No,Credit card,37.87,180.81,Yes
CUST04349,Male,0,Yes,No,25,Yes,No,Fiber optic,No,Yes,No,No internet,Yes,No,Month-to-month,Yes,Mailed check,77.89,1913.09,Yes
CUST04350,Female,0,No,Yes,20,No,Yes,Fiber optic,No,No,No internet,No,No,No internet,Month-to-month,Yes,Bank transfer,75.7,1718.38,Yes
CUST04351,Male,0,No,Yes,9,No,No,DSL,Yes,Yes,Yes,Yes,No,No internet,One year,Yes,Mailed check,49.11,545.43,No
CUST04352,Male,0,No,No,10,Yes,Yes,DSL,No internet,No,No internet,Yes,No,No,Two year,Yes,Electronic check,55.3,668.78,No
CUST04353,Female,0,Yes,No,12,Yes,No,Fiber optic,No,No,No,Yes,No,No internet,Two year,No,Bank transfer,46.11,580.59,No
CUST04354,Male,0,Yes,No,8,Yes,No,DSL,No,No,Yes,Yes,No,Yes,Two year,Yes,Mailed check,89.75,730.44,Yes
CUST04355,Male,0,No,No,29,Yes,No,Fiber optic,No internet,No internet,No internet,Yes,No,Yes,Two year,No,Credit card,88.75,2458.46,No
CUST04356,Female,0,Yes,Yes,25,No,Yes,DSL,No internet,No internet,No,Yes,No,No internet,Two year,Yes,Electronic check,58.13,1624.58,No
CUST04357,Female,0,No,No,13,Yes,No phone service,Fiber optic,No,No,No,No,No internet,No internet,Month-to-month,Yes,Electronic check,79.94,943.29,Yes
CUST04358,Male,0,No,No,12,Yes,No,DSL,Yes,No,No,No internet,No,Yes,Two year,Yes,Mailed check,49.32,634.38,No
CUST04359,Male,0,No,Yes,10,Yes,No,DSL,No,Yes,Yes,No,No,No,Two year,Yes,Mailed check,69.26,653.98,No
CUST04360,Female,0,Yes,No,7,Yes,Yes,No,No,No internet,No,No,No,No,Month-to-month,Yes,Mailed check,57.34,366.84,Yes
CUST04361,Male,0,No,No,2,Yes,Yes,Fiber optic,No,No,No,Yes,No internet,Yes,Month-to-month,Yes,Electronic check,49.67,0.0,Yes
CUST04362,Male,0,Yes,No,7,Yes,No phone service,Fiber optic,No,No,Yes,Yes,No,Yes,Month-to-month,No,Electronic check,38.21,296.0,No
CUST04363,Male,0,No,No,9,Yes,No phone service,Fiber optic,No,Yes,No,No,No internet,Yes,Two year,No,Credit card,45.78,228.99,No
CUST04364,Male,0,No,No,19,Yes,Yes,Fiber optic,No internet,No,No,Yes,Yes,Yes,One year,No,Mailed check,68.64,1057.74,No
CUST04365,Male,1,Yes,No,35,No,Yes,Fiber optic,No internet,No internet,Yes,No internet,No,Yes,Month-to-month,No,Bank transfer,78.55,2692.19,Yes
CUST04366,Male,0,No,No,12,Yes,Yes,No,Yes,Yes,Yes,Yes,Yes,No,One year,No,Mailed check,51.01,655.5,No
CUST04367,Male,0,Yes,Yes,69,Yes,Yes,DSL,No,No internet,No,No,Yes,Yes,Month-to-month,Yes,Bank transfer,106.33,7220.59,Yes
CUST04368,Female,0,Yes,No,42,Yes,Yes,No,No,Yes,No,No,No internet,Yes,Two year,No,Bank transfer,72.94,2866.27,No
CUST04369,Female,0,Yes,Yes,72,Yes,Yes,No,No,No,No internet,No,No,Yes,Two year,Yes,Bank transfer,86.02,6376.8,No
CUST04370,Female,0,Yes,No,50,Yes,No,DSL,No internet,Yes,No,No internet,No,No internet,Two year,No,Electronic check,66.93,3550.25,No
CUST04371,Female,0,Yes,No,23,Yes,Yes,Fiber optic,No,No,No,No,No,No internet,Month-to-month,No,Mailed check,65.93,1583.26,Yes
CUST04372,Female,1,Yes,No,21,No,No phone service,Fiber optic,No,No,No,No,No,No,Two year,Yes,Electronic check,79.39,1628.6,No
CUST04373,Male,1,No,Yes,3,Yes,No,No,No internet,Yes,Yes,No,No,Yes,Month-to-month,No,Bank transfer,63.71,242.67,Yes
CUST04374,Male,0,No,No,30,Yes,Yes,DSL,Yes,No,No,No,No internet,Yes,Month-to-month,Yes,Mailed check,73.83,2279.95,No
CUST04375,Male,0,No,Yes,22,Yes,No phone service,Fiber optic,No internet,Yes,No internet,No internet,No internet,Yes,Month-to-month,Yes,Electronic check,51.1,1180.02,No
CUST04376,Male,0,Yes,No,16,Yes,No,No,No,No,No,Yes,No,No,One year,Yes,Bank transfer,41.75,742.34,No
CUST04377,Female,0,No,No,28,Yes,Yes,DSL,Yes,No internet,No,No,Yes,No,Two year,Yes,Electronic check,60.12,1740.59,No
CUST04378,Male,0,No,No,14,Yes,No,DSL,No,Yes,No,No internet,No,Yes,One year,No,Credit card,63.39,852.32,No
CUST04379,Male,0,Yes,Yes,17,No,Yes,No,No,No,No,No internet,No,Yes,Two year,Yes,Electronic check,73.99,1263.6,No
CUST04380,Female,0,No,No,12,Yes,No,No,Yes,Yes,Yes,No,No,No,Month-to-month,No,Credit card,89.53,1152.03,Yes
CUST04381,Male,0,Yes,No,30,Yes,No,Fiber optic,No,Yes,No internet,No,Yes,Yes,Month-to-month,No,Mailed check,74.67,2282.11,No
CUST04382,Male,0,No,No,50,Yes,Yes,Fiber optic,No internet,No,No internet,No internet,No,No,Month-to-month,Yes,Electronic check,44.55,2317.05,Yes
CUST04383,Female,1,Yes,No,44,Yes,Yes,No,Yes,No,No internet,Yes,No internet,Yes,Month-to-month,Yes,Electronic check,99.58,4295.09,Yes
CUST04384,Male,0,Yes,Yes,37,Yes,No,No,Yes,No,No internet,Yes,Yes,No,Two year,Yes,Electronic check,74.75,2796.05,No
CUST04385,Male,0,No,No,0,Yes,Yes,Fiber optic,No,No,Yes,Yes,Yes,No internet,One year,No,Electronic check,39.62,0.0,No
CUST04386,Male,0,Yes,No,58,Yes,Yes,Fiber optic,No internet,Yes,No,Yes,No internet,Yes,Month-to-month,No,Electronic check,91.36,5306.01,Yes
CUST04387,Male,0,Yes,No,7,Yes,No phone service,Fiber optic,No,Yes,Yes,No,No internet,Yes,One year,Yes,Electronic check,59.83,351.17,Yes
CUST04388,Male,0,No,No,52,Yes,No,DSL,Yes,Yes,Yes,Yes,No,Yes,Month-to-month,Yes,Electronic check,68.75,3545.64,No
CUST04389,Female,0,No,Yes,5,No,Yes,DSL,No internet,No internet,No internet,No,Yes,No,Month-to-month,Yes,Mailed check,54.32,363.58,Yes
CUST04390,Female,0,No,No,13,Yes,No,No,No internet,Yes,No,No,No internet,No internet,Month-to-month,Yes,Mailed check,43.07,616.55,Yes
CUST04391,Female,0,Yes,Yes,33,Yes,Yes,DSL,No,Yes,Yes,Yes,No internet,No internet,One year,No,Bank transfer,63.51,1996.55,No
CUST04392,Female,0,Yes,No,24,Yes,No,DSL,Yes,Yes,No,Yes,No,No internet,Two year,No,Electronic check,42.42,970.56,No
CUST04393,Female,0,No,No,12,No,No,Fiber optic,No,No,No internet,No,No internet,Yes,Month-to-month,Yes,Credit card,62.38,831.57,Yes
CUST04394,Female,0,Yes,No,27,Yes,No,DSL,Yes,No,Yes,No,No,Yes,Month-to-month,No,Mailed check,69.06,2050.76,No
CUST04395,Male,1,Yes,No,19,Yes,No,DSL,Yes,Yes,No,No,No,Yes,Month-to-month,Yes,Bank transfer,86.51,1728.33,Yes
CUST04396,Female,0,No,Yes,7,Yes,Yes,Fiber optic,Yes,No internet,No,No,No internet,No,Month-to-month,Yes,Electronic check,68.55,414.45,Yes
CUST04397,Female,0,Yes,Yes,24,Yes,No,Fiber optic,No internet,No,Yes,No,No,No,One year,No,Mailed check,52.11,1233.99,No
CUST04398,Male,0,Yes,Yes,5,Yes,No,DSL,Yes,No,No internet,No internet,No,No,Month-to-month,Yes,Mailed check,58.3,325.63,Yes
CUST04399,Male,1,Yes,Yes,28,Yes,No,Fiber optic,No,No,No,Yes,No internet,Yes,One year,Yes,Credit card,80.32,2282.22,Yes
CUST04400,Female,0,Yes,No,0,Yes,Yes,Fiber optic,Yes,Yes,Yes,No,Yes,No,Month-to-month,Yes,Credit card,38.0,19.55,Yes
CUST04401,Male,0,Yes,Yes,19,Yes,No,DSL,No,No,No,No,No,No,Month-to-month,Yes,Bank transfer,73.11,1300.71,No
CUST04402,Female,0,Yes,No,12,Yes,No,No,No,No internet,No,Yes,Yes,No internet,Month-to-month,Yes,Bank transfer,51.26,570.88,Yes
CUST04403,Male,0,Yes,No,8,Yes,No,DSL,Yes,Yes,Yes,Yes,Yes,Yes,Month-to-month,No,Bank transfer,44.31,379.64,Yes
CUST04404,Female,0,No,No,17,Yes,No,Fiber optic,No internet,No internet,Yes,Yes,Yes,No,Two year,Yes,Electronic check,55.98,910.17,No
CUST04405,Male,1,No,No,24,No,No,Fiber optic,Yes,No internet,No,No internet,Yes,No,Month-to-month,Yes,Bank transfer,46.72,1219.7,Yes
CUST04406,Male,0,Yes,No,72,No,Yes,DSL,Yes,No internet,Yes,No internet,No,No internet,Month-to-month,Yes,Electronic check,59.44,4102.55,Yes
CUST04407,Female,0,Yes,Yes,42,Yes,Yes,DSL,No internet,No,Yes,No internet,Yes,No internet,One year,Yes,Bank transfer,79.74,3476.27,No
CUST04408,Female,0,Yes,No,30,Yes,No,No,No internet,Yes,No,Yes,No,Yes,Two year,Yes,Electronic check,55.06,1861.62,No
CUST04409,Female,0,Yes,No,15,Yes,Yes,Fiber optic,No internet,No,No,Yes,No,No,Two year,No,Electronic check,39.16,624.98,No
CUST04410,Female,1,Yes,No,11,Yes,No phone service,Fiber optic,No internet,No,Yes,No,No,No,Month-to-month,No,Mailed check,41.11,377.38,Yes
CUST04411,Female,0,No,Yes,0,No,Yes,Fiber optic,No internet,Yes,No,Yes,No,No,Month-to-month,Yes,Electronic check,30.94,159.61,Yes
CUST04412,Male,0,No,No,10,Yes,Yes,DSL,No internet,No,Yes,Yes,No,No internet,One year,No,Bank transfer,43.47,403.23,No
CUST04413,Female,0,No,Yes,45,Yes,No phone service,Fiber optic,Yes,No,Yes,No internet,No,Yes,Two year,Yes,Mailed check,42.61,1839.33,No
CUST04414,Female,0,Yes,No,11,Yes,Yes,Fiber optic,No internet,No,Yes,No,No internet,No,Month-to-month,Yes,Credit card,65.36,750.36,Yes
CUST04415,Male,0,Yes,No,14,Yes,Yes,Fiber optic,No,Yes,No,No internet,Yes,No,Month-to-month,No,Mailed check,63.22,1002.1,No
CUST04416,Male,0,No,No,7,Yes,Yes,Fiber optic,No,No,No,Yes,No internet,Yes,Month-to-month,No,Bank transfer,41.55,485.15,Yes
CUST04417,Female,0,Yes,No,7,Yes,No,Fiber optic,Yes,No,Yes,No,No internet,No,Month-to-month,Yes,Credit card,73.09,451.83,Yes
CUST04418,Male,0,No,No,1,No,Yes,DSL,No,No,No,Yes,No,No,One year,Yes,Electronic check,39.81,52.71,No
CUST04419,Male,0,Yes,No,22,Yes,Yes,Fiber optic,No,Yes,No,No,No internet,No,Month-to-month,Yes,Bank transfer,60.43,1340.17,No
CUST04420,Female,0,No,Yes,14,Yes,No phone service,No,No internet,No,Yes,No,Yes,No,Month-to-month,Yes,Mailed check,76.97,1030.97,No
CUST04421,Male,0,No,No,22,No,Yes,Fiber optic,No,No internet,No,No,Yes,Yes,Month-to-month,Yes,Electronic check,55.8,1252.83,Yes
CUST04422,Male,0,No,No,18,Yes,No,Fiber optic,Yes,Yes,Yes,No internet,No internet,No internet,Month-to-month,No,Electronic check,71.0,1333.78,Yes
CUST04423,Female,0,No,Yes,38,Yes,Yes,DSL,No,No,Yes,No,Yes,No internet,Month-to-month,Yes,Bank transfer,79.45,3050.84,No
CUST04424,Female,1,Yes,No,33,Yes,Yes,Fiber optic,No,Yes,No internet,No,No,No,Month-to-month,Yes,Electronic check,69.19,2189.63,Yes
CUST04425,Male,0,Yes,Yes,35,Yes,No,No,No,No,No,No,Yes,No internet,Two year,Yes,Electronic check,63.32,2223.48,No
CUST04426,Male,1,No,Yes,16,Yes,Yes,Fiber optic,Yes,No internet,No,No,No,Yes,Month-to-month,No,Mailed check,47.51,647.36,Yes
CUST04427,Female,1,Yes,No,10,Yes,Yes,Fiber optic,Yes,No,No internet,No,No,No internet,One year,Yes,Mailed check,23.05,,No
CUST04428,Male,0,Yes,No,65,Yes,No,No,No,No,Yes,No internet,Yes,No internet,Two year,Yes,Bank transfer,70.89,4605.33,No
CUST04429,Male,0,Yes,Yes,1,Yes,No,DSL,No,Yes,Yes,No,No,Yes,Month-to-month,Yes,Electronic check,54.06,99.44,Yes
CUST04430,Male,0,Yes,No,3,Yes,No,Fiber optic,No,Yes,No internet,Yes,Yes,Yes,Month-to-month,No,Electronic check,33.19,102.45,Yes
CUST04431,Female,0,Yes,No,13,Yes,Yes,Fiber optic,Yes,Yes,Yes,No,No,No,Month-to-month,Yes,Mailed check,65.71,823.64,No
CUST04432,Male,0,No,Yes,22,Yes,No,Fiber optic,No,No,No,No internet,No,Yes,One year,Yes,Mailed check,54.31,1225.86,No
CUST04433,Male,0,Yes,No,0,Yes,Yes,DSL,No internet,No,No internet,No internet,No,No internet,One year,Yes,Credit card,64.88,171.48,No
CUST04434,Female,0,Yes,No,30,Yes,No,Fiber optic,No internet,Yes,Yes,No,No,Yes,Month-to-month,Yes,Bank transfer,48.89,1489.65,Yes
CUST04435,Male,0,No,Yes,19,Yes,No,DSL,No,No internet,No internet,No,No,Yes,Two year,Yes,Credit card,58.63,1333.19,No
CUST04436,Male,0,No,No,15,Yes,No,No,No,Yes,No,Yes,Yes,No internet,One year,Yes,Electronic check,39.39,573.9,No
CUST04437,Female,0,No,Yes,13,No,Yes,No,Yes,No internet,No internet,Yes,No,Yes,Month-to-month,Yes,Bank transfer,27.87,351.0,No
CUST04438,Female,0,Yes,No,17,Yes,Yes,DSL,No,Yes,Yes,Yes,No,No internet,One year,No,Bank transfer,54.56,953.02,No
CUST04439,Female,0,No,No,4,No,No,Fiber optic,No,No internet,No,No internet,Yes,No,Month-to-month,Yes,Bank transfer,34.01,0.0,Yes
CUST04440,Female,0,Yes,Yes,2,Yes,No phone service,No,No,No,No internet,No,No,No,One year,No,Credit card,50.11,114.58,No
CUST04441,Male,0,Yes,No,8,Yes,Yes,DSL,Yes,No internet,Yes,No,No,No,Month-to-month,Yes,Mailed check,60.3,382.02,No
CUST04442,Male,1,Yes,No,29,Yes,No,DSL,No,No,Yes,No,Yes,No,One year,No,Mailed check,52.68,1599.81,No
CUST04443,Female,0,Yes,No,21,Yes,Yes,Fiber optic,Yes,No,Yes,No,Yes,Yes,Month-to-month,No,Credit card,72.95,1474.25,Yes
CUST04444,Female,0,Yes,No,15,Yes,Yes,Fiber optic,No,No,No internet,No internet,Yes,Yes,One year,No,Electronic check,39.44,526.83,No
CUST04445,Male,0,No,Yes,20,Yes,No phone service,Fiber optic,No,No,Yes,No,No internet,No internet,Month-to-month,No,Electronic check,49.28,1000.03,Yes
CUST04446,Female,0,Yes,No,19,Yes,No phone service,No,No internet,No internet,Yes,Yes,No internet,No internet,One year,Yes,Mailed check,49.51,872.7,No
CUST04447,Male,0,Yes,No,8,Yes,Yes,No,No,No,No internet,No internet,No internet,No internet,Month-to-month,No,Electronic check,57.23,384.79,Yes
CUST04448,Female,1,Yes,No,2,Yes,Yes,No,Yes,No,No,No,No,Yes,Month-to-month,Yes,Mailed check,69.51,133.79,No
CUST04449,Male,0,Yes,No,54,Yes,Yes,DSL,No internet,Yes,No,No,No internet,No,Month-to-month,No,Credit card,84.81,4721.11,No
CUST04450,Female,1,No,No,21,Yes,No,DSL,No,No internet,No,No,No,No internet,Month-to-month,Yes,Mailed check,60.06,1241.52,No
CUST04451,Female,0,Yes,No,28,Yes,Yes,No,No internet,Yes,No,No,Yes,No,One year,Yes,Bank transfer,71.96,2237.04,No
CUST04452,Male,0,No,No,14,Yes,Yes,Fiber optic,Yes,Yes,No,Yes,Yes,No internet,Two year,No,Electronic check,69.84,1098.52,No
CUST04453,Female,0,Yes,No,33,Yes,Yes,Fiber optic,No,Yes,No internet,No internet,Yes,No internet,Two year,Yes,Electronic check,57.56,1864.33,No
CUST04454,Male,1,No,No,21,No,Yes,Fiber optic,No,No,Yes,Yes,No,Yes,Two year,No,Electronic check,47.07,1024.83,No
CUST04455,Male,0,No,Yes,1,Yes,No phone service,No,Yes,No,No internet,No internet,Yes,No,Month-to-month,No,Bank transfer,45.38,79.65,Yes
CUST04456,Male,0,No,No,52,No,Yes,DSL,No internet,Yes,Yes,No internet,No,No,Month-to-month,Yes,Electronic check,93.13,4831.71,Yes
CUST04457,Male,0,No,No,8,Yes,Yes,No,No,No,Yes,Yes,No internet,Yes,One year,Yes,Bank transfer,80.01,670.25,No
CUST04458,Male,0,No,No,3,Yes,No,Fiber optic,Yes,Yes,No,No,No internet,No internet,Two year,Yes,Bank transfer,19.48,0.0,Yes
CUST04459,Female,0,Yes,No,2,Yes,No phone service,No,Yes,No,No internet,No internet,No,No internet,One year,No,Mailed check,54.98,236.26,No
CUST04460,Female,1,Yes,Yes,30,Yes,Yes,Fiber optic,No,No internet,No,No,Yes,No internet,Month-to-month,No,Electronic check,80.52,2422.62,Yes
CUST04461,Male,0,No,No,29,Yes,No,Fiber optic,Yes,Yes,Yes,No,No,No,Month-to-month,No,Electronic check,86.43,2604.0,Yes
CUST04462,Female,0,No,Yes,28,Yes,No phone service,Fiber optic,No,Yes,No,No internet,No internet,Yes,Month-to-month,No,Mailed check,66.5,1811.7,Yes
CUST04463,Male,0,Yes,No,59,Yes,Yes,Fiber optic,No,Yes,No internet,No,Yes,Yes,Month-to-month,Yes,Credit card,82.27,5049.79,Yes
CUST04464,Female,0,Yes,No,10,Yes,No,Fiber optic,Yes,No,No,Yes,Yes,No internet,One year,Yes,Bank transfer,49.67,473.47,Yes
CUST04465,Female,0,No,No,19,Yes,Yes,Fiber optic,Yes,Yes,Yes,No,No internet,Yes,Month-to-month,Yes,Mailed check,45.19,779.22,Yes
CUST04466,Female,0,Yes,No,23,Yes,No phone service,DSL,No,No,No,No,No,Yes,Two year,Yes,Credit card,53.0,1011.33,No
CUST04467,Female,0,Yes,No,72,Yes,No,No,No,No internet,No,Yes,No internet,No internet,Two year,Yes,Electronic check,91.88,6631.75,No
CUST04468,Male,0,Yes,No,8,Yes,No,No,Yes,Yes,Yes,Yes,No,Yes,Two year,Yes,Mailed check,36.42,367.28,No
CUST04469,Male,1,No,No,72,Yes,No,DSL,Yes,Yes,No internet,Yes,Yes,Yes,Two year,No,Mailed check,114.11,8303.19,No
CUST04470,Female,1,No,Yes,3,Yes,No,No,No,No,No,Yes,No internet,No,Month-to-month,Yes,Electronic check,65.48,200.1,Yes
CUST04471,Female,0,Yes,No,34,Yes,Yes,Fiber optic,Yes,No,Yes,Yes,Yes,No,Two year,Yes,Credit card,43.64,1380.88,No
CUST04472,Male,0,Yes,No,24,Yes,No phone service,Fiber optic,No internet,No internet,No internet,No,Yes,No,Month-to-month,Yes,Mailed check,66.01,1745.65,No
CUST04473,Female,1,Yes,No,40,Yes,No,Fiber optic,No,Yes,No,No,No,No,Two year,No,Electronic check,71.53,2835.44,No
CUST04474,Male,0,Yes,No,0,Yes,Yes,Fiber optic,No,No internet,No,No,No,Yes,Month-to-month,Yes,Electronic check,74.89,0.0,Yes
CUST04475,Male,0,No,No,1,Yes,Yes,Fiber optic,Yes,Yes,No,No internet,Yes,Yes,Month-to-month,Yes,Mailed check,26.8,11.85,Yes
CUST04476,Male,1,No,Yes,1,Yes,No,Fiber optic,No internet,Yes,No internet,No,No,No,Month-to-month,No,Mailed check,58.62,0.0,Yes
CUST04477,Female,0,Yes,Yes,21,Yes,Yes,Fiber optic,No,No internet,No internet,No,No,No internet,Month-to-month,Yes,Credit card,47.89,756.47,Yes
CUST04478,Male,0,No,No,22,Yes,No,DSL,No internet,No,Yes,No,No,No internet,Two year,Yes,Bank transfer,71.47,1523.27,No
CUST04479,Female,0,No,Yes,56,Yes,Yes,Fiber optic,No,Yes,Yes,No,No internet,Yes,Two year,No,Bank transfer,92.22,5054.42,No
CUST04480,Male,0,Yes,Yes,15,Yes,No,Fiber optic,Yes,Yes,No,Yes,No,No internet,Month-to-month,Yes,Electronic check,36.93,492.17,Yes
CUST04481,Female,0,Yes,No,1,No,Yes,No,No internet,Yes,Yes,No internet,No,No,Month-to-month,Yes,Electronic check,53.06,41.11,Yes
CUST04482,Female,0,No,No,5,Yes,Yes,DSL,No,Yes,No,No,No,No,One year,Yes,Bank transfer,78.23,267.83,No
CUST04483,Female,0,Yes,No,0,Yes,Yes,DSL,No,No,Yes,No internet,Yes,Yes,Month-to-month,Yes,Credit card,63.06,55.31,Yes
CUST04484,Male,0,No,Yes,35,Yes,No,Fiber optic,Yes,No,No internet,Yes,Yes,No internet,Two year,Yes,Bank transfer,90.96,3080.37,No
CUST04485,Male,0,Yes,No,40,Yes,Yes,DSL,Yes,No internet,Yes,Yes,No,No,Month-to-month,Yes,Mailed check,75.46,2966.6,Yes
CUST04486,Female,0,No,No,72,Yes,Yes,Fiber optic,No,No,Yes,No,No internet,Yes,One year,No,Bank transfer,65.48,4749.82,No
CUST04487,Female,0,No,No,12,Yes,Yes,DSL,Yes,Yes,No,No internet,No,No internet,Two year,Yes,Mailed check,31.74,544.16,No
CUST04488,Female,0,No,No,0,Yes,No,Fiber optic,No,No internet,Yes,No,Yes,No internet,Month-to-month,Yes,Electronic check,41.55,0.0,Yes
CUST04489,Male,0,No,No,6,Yes,No,Fiber optic,Yes,No,No,No,No,No,Month-to-month,Yes,Bank transfer,42.42,198.6,Yes
CUST04490,Male,0,No,No,21,Yes,Yes,Fiber optic,No internet,No,No,No,No,No,Two year,No,Mailed check,86.2,1887.55,No
CUST04491,Male,0,No,No,72,Yes,No phone service,DSL,Yes,Yes,No,No,No,Yes,Two year,No,Mailed check,115.89,8339.33,No
CUST04492,Male,0,Yes,No,2,Yes,No,No,No,Yes,Yes,No,No,Yes,Two year,Yes,Mailed check,61.18,122.89,No
CUST04493,Female,0,Yes,No,3,Yes,No phone service,No,No internet,No internet,No,No,Yes,Yes,One year,Yes,Electronic check,60.9,208.78,No
CUST04494,Female,0,No,Yes,29,Yes,No,DSL,Yes,No,Yes,No internet,No internet,No internet,Month-to-month,Yes,Mailed check,51.18,1415.2,Yes
CUST04495,Male,0,No,No,26,Yes,Yes,No,No,No,No,No internet,No,No,Month-to-month,Yes,Bank transfer,70.66,1854.95,No
CUST04496,Male,0,Yes,No,6,Yes,No,Fiber optic,No,No internet,Yes,Yes,Yes,Yes,Month-to-month,Yes,Electronic check,31.63,401.18,Yes
CUST04497,Female,0,Yes,No,40,Yes,Yes,Fiber optic,No,No internet,No internet,Yes,No internet,No internet,One year,Yes,Bank transfer,53.27,2116.89,No
CUST04498,Male,1,No,No,3,Yes,Yes,DSL,Yes,Yes,No internet,No,Yes,No,Month-to-month,Yes,Mailed check,84.07,459.34,Yes
CUST04499,Male,0,Yes,No,62,Yes,No,Fiber optic,Yes,No internet,Yes,Yes,No,No internet,One year,Yes,Credit card,85.56,5151.67,Yes
CUST04500,Male,0,Yes,No,5,Yes,Yes,DSL,Yes,Yes,No internet,Yes,Yes,Yes,Two year,Yes,Credit card,63.17,290.24,No
CUST04501,Male,0,No,Yes,2,Yes,Yes,Fiber optic,No,No internet,Yes,Yes,No,No internet,Two year,Yes,Mailed check,18.0,35.18,Yes
CUST04502,Male,0,No,No,9,Yes,Yes,No,Yes,No internet,No internet,No,Yes,No internet,Month-to-month,Yes,Electronic check,47.68,289.23,Yes
CUST04503,Male,1,Yes,No,4,Yes,No,Fiber optic,No,No,Yes,Yes,Yes,No internet,Month-to-month,No,Bank transfer,54.2,186.64,Yes
CUST04504,Female,0,Yes,No,17,No,Yes,No,No,No,Yes,Yes,No,No internet,Two year,No,Mailed check,74.81,1199.31,No
CUST04505,Male,0,Yes,No,27,Yes,Yes,Fiber optic,No,No,No internet,Yes,No,No internet,Month-to-month,No,Bank transfer,77.72,2024.91,Yes
CUST04506,Male,0,Yes,No,16,Yes,No,DSL,No internet,No,Yes,No,No,No internet,Two year,Yes,Electronic check,71.27,1145.3,No
CUST04507,Female,0,No,No,25,Yes,Yes,DSL,No internet,Yes,No,Yes,No internet,No internet,Two year,Yes,Bank transfer,64.4,1771.99,No
CUST04508,Female,0,Yes,No,10,Yes,No phone service,DSL,Yes,Yes,No,No,No,No,Month-to-month,No,Mailed check,76.16,823.03,Yes
CUST04509,Female,0,Yes,No,0,Yes,Yes,Fiber optic,No internet,No internet,No internet,No,Yes,Yes,Month-to-month,Yes,Electronic check,38.04,83.19,Yes
CUST04510,Male,0,Yes,No,72,Yes,No,Fiber optic,No,No,No internet,Yes,No,Yes,Month-to-month,Yes,Credit card,81.7,5911.09,Yes
CUST04511,Female,0,Yes,No,41,Yes,Yes,Fiber optic,No internet,No,No,No,Yes,Yes,One year,Yes,Mailed check,96.72,3874.31,No
CUST04512,Male,0,No,No,1,Yes,Yes,Fiber optic,No,Yes,No,Yes,Yes,No internet,Month-to-month,Yes,Bank transfer,52.01,34.47,Yes
CUST04513,Male,0,Yes,Yes,14,Yes,No,DSL,No,No internet,Yes,No,No,No internet,Two year,No,Bank transfer,76.32,1070.99,No
CUST04514,Male,0,No,No,24,Yes,No phone service,DSL,No,No,Yes,No,No internet,No,Two year,No,Electronic check,55.22,,No
CUST04515,Female,0,No,No,5,No,No,Fiber optic,Yes,Yes,No,Yes,Yes,No,Month-to-month,No,Bank transfer,54.37,242.74,Yes
CUST04516,Female,0,Yes,No,20,Yes,No,Fiber optic,Yes,Yes,Yes,Yes,No,No,Two year,No,Electronic check,75.85,1570.63,No
CUST04517,Female,0,No,No,18,Yes,Yes,No,Yes,No internet,Yes,Yes,Yes,No,One year,Yes,Credit card,78.96,,No
CUST04518,Female,0,Yes,No,5,Yes,No,Fiber optic,No internet,No internet,Yes,No internet,Yes,No,Two year,Yes,Bank transfer,51.24,393.67,Yes
CUST04519,Female,1,No,Yes,3,Yes,Yes,Fiber optic,No internet,No internet,Yes,No,Yes,No,Month-to-month,Yes,Electronic check,40.83,115.02,Yes
CUST04520,Male,0,Yes,No,34,Yes,Yes,No,No internet,No,No,No internet,No,Yes,Month-to-month,Yes,Mailed check,53.32,1947.35,Yes
CUST04521,Male,1,No,No,9,Yes,No,DSL,No internet,No internet,Yes,Yes,Yes,No,Month-to-month,Yes,Bank transfer,58.69,517.15,Yes
CUST04522,Male,0,Yes,No,6,Yes,Yes,No,No internet,No,No internet,No internet,No internet,No,Month-to-month,Yes,Mailed check,60.12,373.09,Yes
CUST04523,Male,0,No,No,32,No,No,DSL,No,Yes,Yes,No,Yes,Yes,Month-to-month,Yes,Bank transfer,54.52,1785.49,No
CUST04524,Female,0,Yes,Yes,31,Yes,Yes,No,Yes,No,Yes,No,Yes,No internet,Two year,No,Electronic check,72.43,2341.68,No
CUST04525,Female,0,No,Yes,7,Yes,No,DSL,No,No internet,No,No,No,No,Month-to-month,Yes,Bank transfer,57.9,603.11,Yes
CUST04526,Male,0,Yes,No,49,Yes,Yes,Fiber optic,No,No internet,No,Yes,Yes,No,Two year,Yes,Electronic check,67.58,3184.34,Yes
CUST04527,Female,0,No,No,27,Yes,No,No,No,No,No,No,No internet,Yes,One year,Yes,Bank transfer,35.24,924.88,No
CUST04528,Female,0,Yes,No,10,Yes,Yes,DSL,No,Yes,Yes,No,Yes,No,Month-to-month,No,Electronic check,62.53,679.82,Yes
CUST04529,Male,0,Yes,No,13,Yes,Yes,DSL,Yes,No,Yes,No,No internet,Yes,Month-to-month,No,Electronic check,31.13,294.72,No
CUST04530,Male,0,No,Yes,31,Yes,Yes,DSL,Yes,No internet,No internet,Yes,No,No internet,Two year,Yes,Bank transfer,78.19,2270.91,No
CUST04531,Female,0,No,No,5,Yes,Yes,DSL,No,Yes,No,No internet,No,Yes,One year,No,Electronic check,84.89,406.17,No
CUST04532,Female,0,Yes,No,15,Yes,Yes,Fiber optic,Yes,No internet,No,No internet,Yes,Yes,Month-to-month,Yes,Credit card,57.84,770.63,No
CUST04533,Male,0,No,No,25,Yes,Yes,No,No,Yes,No,No,Yes,No,Two year,No,Bank transfer,54.8,1429.19,No
CUST04534,Male,0,No,No,18,Yes,Yes,DSL,No,No internet,No,No internet,Yes,No,Month-to-month,Yes,Credit card,81.77,1402.75,Yes
CUST04535,Male,0,No,No,22,Yes,Yes,DSL,No,No,No,No,Yes,No,One year,Yes,Mailed check,56.9,1304.09,No
CUST04536,Female,0,Yes,No,18,Yes,No phone service,DSL,Yes,Yes,No internet,No internet,Yes,Yes,Month-to-month,Yes,Electronic check,63.01,1281.46,No
CUST04537,Male,1,Yes,Yes,5,Yes,Yes,DSL,No,Yes,No internet,No,No internet,No internet,Month-to-month,Yes,Bank transfer,72.49,557.96,Yes
CUST04538,Male,0,No,No,12,Yes,No,No,No internet,No internet,No,Yes,No,No internet,Month-to-month,No,Electronic check,43.96,558.68,Yes
CUST04539,Female,1,Yes,No,18,Yes,No,DSL,No internet,No,Yes,No,Yes,No internet,Two year,No,Mailed check,91.77,1577.25,No
CUST04540,Female,1,No,No,36,Yes,No,Fiber optic,No internet,No,No internet,Yes,Yes,Yes,Two year,Yes,Bank transfer,95.05,3558.71,No
CUST04541,Female,0,Yes,No,25,Yes,Yes,DSL,No internet,Yes,No,No,No,No internet,Month-to-month,Yes,Bank transfer,96.16,2429.94,Yes
CUST04542,Female,0,Yes,No,13,Yes,Yes,DSL,No,Yes,No,No,No internet,Yes,Month-to-month,Yes,Electronic check,65.2,874.43,No
CUST04543,Female,0,No,No,72,No,No,DSL,No internet,No,No,No,No,Yes,Month-to-month,Yes,Bank transfer,80.99,5883.93,No
CUST04544,Male,0,No,No,2,Yes,Yes,DSL,No,No,No,No,No,Yes,Month-to-month,No,Mailed check,32.7,0.0,Yes
CUST04545,Male,0,No,Yes,5,Yes,Yes,DSL,Yes,No internet,No,No,No,Yes,Month-to-month,Yes,Mailed check,54.44,151.31,Yes
CUST04546,Female,0,Yes,Yes,10,No,No,No,No,No,No internet,No internet,No internet,No internet,Month-to-month,Yes,Electronic check,56.54,644.86,Yes
CUST04547,Female,0,Yes,Yes,6,Yes,Yes,Fiber optic,Yes,Yes,No internet,Yes,No,No internet,Month-to-month,No,Mailed check,71.94,390.55,No
CUST04548,Female,1,Yes,No,23,Yes,No,Fiber optic,Yes,No,No,Yes,No,Yes,Month-to-month,Yes,Bank transfer,68.68,1638.29,Yes
CUST04549,Female,0,Yes,Yes,0,Yes,No,Fiber optic,No,No,Yes,No,No internet,No,One year,Yes,Bank transfer,39.14,0.0,Yes
CUST04550,Female,0,No,No,4,Yes,Yes,DSL,No,Yes,No,No,Yes,Yes,Two year,Yes,Mailed check,25.12,210.46,No
CUST04551,Male,0,No,Yes,8,Yes,No,DSL,No,No internet,No,No internet,Yes,Yes,One year,Yes,Bank transfer,52.51,585.76,No
CUST04552,Male,1,Yes,No,27,Yes,No,DSL,No internet,No,No,No,No,No,One year,Yes,Electronic check,62.83,1716.07,No
CUST04553,Male,0,No,No,50,Yes,No,DSL,Yes,Yes,No internet,Yes,Yes,No,Month-to-month,Yes,Credit card,69.04,3539.53,Yes
CUST04554,Male,0,Yes,No,38,Yes,No,No,No,No internet,Yes,No internet,Yes,Yes,Month-to-month,No,Bank transfer,65.95,2505.71,No
CUST04555,Female,0,No,Yes,4,Yes,Yes,DSL,No,No internet,No,No,No,Yes,One year,No,Bank transfer,53.44,346.02,No
CUST04556,Male,0,Yes,Yes,20,Yes,No,Fiber optic,No internet,No internet,Yes,Yes,Yes,Yes,One year,No,Mailed check,46.35,777.33,No
CUST04557,Female,0,No,No,0,Yes,No,Fiber optic,No,No internet,No internet,No,No,No,Month-to-month,No,Electronic check,39.7,61.27,Yes
CUST04558,Female,0,Yes,No,8,Yes,Yes,Fiber optic,No,Yes,No,No,Yes,No,Month-to-month,Yes,Mailed check,75.76,568.77,Yes
CUST04559,Female,0,Yes,No,39,No,No,Fiber optic,No,No internet,No internet,Yes,Yes,No,Two year,Yes,Mailed check,65.59,2621.18,No
CUST04560,Male,0,Yes,No,14,Yes,Yes,DSL,No internet,No,No,Yes,Yes,Yes,One year,No,Electronic check,67.74,937.98,No
CUST04561,Female,0,Yes,No,3,Yes,No,Fiber optic,Yes,No,No,Yes,No,No internet,One year,Yes,Electronic check,45.71,178.99,No
CUST04562,Male,1,Yes,Yes,13,Yes,Yes,Fiber optic,No,No internet,Yes,No internet,No,No internet,Two year,Yes,Bank transfer,62.64,779.23,No
CUST04563,Male,0,Yes,No,5,Yes,Yes,Fiber optic,Yes,No,No,No,No,No,Month-to-month,Yes,Electronic check,67.85,55.97,Yes
CUST04564,Female,1,Yes,No,11,Yes,No,No,No internet,No internet,No,No,No,No internet,Month-to-month,No,Credit card,57.54,755.6,Yes
CUST04565,Female,0,No,Yes,16,Yes,Yes,Fiber optic,No,No,Yes,No internet,No,Yes,Two year,Yes,Electronic check,71.07,946.76,No
CUST04566,Female,0,Yes,No,10,Yes,Yes,Fiber optic,No,No,No internet,No internet,No,Yes,Month-to-month,Yes,Credit card,63.88,534.73,Yes
CUST04567,Male,0,No,No,66,Yes,No phone service,Fiber optic,No,No,Yes,Yes,No,Yes,Month-to-month,Yes,Credit card,77.2,5142.78,Yes
CUST04568,Female,0,Yes,No,19,Yes,Yes,No,No,No,Yes,No,Yes,Yes,One year,No,Mailed check,42.32,852.7,No
CUST04569,Male,0,No,Yes,44,Yes,No,Fiber optic,No,No,No,No,No internet,No,Month-to-month,Yes,Credit card,83.68,3781.51,Yes
CUST04570,Female,0,No,No,34,Yes,No,No,No,No internet,No,No,No internet,No,One year,Yes,Credit card,57.67,2006.17,No
CUST04571,Female,0,Yes,No,25,Yes,Yes,DSL,No,Yes,Yes,No internet,No,No internet,Month-to-month,No,Electronic check,58.13,1573.49,Yes
CUST04572,Male,0,No,Yes,16,Yes,No,No,Yes,No internet,No,Yes,No,No,One year,No,Credit card,49.88,878.51,No
CUST04573,Male,0,Yes,Yes,0,Yes,No,Fiber optic,No internet,No,No,No internet,No,No,One year,Yes,Electronic check,24.2,0.0,No
CUST04574,Male,0,No,No,22,Yes,Yes,No,No,No internet,No,Yes,Yes,Yes,Month-to-month,Yes,Electronic check,61.29,1364.25,Yes
CUST04575,Male,0,No,No,10,Yes,Yes,DSL,No,No,Yes,No internet,Yes,Yes,Month-to-month,Yes,Bank transfer,23.56,177.41,Yes
CUST04576,Male,0,Yes,No,3,Yes,Yes,DSL,No internet,No internet,Yes,No,Yes,Yes,Month-to-month,No,Electronic check,60.83,360.46,Yes
CUST04577,Male,0,Yes,No,14,No,No,No,No,No,Yes,Yes,Yes,Yes,Month-to-month,Yes,Electronic check,66.75,872.05,No
CUST04578,Female,0,Yes,No,31,Yes,Yes,DSL,No internet,No internet,Yes,No,Yes,No internet,Month-to-month,Yes,Credit card,63.82,2058.79,No
CUST04579,Female,0,Yes,No,72,Yes,Yes,Fiber optic,No,Yes,Yes,No internet,No internet,Yes,Month-to-month,Yes,Credit card,67.51,4713.62,Yes
CUST04580,Male,0,No,No,11,Yes,Yes,No,No,No internet,No,No,Yes,No,Two year,No,Credit card,63.69,685.1,No
CUST04581,Female,0,Yes,No,18,Yes,No,DSL,Yes,No internet,Yes,Yes,No,No,One year,No,Mailed check,18.0,335.64,No
CUST04582,Male,0,Yes,No,45,Yes,No,Fiber optic,No,No,No internet,No internet,No,Yes,Month-to-month,Yes,Credit card,72.33,3099.52,Yes
CUST04583,Female,0,Yes,No,9,Yes,No,DSL,Yes,No,No,No,Yes,Yes,Month-to-month,Yes,Electronic check,73.87,633.36,No
CUST04584,Female,0,Yes,Yes,3,No,No phone service,DSL,No internet,No,No,No,No,No,Month-to-month,No,Credit card,56.04,215.74,Yes
CUST04585,Male,0,Yes,No,7,Yes,No phone service,Fiber optic,Yes,Yes,Yes,No internet,Yes,No internet,One year,No,Mailed check,43.96,409.02,Yes
CUST04586,Male,1,No,No,55,No,No,DSL,No,No,No,No,No,No,Month-to-month,No,Credit card,69.57,3916.41,Yes
CUST04587,Male,0,Yes,No,4,Yes,Yes,Fiber optic,No,No internet,No,No,No,No internet,Month-to-month,No,Bank transfer,89.1,369.56,Yes
CUST04588,Female,0,No,No,9,Yes,No,No,No internet,No,No internet,No,No internet,Yes,Month-to-month,Yes,Credit card,48.28,479.36,Yes
CUST04589,Male,1,Yes,No,14,Yes,Yes,DSL,No,No,Yes,No,No internet,Yes,Two year,Yes,Credit card,63.87,783.45,No
CUST04590,Female,1,Yes,No,45,Yes,Yes,No,No,No,Yes,No internet,Yes,Yes,One year,No,Credit card,74.68,3190.49,No
CUST04591,Male,0,No,No,66,Yes,Yes,Fiber optic,Yes,Yes,No,Yes,Yes,Yes,Two year,Yes,Bank transfer,68.69,4533.16,No
CUST04592,Female,0,Yes,No,13,Yes,No,DSL,Yes,No,No internet,No internet,No,Yes,Month-to-month,Yes,Credit card,19.04,114.17,No
CUST04593,Female,1,Yes,Yes,64,Yes,Yes,DSL,No,No internet,No,No,Yes,No internet,Month-to-month,Yes,Bank transfer,83.03,5090.91,Yes
CUST04594,Male,0,No,No,4,Yes,No,DSL,Yes,No,Yes,No,No,No internet,Month-to-month,No,Electronic check,50.54,172.76,Yes
CUST04595,Female,1,Yes,No,4,Yes,No,Fiber optic,No internet,No,No internet,No internet,No,No internet,Two year,Yes,Bank transfer,46.39,153.94,No
CUST04596,Female,0,Yes,No,71,Yes,Yes,Fiber optic,No,No,No,No,No internet,Yes,Month-to-month,Yes,Electronic check,46.6,3227.75,No
CUST04597,Male,0,No,No,17,Yes,Yes,Fiber optic,Yes,Yes,Yes,No,No,No,Month-to-month,No,Credit card,62.23,1095.06,No
CUST04598,Female,0,No,No,4,Yes,Yes,DSL,No internet,Yes,Yes,No,No,Yes,Month-to-month,No,Electronic check,51.53,258.49,Yes
CUST04599,Male,0,Yes,No,16,Yes,Yes,Fiber optic,No internet,Yes,No,No,Yes,No internet,One year,No,Credit card,80.28,1326.71,No
CUST04600,Male,0,Yes,Yes,36,Yes,No,DSL,No,Yes,Yes,No,No,No,Month-to-month,Yes,Mailed check,65.96,2350.28,No
CUST04601,Male,1,Yes,No,42,Yes,No,Fiber optic,No,No internet,No,Yes,Yes,Yes,Month-to-month,Yes,Electronic check,51.94,2138.41,No
CUST04602,Male,0,Yes,Yes,47,Yes,No,DSL,No,No,Yes,No internet,No,No internet,Two year,Yes,Credit card,92.63,4231.1,No
CUST04603,Female,0,No,No,20,Yes,Yes,Fiber optic,Yes,Yes,No,No,Yes,Yes,Month-to-month,No,Electronic check,79.68,1584.45,Yes
CUST04604,Female,0,No,Yes,48,Yes,No,Fiber optic,No,No,Yes,Yes,No internet,Yes,One year,Yes,Mailed check,53.26,2629.52,No
CUST04605,Female,0,No,No,17,Yes,No,No,No,No,No,Yes,Yes,No,Month-to-month,No,Bank transfer,66.34,,Yes
CUST04606,Male,0,Yes,Yes,22,No,No,No,Yes,Yes,No internet,No,No internet,No,Two year,Yes,Electronic check,82.39,1823.64,No
CUST04607,Female,0,Yes,No,34,Yes,Yes,Fiber optic,Yes,No,No,No internet,No,Yes,Month-to-month,Yes,Mailed check,91.65,3139.49,Yes
CUST04608,Female,0,No,No,13,Yes,Yes,No,No,Yes,No internet,Yes,No internet,No,Month-to-month,Yes,Bank transfer,76.54,981.66,No
CUST04609,Male,0,Yes,Yes,1,Yes,Yes,Fiber optic,No,No,No,No internet,No,Yes,One year,No,Credit card,55.02,0.0,No
CUST04610,Male,0,No,No,10,Yes,Yes,Fiber optic,Yes,Yes,No,No internet,Yes,Yes,Month-to-month,No,Electronic check,54.15,539.05,Yes
CUST04611,Female,0,No,No,23,Yes,Yes,Fiber optic,No,No internet,No,No internet,Yes,No,Two year,No,Electronic check,52.5,1234.41,No
CUST04612,Male,1,No,No,5,Yes,No,No,Yes,Yes,Yes,Yes,Yes,No,One year,Yes,Mailed check,52.82,319.35,No
CUST04613,Male,0,Yes,No,3,Yes,Yes,Fiber optic,Yes,Yes,Yes,No internet,No internet,Yes,One year,No,Mailed check,32.28,309.31,No
CUST04614,Male,0,Yes,No,8,Yes,No,No,Yes,No internet,Yes,No,No,No internet,Month-to-month,No,Mailed check,60.98,498.42,Yes
CUST04615,Male,0,No,No,0,Yes,No phone service,DSL,No,Yes,Yes,No,No,No,One year,Yes,Electronic check,47.25,44.49,Yes
CUST04616,Female,0,No,No,32,Yes,No,No,No internet,No,No,Yes,No,Yes,One year,No,Mailed check,59.78,1842.5,No
CUST04617,Male,0,No,No,7,Yes,Yes,DSL,No internet,Yes,No,No,No,No internet,One year,Yes,Credit card,51.26,368.73,No
CUST04618,Male,0,Yes,No,3,No,No,Fiber optic,No,No,No,No,No,Yes,Month-to-month,No,Electronic check,68.06,102.21,Yes
CUST04619,Male,0,No,No,28,Yes,Yes,No,No internet,Yes,No,No,No,No internet,Two year,No,Electronic check,74.48,1946.22,No
CUST04620,Male,0,No,No,44,Yes,No,No,Yes,No internet,No,Yes,No,No internet,Month-to-month,Yes,Bank transfer,42.16,1748.75,Yes
CUST04621,Male,0,Yes,Yes,0,Yes,Yes,DSL,No,No,No,No,No internet,No,Month-to-month,Yes,Electronic check,86.63,1.1,Yes
CUST04622,Male,0,Yes,No,6,Yes,Yes,No,No,No,No,Yes,No,No,Two year,Yes,Bank transfer,69.89,249.51,Yes
CUST04623,Male,0,No,No,69,Yes,Yes,DSL,Yes,No internet,No internet,Yes,No,No,One year,Yes,Electronic check,77.06,5343.3,No
CUST04624,Male,0,Yes,No,11,Yes,Yes,DSL,No,Yes,No,Yes,No,No internet,Month-to-month,Yes,Mailed check,55.55,616.82,Yes
CUST04625,Female,0,Yes,Yes,66,No,No,No,No internet,No,No,No internet,No internet,No internet,Two year,No,Mailed check,81.34,5237.84,No
CUST04626,Male,0,No,Yes,7,Yes,Yes,No,No,Yes,No,No,No,No,Month-to-month,Yes,Mailed check,37.91,231.79,Yes
CUST04627,Female,1,Yes,No,5,Yes,Yes,Fiber optic,Yes,Yes,No,No internet,No internet,No,Month-to-month,Yes,Credit card,56.81,251.79,Yes
CUST04628,Male,1,No,No,5,Yes,Yes,No,No,Yes,Yes,No,No internet,Yes,One year,No,Credit card,47.39,312.25,No
CUST04629,Male,0,Yes,No,2,Yes,No,DSL,No,No internet,Yes,No,No,No internet,Month-to-month,Yes,Mailed check,64.8,48.75,No
CUST04630,Male,0,Yes,No,54,No,Yes,DSL,No internet,No,Yes,No,No,No,Two year,No,Bank transfer,52.09,2942.45,No
CUST04631,Male,0,No,Yes,72,Yes,No phone service,No,No,No,No,No,No,Yes,Two year,Yes,Electronic check,76.24,5458.24,No
CUST04632,Female,1,No,No,72,Yes,No,Fiber optic,No,No internet,Yes,No,No,No,Month-to-month,No,Bank transfer,81.16,5807.29,Yes
CUST04633,Male,0,Yes,No,45,Yes,No,No,No internet,No,No internet,No,Yes,Yes,Two year,Yes,Bank transfer,99.11,4257.76,No
CUST04634,Male,0,No,No,45,Yes,Yes,No,No,No,No,Yes,No,Yes,Month-to-month,No,Electronic check,84.42,3474.99,No
CUST04635,Female,0,Yes,No,25,Yes,Yes,Fiber optic,No internet,No internet,No,Yes,No internet,No internet,Month-to-month,No,Electronic check,70.03,1706.97,Yes
CUST04636,Female,0,Yes,Yes,41,Yes,No,Fiber optic,No,Yes,No internet,No,No,No internet,Two year,No,Electronic check,86.99,3399.79,No
CUST04637,Male,1,Yes,Yes,5,Yes,Yes,Fiber optic,No,Yes,No,No,Yes,No,Two year,Yes,Electronic check,63.14,202.47,No
CUST04638,Female,0,Yes,No,11,Yes,No,DSL,No,No,Yes,No,No,No,Month-to-month,Yes,Bank transfer,53.24,555.87,Yes
CUST04639,Female,0,No,No,24,Yes,No,Fiber optic,No,No,No internet,Yes,Yes,Yes,Month-to-month,No,Credit card,60.1,1553.61,Yes
CUST04640,Female,0,No,No,49,Yes,Yes,No,No,Yes,No internet,No,No,Yes,Month-to-month,Yes,Bank transfer,67.48,3279.94,Yes
CUST04641,Male,0,No,Yes,25,Yes,No,Fiber optic,No internet,Yes,Yes,No internet,No,Yes,Month-to-month,Yes,Mailed check,72.92,1791.06,Yes
CUST04642,Male,0,No,Yes,43,Yes,Yes,DSL,Yes,Yes,No,No internet,No,No,One year,Yes,Mailed check,85.9,3635.24,No
CUST04643,Male,0,Yes,No,15,Yes,Yes,DSL,Yes,No internet,Yes,No,No,Yes,Month-to-month,Yes,Mailed check,67.72,1041.09,Yes
CUST04644,Female,1,No,No,30,Yes,Yes,DSL,No,No internet,Yes,No internet,No,Yes,Month-to-month,Yes,Bank transfer,68.32,2288.54,Yes
CUST04645,Male,0,No,No,72,Yes,Yes,Fiber optic,No,Yes,No,No,Yes,No internet,Two year,Yes,Mailed check,77.52,5632.14,No
CUST04646,Female,0,No,Yes,3,Yes,No,Fiber optic,Yes,No,Yes,No,No internet,No,Month-to-month,Yes,Electronic check,85.06,136.12,Yes
CUST04647,Male,1,No,No,62,No,Yes,Fiber optic,No internet,No,No internet,No,Yes,No,Month-to-month,Yes,Bank transfer,85.55,5329.42,Yes
CUST04648,Male,0,No,No,17,No,No,Fiber optic,No,Yes,No,No,No,No,Two year,Yes,Mailed check,79.57,1271.95,No
CUST04649,Female,0,Yes,No,24,Yes,Yes,DSL,Yes,No internet,No internet,No internet,No,No internet,Month-to-month,No,Electronic check,56.1,1434.66,Yes
CUST04650,Male,0,No,No,50,Yes,No phone service,No,Yes,No,Yes,No,No,Yes,Two year,No,Electronic check,69.48,3463.48,No
CUST04651,Female,0,No,No,12,Yes,No,DSL,No internet,Yes,No internet,No internet,No internet,Yes,Month-to-month,Yes,Electronic check,62.51,789.81,Yes
CUST04652,Female,0,No,No,13,Yes,No,Fiber optic,No,No,Yes,Yes,No,No internet,Month-to-month,No,Mailed check,79.45,1127.25,No
CUST04653,Male,1,Yes,Yes,17,Yes,No,Fiber optic,Yes,No internet,No,No internet,No,No internet,Month-to-month,No,Mailed check,74.3,1461.9,Yes
CUST04654,Female,0,Yes,No,0,Yes,Yes,DSL,No,Yes,No,Yes,No,No,Month-to-month,No,Electronic check,41.06,0.0,No
CUST04655,Male,0,No,No,16,Yes,Yes,DSL,No,Yes,Yes,No,Yes,No,Month-to-month,No,Electronic check,94.07,1297.32,No
CUST04656,Male,0,Yes,No,8,Yes,Yes,No,No internet,Yes,No internet,No,No internet,No internet,Month-to-month,Yes,Electronic check,57.5,291.23,Yes
CUST04657,Female,0,No,No,63,No,Yes,DSL,No internet,Yes,Yes,Yes,Yes,No,Month-to-month,No,Credit card,78.0,4874.11,Yes
CUST04658,Male,0,Yes,No,2,Yes,No,DSL,Yes,Yes,No,No,No,No,Month-to-month,No,Electronic check,60.32,171.02,Yes
CUST04659,Female,0,Yes,No,14,Yes,Yes,DSL,No,No internet,No,Yes,Yes,No,Month-to-month,Yes,Electronic check,41.42,561.95,Yes
CUST04660,Male,1,Yes,No,70,No,No,No,No,No,Yes,No,No internet,No internet,Two year,No,Bank transfer,107.17,7499.17,No
CUST04661,Male,0,No,Yes,55,Yes,No,DSL,No,No,No internet,Yes,No internet,Yes,Two year,Yes,Electronic check,61.86,3272.96,No
CUST04662,Male,0,Yes,No,29,Yes,Yes,Fiber optic,No,Yes,Yes,Yes,Yes,Yes,Two year,Yes,Mailed check,74.4,2176.51,No
CUST04663,Male,0,Yes,No,21,Yes,No,DSL,No,Yes,Yes,No internet,Yes,No,One year,Yes,Electronic check,84.41,1801.05,No
CUST04664,Male,0,Yes,Yes,7,Yes,Yes,No,No,No internet,Yes,No internet,No internet,Yes,Month-to-month,No,Credit card,40.27,83.82,No
CUST04665,Female,0,Yes,No,10,Yes,Yes,No,No,Yes,Yes,Yes,No,Yes,One year,No,Credit card,56.83,766.54,No
CUST04666,Female,0,Yes,Yes,2,Yes,Yes,Fiber optic,Yes,No internet,No,Yes,No,No internet,Two year,Yes,Bank transfer,56.32,193.05,Yes
CUST04667,Female,0,Yes,No,37,Yes,Yes,No,No,No,Yes,No,Yes,No internet,Month-to-month,Yes,Bank transfer,82.82,,Yes
CUST04668,Female,0,No,Yes,9,Yes,Yes,DSL,No internet,No,No,No,No,Yes,Month-to-month,Yes,Mailed check,62.25,777.49,Yes
CUST04669,Female,0,No,No,26,No,No,Fiber optic,Yes,Yes,No internet,Yes,Yes,No internet,Month-to-month,Yes,Credit card,64.31,1621.61,Yes
CUST04670,Female,0,Yes,No,10,Yes,No phone service,Fiber optic,No,No,No internet,No,No,No,Month-to-month,No,Mailed check,75.34,782.14,Yes
CUST04671,Male,0,Yes,No,14,Yes,No,DSL,No internet,No internet,No,Yes,No,No,Month-to-month,No,Electronic check,60.39,693.65,No
CUST04672,Male,0,No,Yes,19,Yes,Yes,DSL,No,Yes,Yes,No,No,Yes,Two year,No,Electronic check,49.67,1117.0,No
CUST04673,Female,0,Yes,Yes,38,Yes,No,No,No internet,Yes,No,Yes,No,Yes,One year,No,Electronic check,52.54,2063.22,No
CUST04674,Female,0,No,No,5,Yes,No phone service,DSL,No,No,No,No,Yes,Yes,Month-to-month,No,Bank transfer,70.27,281.33,Yes
CUST04675,Male,0,No,No,12,Yes,Yes,DSL,No,No,No internet,Yes,Yes,No,One year,Yes,Electronic check,77.92,872.52,No
CUST04676,Male,0,Yes,No,3,Yes,No phone service,Fiber optic,Yes,No,No,No,Yes,No,Month-to-month,Yes,Bank transfer,54.11,259.13,Yes
CUST04677,Male,0,Yes,Yes,1,Yes,No phone service,DSL,No,No,No,No,Yes,Yes,One year,Yes,Mailed check,28.4,183.48,No
CUST04678,Female,0,No,No,22,Yes,No,Fiber optic,No internet,No,Yes,No,Yes,No internet,Two year,Yes,Credit card,52.79,1105.01,No
CUST04679,Female,0,Yes,Yes,5,Yes,Yes,DSL,No,No,No,Yes,Yes,Yes,One year,No,Mailed check,72.69,442.4,Yes
CUST04680,Female,0,Yes,No,1,Yes,No,DSL,No,Yes,Yes,No,No,Yes,One year,Yes,Bank transfer,58.75,0.0,No
CUST04681,Male,0,Yes,No,54,Yes,Yes,Fiber optic,No,No,No,Yes,No,No,Month-to-month,No,Mailed check,54.51,3003.72,Yes
CUST04682,Male,0,No,No,18,No,No phone service,DSL,No internet,No,No internet,Yes,No,No,Month-to-month,Yes,Credit card,66.54,1201.46,No
CUST04683,Female,1,Yes,No,3,Yes,Yes,Fiber optic,Yes,No internet,No internet,No,Yes,Yes,One year,No,Electronic check,60.74,16.67,No
CUST04684,Female,0,Yes,No,1,No,No,No,No,No internet,No internet,No internet,No,Yes,Two year,Yes,Electronic check,63.79,11.95,No
CUST04685,Male,0,No,No,3,Yes,Yes,Fiber optic,No internet,Yes,No internet,No internet,Yes,Yes,One year,Yes,Bank transfer,44.93,218.16,Yes
CUST04686,Male,0,Yes,No,15,Yes,Yes,Fiber optic,No,No internet,No,No,Yes,Yes,Two year,No,Bank transfer,77.44,1209.16,No
CUST04687,Male,1,Yes,No,26,Yes,No phone service,DSL,Yes,No internet,No,No internet,No internet,Yes,Two year,No,Mailed check,69.27,1679.55,No
CUST04688,Male,0,Yes,No,24,Yes,No,No,No internet,No,No,No,No,No,Two year,No,Mailed check,18.0,326.44,No
CUST04689,Female,0,No,No,3,Yes,Yes,No,No internet,Yes,Yes,No,Yes,No,Two year,No,Electronic check,42.18,0.0,No
CUST04690,Male,1,No,Yes,24,Yes,No phone service,Fiber optic,No,No internet,No internet,No,Yes,No internet,Month-to-month,Yes,Electronic check,75.77,1736.47,Yes
CUST04691,Male,0,Yes,Yes,12,Yes,No,DSL,No,No internet,Yes,No,No internet,No,Month-to-month,Yes,Credit card,58.04,714.6,No
CUST04692,Male,0,Yes,Yes,15,Yes,No phone service,Fiber optic,No,No,Yes,No,Yes,No,One year,No,Electronic check,50.24,828.35,No
CUST04693,Female,0,Yes,Yes,38,Yes,No,DSL,No,No,Yes,No internet,Yes,Yes,Month-to-month,Yes,Bank transfer,45.64,1562.31,Yes
CUST04694,Female,0,Yes,Yes,9,Yes,No phone service,No,No,No,Yes,No,No internet,No internet,Two year,No,Bank transfer,71.78,659.63,No
CUST04695,Male,0,Yes,No,3,Yes,No,Fiber optic,No,Yes,Yes,No,No,Yes,Month-to-month,Yes,Electronic check,75.96,116.37,Yes
CUST04696,Male,0,No,Yes,49,Yes,No phone service,Fiber optic,Yes,No internet,No,No internet,No,No internet,Month-to-month,Yes,Electronic check,60.3,2955.27,Yes
CUST04697,Male,0,No,No,5,Yes,Yes,DSL,Yes,No internet,No internet,No,No,No internet,Two year,Yes,Electronic check,65.57,510.2,No
CUST04698,Female,0,Yes,No,8,No,No,DSL,Yes,Yes,No internet,No,No,Yes,Month-to-month,No,Bank transfer,63.33,385.21,Yes
CUST04699,Female,0,No,Yes,29,Yes,No,Fiber optic,No,No,No,No,No internet,No internet,Month-to-month,No,Electronic check,45.74,1327.89,Yes
CUST04700,Female,0,No,Yes,27,Yes,No,Fiber optic,No,No,No internet,No,No internet,No,Month-to-month,No,Electronic check,69.1,1569.74,No
CUST04701,Male,0,No,Yes,38,Yes,No,Fiber optic,Yes,Yes,No,Yes,Yes,No internet,One year,Yes,Electronic check,111.69,,No
CUST04702,Female,1,Yes,Yes,4,Yes,No phone service,DSL,No,No internet,No internet,No,No,No internet,One year,Yes,Electronic check,42.14,122.56,No
CUST04703,Male,0,Yes,No,10,Yes,No,DSL,No internet,Yes,No,No,No,No,Two year,No,Electronic check,75.28,870.15,Yes
CUST04704,Male,0,Yes,No,3,Yes,Yes,DSL,Yes,Yes,Yes,Yes,No internet,No,Month-to-month,Yes,Electronic check,50.9,132.84,Yes
CUST04705,Male,0,Yes,Yes,18,Yes,Yes,No,No,No internet,No,No internet,No internet,No,Two year,Yes,Electronic check,54.82,1039.16,No
CUST04706,Female,0,No,No,8,Yes,Yes,Fiber optic,No,Yes,No internet,No,Yes,No,Month-to-month,Yes,Bank transfer,73.08,776.26,Yes
CUST04707,Male,0,No,Yes,28,Yes,No,No,No,No,Yes,No,Yes,Yes,Month-to-month,Yes,Electronic check,54.65,1592.72,No
CUST04708,Female,0,Yes,No,0,Yes,Yes,Fiber optic,No,No internet,Yes,No,Yes,Yes,Month-to-month,Yes,Bank transfer,51.34,,Yes
CUST04709,Female,0,Yes,No,1,Yes,Yes,No,No,No,No,No,No,Yes,Month-to-month,No,Bank transfer,48.54,168.81,Yes
CUST04710,Male,0,No,No,13,Yes,Yes,DSL,Yes,Yes,No,Yes,No internet,No,Month-to-month,No,Credit card,41.88,582.15,No
CUST04711,Male,0,No,No,72,Yes,No,Fiber optic,No,Yes,No internet,No,No,Yes,Month-to-month,Yes,Electronic check,104.61,7456.24,Yes
CUST04712,Female,0,No,Yes,53,Yes,Yes,DSL,No,No internet,No,No,No,Yes,Month-to-month,Yes,Electronic check,83.62,4177.48,Yes
CUST04713,Male,0,Yes,No,72,Yes,Yes,Fiber optic,Yes,No,No,No,No internet,Yes,Two year,No,Credit card,120.0,8577.84,No
CUST04714,Female,0,No,No,12,Yes,No,Fiber optic,No internet,No,Yes,No,No internet,No,Month-to-month,Yes,Credit card,58.28,764.32,No
CUST04715,Male,0,No,No,1,Yes,Yes,Fiber optic,No,Yes,No internet,Yes,No internet,Yes,Two year,No,Electronic check,48.88,6.07,No
CUST04716,Female,0,No,Yes,8,Yes,Yes,No,No,No internet,No,No,No,No,Two year,Yes,Electronic check,49.03,373.57,No
CUST04717,Female,0,Yes,No,27,Yes,Yes,Fiber optic,No,No,No,No,No internet,No internet,Month-to-month,Yes,Credit card,59.24,1577.05,Yes
CUST04718,Female,0,Yes,No,3,Yes,No,No,No internet,No,No,No,No,Yes,Month-to-month,No,Electronic check,74.3,168.06,Yes
CUST04719,Female,0,Yes,No,8,Yes,Yes,Fiber optic,Yes,No,Yes,No,No,No internet,One year,No,Credit card,45.54,430.61,No
CUST04720,Male,1,No,Yes,1,Yes,No phone service,Fiber optic,No internet,No,Yes,No,Yes,No,Two year,Yes,Credit card,67.35,123.62,Yes
CUST04721,Male,0,No,No,15,Yes,Yes,Fiber optic,No,Yes,No,Yes,Yes,No,Two year,Yes,Electronic check,52.29,,No
CUST04722,Female,0,No,Yes,5,Yes,No phone service,Fiber optic,No,No internet,Yes,No,No,No internet,One year,Yes,Credit card,33.02,235.77,No
CUST04723,Female,1,No,No,2,Yes,No,Fiber optic,No internet,Yes,Yes,No,No,No internet,Month-to-month,Yes,Mailed check,65.88,136.75,Yes
CUST04724,Male,0,Yes,No,12,Yes,No,Fiber optic,No,Yes,No internet,Yes,Yes,No internet,Month-to-month,Yes,Bank transfer,32.8,407.22,Yes
CUST04725,Male,0,Yes,No,10,Yes,Yes,No,Yes,Yes,Yes,No,No internet,No internet,Two year,No,Mailed check,58.71,551.88,No
CUST04726,Male,0,Yes,No,18,Yes,No,Fiber optic,No,Yes,No,No,No internet,No,One year,Yes,Electronic check,52.17,897.31,No
CUST04727,Male,0,Yes,No,33,Yes,No,Fiber optic,No,No,No,No,No internet,No internet,Two year,Yes,Bank transfer,60.63,1953.47,No
CUST04728,Male,0,No,No,2,No,No,DSL,No,Yes,No internet,No internet,No,Yes,One year,No,Electronic check,49.11,84.85,No
CUST04729,Male,0,No,Yes,37,No,No,DSL,Yes,Yes,Yes,No,Yes,Yes,Month-to-month,Yes,Credit card,68.84,2598.91,No
CUST04730,Female,0,Yes,No,0,Yes,Yes,DSL,No,No internet,No,No,No internet,Yes,Two year,No,Mailed check,46.92,0.0,No
CUST04731,Male,0,No,No,14,Yes,Yes,Fiber optic,Yes,No internet,No,Yes,No,No internet,Two year,No,Electronic check,64.87,912.83,No
CUST04732,Male,0,No,Yes,21,Yes,Yes,DSL,Yes,Yes,No internet,No,Yes,Yes,Month-to-month,Yes,Electronic check,60.61,1385.96,Yes
CUST04733,Female,0,Yes,No,72,Yes,No phone service,No,Yes,No,No,No internet,No,No,Month-to-month,No,Credit card,120.0,8749.12,Yes
CUST04734,Male,0,Yes,Yes,20,Yes,No,No,No internet,Yes,Yes,No,No internet,No,Month-to-month,Yes,Electronic check,43.48,767.22,Yes
CUST04735,Male,0,Yes,No,4,Yes,Yes,Fiber optic,No internet,No internet,Yes,Yes,No,No internet,One year,No,Credit card,35.12,378.81,Yes
CUST04736,Male,0,Yes,No,17,Yes,Yes,DSL,No,Yes,Yes,No internet,Yes,Yes,Month-to-month,No,Electronic check,52.72,959.76,No
CUST04737,Male,0,No,No,12,Yes,No,Fiber optic,No,No,No,No,Yes,No,Month-to-month,No,Mailed check,43.03,467.44,Yes
CUST04738,Male,0,Yes,No,15,Yes,Yes,Fiber optic,No,Yes,No,No internet,Yes,Yes,Month-to-month,Yes,Credit card,75.49,945.6,Yes
CUST04739,Female,0,Yes,Yes,5,Yes,No,DSL,Yes,No,Yes,No,No,Yes,Month-to-month,Yes,Electronic check,78.74,481.13,Yes
CUST04740,Male,0,No,No,16,Yes,Yes,Fiber optic,No internet,No,Yes,No internet,Yes,No internet,Month-to-month,Yes,Electronic check,51.98,873.63,No
CUST04741,Female,0,No,Yes,3,Yes,Yes,No,No,No,No internet,No,Yes,Yes,One year,No,Credit card,59.22,85.13,No
CUST04742,Female,0,Yes,No,32,No,No,Fiber optic,Yes,Yes,No internet,No,Yes,Yes,Two year,No,Bank transfer,72.15,2319.6,No
CUST04743,Male,0,No,No,21,Yes,Yes,Fiber optic,No,No,Yes,No,Yes,No internet,One year,Yes,Bank transfer,53.67,987.03,No
CUST04744,Female,0,Yes,No,1,Yes,Yes,No,No,Yes,No,Yes,No,Yes,One year,Yes,Credit card,59.77,0.0,No
CUST04745,Male,0,Yes,Yes,52,Yes,No,Fiber optic,No internet,Yes,No,No internet,No,No internet,One year,No,Mailed check,88.44,4569.43,No
CUST04746,Female,0,No,No,22,Yes,Yes,Fiber optic,No internet,Yes,No,No internet,No,No,One year,Yes,Credit card,35.97,769.12,No
CUST04747,Female,0,Yes,No,9,Yes,No,Fiber optic,Yes,No,Yes,Yes,No,Yes,Month-to-month,Yes,Bank transfer,36.8,480.44,Yes
CUST04748,Male,1,No,No,1,Yes,No,No,No internet,No,No,No internet,Yes,No,Month-to-month,Yes,Bank transfer,56.12,56.45,Yes
CUST04749,Male,0,Yes,Yes,24,Yes,Yes,No,Yes,Yes,Yes,Yes,Yes,No,Month-to-month,Yes,Electronic check,57.19,1326.9,Yes
CUST04750,Male,1,Yes,No,11,Yes,Yes,Fiber optic,Yes,No,Yes,No,No,No,Two year,No,Credit card,66.67,660.03,No
CUST04751,Male,1,Yes,Yes,57,Yes,No,Fiber optic,Yes,No,Yes,No,Yes,No,Two year,No,Credit card,74.72,4285.65,Yes
CUST04752,Male,0,Yes,No,0,Yes,No,DSL,Yes,No,Yes,Yes,No internet,Yes,One year,Yes,Electronic check,34.4,0.0,Yes
CUST04753,Female,0,No,No,0,Yes,No,Fiber optic,Yes,No internet,No,No,No internet,No internet,Two year,No,Bank transfer,44.58,11.12,No
CUST04754,Female,0,No,Yes,71,No,Yes,DSL,Yes,Yes,No,No internet,No,No,Two year,Yes,Mailed check,67.99,5000.01,No
CUST04755,Female,1,No,Yes,72,No,No,Fiber optic,No internet,No,Yes,No internet,Yes,No,Two year,No,Bank transfer,113.93,8303.38,No
CUST04756,Female,0,No,No,0,Yes,Yes,Fiber optic,No,Yes,No,Yes,Yes,No internet,Month-to-month,Yes,Credit card,65.61,210.26,Yes
CUST04757,Female,1,Yes,No,30,Yes,No,Fiber optic,No,No,Yes,No internet,No internet,Yes,One year,No,Electronic check,84.16,2454.86,No
CUST04758,Female,0,No,Yes,6,Yes,No,Fiber optic,No,No,Yes,Yes,Yes,No,One year,Yes,Credit card,68.29,455.78,Yes
CUST04759,Female,0,No,No,29,Yes,No,DSL,No internet,No,Yes,No,Yes,No,One year,Yes,Electronic check,58.07,1667.52,No
CUST04760,Male,0,No,No,48,Yes,No,Fiber optic,No,No,No,Yes,No,No,Month-to-month,No,Mailed check,67.42,3358.04,Yes
CUST04761,Male,0,No,No,2,Yes,Yes,DSL,Yes,Yes,Yes,No internet,Yes,Yes,One year,Yes,Mailed check,57.03,104.3,No
CUST04762,Female,0,No,Yes,6,Yes,Yes,DSL,No internet,No,No,No,No,Yes,Month-to-month,No,Electronic check,64.63,494.76,Yes
CUST04763,Female,0,Yes,Yes,0,Yes,Yes,DSL,No,Yes,Yes,No,No,No,Two year,Yes,Mailed check,55.42,0.0,No
CUST04764,Male,0,No,No,1,Yes,No,Fiber optic,No,No,No internet,No,No internet,No,Two year,Yes,Credit card,54.89,40.07,Yes
CUST04765,Male,0,Yes,No,0,Yes,No phone service,Fiber optic,No,No internet,Yes,No,Yes,No,Month-to-month,No,Electronic check,55.26,0.0,Yes
CUST04766,Male,0,Yes,No,38,Yes,No,Fiber optic,Yes,Yes,No,No,Yes,Yes,Month-to-month,Yes,Electronic check,83.6,3298.78,Yes
CUST04767,Male,0,No,No,8,Yes,Yes,No,No,No,No,No,No,Yes,One year,Yes,Bank transfer,70.36,463.64,No
CUST04768,Female,0,Yes,No,16,No,No,Fiber optic,No,Yes,No,No internet,No,No,One year,Yes,Bank transfer,54.49,825.08,No
CUST04769,Male,0,Yes,Yes,37,Yes,Yes,Fiber optic,No,Yes,Yes,Yes,No internet,Yes,One year,Yes,Credit card,77.9,2863.07,No
CUST04770,Female,0,Yes,No,16,Yes,Yes,Fiber optic,No internet,No,Yes,No internet,No,Yes,One year,Yes,Electronic check,26.23,231.99,No
CUST04771,Female,0,No,No,13,Yes,Yes,No,No,Yes,No,No internet,No,No internet,Two year,Yes,Credit card,31.62,380.76,No
CUST04772,Female,0,Yes,No,0,Yes,No phone service,DSL,No,No internet,No,No internet,Yes,Yes,Month-to-month,No,Mailed check,44.74,8.57,Yes
CUST04773,Male,0,No,No,20,Yes,Yes,Fiber optic,Yes,No,No,No internet,No,Yes,One year,No,Electronic check,50.45,1164.85,No
CUST04774,Male,0,Yes,No,3,Yes,Yes,DSL,Yes,No internet,No,No internet,No,No,Two year,No,Credit card,77.79,201.26,No
CUST04775,Female,0,Yes,No,34,Yes,Yes,DSL,No,No internet,No internet,Yes,No,No internet,Two year,No,Electronic check,62.56,2113.16,No
CUST04776,Female,0,Yes,Yes,7,Yes,No,No,No internet,No,No,No internet,No internet,No internet,Month-to-month,Yes,Bank transfer,59.07,356.54,Yes
CUST04777,Female,0,No,No,26,Yes,Yes,Fiber optic,No,No,No,No internet,No,No internet,Month-to-month,Yes,Bank transfer,66.16,1671.45,Yes
CUST04778,Male,0,Yes,No,24,Yes,No,DSL,No,No,No,No,Yes,No,Month-to-month,Yes,Mailed check,40.92,951.47,Yes
CUST04779,Female,0,No,No,23,Yes,No,No,Yes,Yes,No,No,Yes,No internet,Two year,Yes,Bank transfer,65.85,1504.58,No
CUST04780,Male,0,No,No,7,Yes,Yes,No,Yes,No internet,Yes,No internet,No internet,No,Month-to-month,Yes,Bank transfer,54.0,410.32,Yes
CUST04781,Female,1,No,No,7,No,No,DSL,No,Yes,Yes,Yes,No internet,Yes,Month-to-month,No,Electronic check,86.97,669.2,Yes
CUST04782,Female,1,No,No,47,Yes,Yes,DSL,No,No,No internet,No,No,No,Month-to-month,No,Bank transfer,75.2,3494.95,No
CUST04783,Female,0,Yes,No,0,Yes,No,No,Yes,No,No,No internet,No,No,Month-to-month,No,Credit card,59.33,20.57,No
CUST04784,Male,0,No,No,4,Yes,No,Fiber optic,No internet,No,No,No,No,Yes,One year,Yes,Mailed check,60.7,197.03,No
CUST04785,Male,1,No,No,22,Yes,No,No,No,No,Yes,Yes,No internet,No,One year,Yes,Credit card,58.32,1209.68,No
CUST04786,Female,0,No,No,40,Yes,No,Fiber optic,No,Yes,No,No internet,Yes,No,One year,No,Mailed check,34.8,1512.58,No
CUST04787,Male,0,No,No,10,Yes,No,Fiber optic,No,No,No,No internet,Yes,No internet,Month-to-month,No,Mailed check,55.54,555.52,Yes
CUST04788,Female,0,No,No,25,Yes,No,DSL,Yes,No internet,No,No internet,Yes,No internet,Month-to-month,No,Bank transfer,81.21,1973.97,Yes
CUST04789,Male,0,No,No,19,Yes,No phone service,Fiber optic,No,No,No,No internet,No internet,No,Two year,Yes,Electronic check,64.15,1245.28,No
CUST04790,Male,1,Yes,Yes,1,Yes,Yes,No,No,Yes,No,No,No,Yes,Month-to-month,No,Credit card,74.21,182.89,Yes
CUST04791,Male,0,No,No,23,Yes,No phone service,DSL,No,No,Yes,No internet,No internet,No,Two year,No,Credit card,52.0,1138.95,No
CUST04792,Female,0,No,No,40,Yes,Yes,Fiber optic,No,No,No internet,No,No,Yes,Month-to-month,Yes,Credit card,81.55,3299.08,Yes
CUST04793,Male,0,No,Yes,72,Yes,Yes,DSL,No internet,No,No internet,No,No internet,No,Month-to-month,Yes,Bank transfer,58.98,4302.26,Yes
CUST04794,Male,0,Yes,Yes,0,Yes,No,Fiber optic,No,Yes,No,Yes,No,No,Month-to-month,No,Credit card,58.67,17.01,Yes
CUST04795,Female,1,No,Yes,25,No,Yes,DSL,No,No,No,No,No,No,Two year,Yes,Bank transfer,47.62,1189.78,No
CUST04796,Female,0,No,No,12,Yes,Yes,Fiber optic,No internet,No internet,Yes,Yes,Yes,No,Month-to-month,No,Mailed check,64.96,961.22,No
CUST04797,Female,0,Yes,No,0,Yes,Yes,Fiber optic,No internet,No,Yes,No,No,Yes,One year,Yes,Credit card,41.61,0.0,No
CUST04798,Female,0,No,Yes,22,Yes,Yes,Fiber optic,No,No internet,No,No,Yes,Yes,One year,Yes,Mailed check,73.71,1615.26,No
CUST04799,Male,0,Yes,No,3,Yes,Yes,Fiber optic,No,Yes,Yes,No,No,Yes,Month-to-month,Yes,Mailed check,50.91,111.06,Yes
CUST04800,Male,0,No,Yes,11,Yes,Yes,Fiber optic,No internet,No internet,No,No,Yes,No,Month-to-month,Yes,Electronic check,71.97,830.24,Yes
CUST04801,Male,0,Yes,No,7,Yes,No,DSL,No,No,No,No,Yes,Yes,Two year,Yes,Credit card,60.03,261.16,No
CUST04802,Male,0,Yes,No,10,Yes,No,Fiber optic,No,No,No,Yes,No,No,Month-to-month,No,Electronic check,56.34,672.06,Yes
CUST04803,Male,0,Yes,No,16,Yes,No,No,Yes,No,Yes,No,Yes,No,One year,No,Electronic check,75.78,1080.84,No
CUST04804,Female,0,No,No,10,No,Yes,Fiber optic,No internet,No,No,Yes,Yes,No,Two year,No,Electronic check,61.72,660.13,No
CUST04805,Male,0,Yes,No,19,Yes,No phone service,Fiber optic,No,No,Yes,No internet,No,Yes,Month-to-month,Yes,Mailed check,85.58,1567.66,Yes
CUST04806,Male,0,No,No,6,Yes,Yes,Fiber optic,No internet,No internet,No,No internet,No,Yes,Month-to-month,Yes,Electronic check,52.5,476.18,Yes
CUST04807,Male,0,No,Yes,24,No,Yes,Fiber optic,No,Yes,No internet,No internet,Yes,Yes,Month-to-month,Yes,Bank transfer,58.85,1441.69,Yes
CUST04808,Female,0,No,No,46,Yes,No phone service,Fiber optic,No internet,Yes,No,Yes,No,Yes,Month-to-month,Yes,Electronic check,59.53,2500.9,No
CUST04809,Female,0,Yes,No,6,Yes,No,DSL,Yes,Yes,No internet,No,Yes,Yes,Month-to-month,Yes,Bank transfer,44.65,245.23,Yes
CUST04810,Male,0,No,No,17,Yes,No phone service,No,No internet,No,Yes,Yes,No,No,One year,No,Electronic check,54.92,977.12,No
CUST04811,Female,0,No,No,25,Yes,Yes,DSL,No internet,No internet,No,No,No internet,No,One year,Yes,Electronic check,52.14,1273.8,No
CUST04812,Female,0,Yes,Yes,19,Yes,No,Fiber optic,No internet,Yes,No,Yes,No internet,No,One year,Yes,Credit card,69.08,1210.57,No
CUST04813,Female,0,Yes,No,10,Yes,Yes,DSL,No,Yes,Yes,No internet,No,Yes,Two year,Yes,Mailed check,36.16,97.98,No
CUST04814,Female,0,Yes,No,24,Yes,No,No,No internet,Yes,No,Yes,No,No,Month-to-month,Yes,Electronic check,49.01,1369.7,Yes
CUST04815,Female,0,No,Yes,0,Yes,Yes,Fiber optic,Yes,No internet,Yes,Yes,Yes,Yes,Month-to-month,No,Credit card,18.01,265.88,Yes
CUST04816,Female,1,Yes,No,11,Yes,Yes,DSL,Yes,Yes,No,Yes,No,Yes,Month-to-month,No,Electronic check,55.15,502.48,Yes
CUST04817,Female,0,Yes,No,18,Yes,Yes,No,No internet,Yes,No,No,No,No internet,Month-to-month,Yes,Electronic check,77.26,1415.52,Yes
CUST04818,Male,1,No,No,0,Yes,No,Fiber optic,No,Yes,Yes,No,No,No internet,Month-to-month,No,Mailed check,52.28,0.0,Yes
CUST04819,Male,0,No,Yes,17,Yes,Yes,Fiber optic,Yes,No internet,No,Yes,No,No internet,Month-to-month,Yes,Electronic check,45.91,880.75,Yes
CUST04820,Female,0,No,No,25,Yes,No phone service,No,No,Yes,Yes,No,No internet,Yes,Two year,Yes,Electronic check,51.31,1253.87,No
CUST04821,Male,0,No,No,34,Yes,No,DSL,No,No internet,Yes,No internet,Yes,No,Two year,Yes,Credit card,72.26,2426.01,No
CUST04822,Male,0,Yes,Yes,2,Yes,No,DSL,No,No,Yes,No,No internet,Yes,Month-to-month,No,Electronic check,70.16,7.76,No
CUST04823,Female,0,No,No,72,Yes,No,Fiber optic,Yes,No,No,No,No,No internet,Two year,Yes,Electronic check,99.11,7059.94,No
CUST04824,Male,0,Yes,No,22,Yes,No,Fiber optic,No,No,Yes,No,No internet,No,Two year,Yes,Credit card,41.15,993.16,No
CUST04825,Female,0,No,No,10,Yes,No,DSL,No internet,No,Yes,No,No internet,No,Month-to-month,Yes,Mailed check,75.91,818.81,Yes
CUST04826,Female,0,No,No,6,Yes,No phone service,No,No internet,No,Yes,Yes,No internet,Yes,Month-to-month,Yes,Electronic check,68.26,396.34,Yes
CUST04827,Female,1,Yes,No,20,Yes,No phone service,Fiber optic,No,No internet,No,Yes,No,Yes,Two year,No,Bank transfer,77.07,1678.45,No
CUST04828,Male,1,No,Yes,51,Yes,Yes,No,No,No,No,No internet,No,No,One year,No,Electronic check,68.52,3367.76,No
CUST04829,Male,0,Yes,No,17,Yes,Yes,DSL,No,No internet,No,No,No,No,Two year,No,Mailed check,44.95,649.74,No
CUST04830,Male,0,Yes,No,25,Yes,No,Fiber optic,No,No,Yes,No,No,No internet,Month-to-month,No,Bank transfer,50.99,1257.91,Yes
CUST04831,Male,0,No,Yes,10,Yes,Yes,DSL,Yes,No internet,No,No,Yes,Yes,Month-to-month,No,Credit card,46.96,568.86,No
CUST04832,Female,0,No,No,11,Yes,Yes,Fiber optic,No,No,Yes,No internet,No internet,No internet,Month-to-month,Yes,Electronic check,58.39,805.42,Yes
CUST04833,Female,0,No,No,8,Yes,No,DSL,No,No,No internet,No,No internet,No internet,Two year,Yes,Bank transfer,18.0,0.0,No
CUST04834,Male,0,No,No,29,Yes,No,Fiber optic,Yes,No internet,No,Yes,Yes,No,Month-to-month,Yes,Electronic check,45.25,1246.85,Yes
CUST04835,Female,0,No,No,10,Yes,No,DSL,No,Yes,No internet,No internet,No internet,No,Month-to-month,Yes,Mailed check,51.55,642.5,Yes
CUST04836,Female,1,Yes,No,5,Yes,No phone service,DSL,No internet,Yes,Yes,No,No internet,No,Month-to-month,Yes,Electronic check,77.28,251.65,Yes
CUST04837,Male,0,Yes,Yes,11,Yes,No,DSL,Yes,No,No,No,Yes,Yes,Month-to-month,No,Mailed check,50.9,341.83,Yes
CUST04838,Female,0,Yes,No,46,Yes,Yes,Fiber optic,No,No,No,No,No internet,No internet,Month-to-month,Yes,Mailed check,75.81,3458.41,No
CUST04839,Male,0,Yes,No,32,Yes,Yes,DSL,No,No,No internet,No,Yes,Yes,One year,No,Credit card,82.48,2756.28,No
CUST04840,Female,0,No,No,9,Yes,Yes,Fiber optic,Yes,No,No,No,Yes,Yes,Month-to-month,Yes,Credit card,42.55,402.99,Yes
CUST04841,Male,0,Yes,No,56,Yes,Yes,Fiber optic,No,Yes,Yes,Yes,No internet,Yes,Month-to-month,Yes,Bank transfer,62.87,3644.52,No
CUST04842,Female,0,Yes,No,1,Yes,Yes,DSL,No,No,Yes,No internet,No,Yes,Month-to-month,Yes,Electronic check,33.92,,Yes
CUST04843,Female,0,Yes,No,1,Yes,Yes,DSL,No,No,Yes,No,Yes,No,One year,Yes,Mailed check,46.33,167.71,No
CUST04844,Male,1,No,Yes,3,Yes,No,Fiber optic,No internet,Yes,Yes,No,No internet,No,Month-to-month,Yes,Credit card,51.73,300.01,Yes
CUST04845,Male,0,No,Yes,2,Yes,No,Fiber optic,No,No,Yes,No internet,No,No internet,Month-to-month,Yes,Electronic check,75.92,0.0,Yes
CUST04846,Male,0,Yes,Yes,2,Yes,No,DSL,Yes,Yes,Yes,Yes,Yes,Yes,One year,Yes,Mailed check,54.65,55.13,No
CUST04847,Male,0,No,No,25,Yes,No phone service,No,No internet,Yes,No,No,No,No internet,Month-to-month,Yes,Electronic check,72.61,1720.15,No
CUST04848,Female,0,Yes,Yes,22,Yes,Yes,Fiber optic,Yes,Yes,No,No,No,No internet,Month-to-month,No,Electronic check,48.18,1021.78,Yes
CUST04849,Female,0,No,No,25,Yes,No,DSL,No,Yes,Yes,No,No internet,Yes,One year,Yes,Electronic check,61.76,1642.91,No
CUST04850,Male,0,Yes,Yes,27,No,Yes,No,No,No internet,No,No,No,Yes,Month-to-month,No,Credit card,58.89,1673.3,No
CUST04851,Female,0,Yes,No,33,Yes,No,No,No internet,No,No,No internet,No,Yes,Month-to-month,Yes,Electronic check,69.37,2265.94,Yes
CUST04852,Male,1,No,No,5,Yes,Yes,Fiber optic,No,Yes,No,No internet,Yes,No,One year,Yes,Electronic check,68.23,465.54,No
CUST04853,Male,0,No,No,23,Yes,Yes,No,No,No internet,No,No,Yes,No internet,One year,No,Credit card,56.19,1158.89,No
CUST04854,Female,0,Yes,No,20,Yes,Yes,DSL,No,Yes,Yes,No,Yes,No internet,One year,No,Mailed check,56.87,1366.84,No
CUST04855,Female,0,No,Yes,69,No,No,No,No,No,No,No,Yes,No internet,Month-to-month,No,Bank transfer,101.43,7075.32,Yes
CUST04856,Male,0,No,No,6,Yes,Yes,DSL,No internet,No,No,No,No,Yes,Month-to-month,Yes,Electronic check,39.25,392.72,Yes
CUST04857,Male,0,No,Yes,1,Yes,No phone service,Fiber optic,Yes,No internet,No,Yes,Yes,No internet,Two year,Yes,Mailed check,61.31,20.09,No
CUST04858,Male,0,Yes,No,25,Yes,Yes,Fiber optic,No internet,Yes,No,No internet,Yes,Yes,Month-to-month,No,Electronic check,66.86,1591.85,No
CUST04859,Female,0,Yes,No,32,Yes,Yes,DSL,No,Yes,No,No,Yes,No,Month-to-month,Yes,Mailed check,77.23,2617.7,No
CUST04860,Female,0,No,No,7,Yes,Yes,No,No,Yes,No internet,No internet,No,Yes,One year,No,Mailed check,48.82,357.21,No
CUST04861,Female,0,Yes,No,20,Yes,Yes,DSL,No,No,No internet,Yes,No,No,Month-to-month,Yes,Mailed check,75.5,1455.43,No
CUST04862,Female,0,Yes,No,1,Yes,No,No,No,Yes,No internet,Yes,No,No,One year,Yes,Mailed check,40.94,50.41,No
CUST04863,Male,0,Yes,No,72,Yes,No,DSL,No internet,No,No internet,No internet,No,No,Month-to-month,Yes,Bank transfer,93.51,6701.1,Yes
CUST04864,Male,0,No,No,2,Yes,Yes,Fiber optic,No,No,Yes,No internet,No internet,Yes,Month-to-month,No,Mailed check,58.46,148.12,Yes
CUST04865,Male,0,Yes,No,1,Yes,Yes,DSL,No,Yes,No internet,Yes,No,No internet,Two year,Yes,Bank transfer,52.85,181.09,No
CUST04866,Male,0,No,No,1,Yes,Yes,Fiber optic,No,No internet,Yes,No,No internet,No,Month-to-month,No,Electronic check,65.89,70.28,Yes
CUST04867,Male,0,Yes,Yes,13,Yes,Yes,No,No,No,No internet,Yes,Yes,No internet,One year,Yes,Credit card,73.07,740.57,No
CUST04868,Male,0,Yes,No,2,Yes,Yes,Fiber optic,No,No,No,Yes,No,Yes,Month-to-month,No,Mailed check,61.26,40.76,Yes
CUST04869,Female,0,Yes,No,32,Yes,No,DSL,No internet,No,No internet,No,No,Yes,Month-to-month,Yes,Mailed check,92.64,2934.89,No
CUST04870,Female,0,Yes,Yes,54,Yes,Yes,DSL,Yes,Yes,No internet,No internet,No internet,Yes,Month-to-month,No,Mailed check,70.99,3819.68,Yes
CUST04871,Male,0,No,No,7,Yes,No,DSL,Yes,No,No internet,No,Yes,No,Month-to-month,Yes,Credit card,49.49,146.47,Yes
CUST04872,Male,0,No,No,23,Yes,No,No,No internet,No,No internet,No,Yes,Yes,Two year,No,Credit card,65.79,1466.62,No
CUST04873,Female,0,Yes,No,1,Yes,Yes,Fiber optic,No internet,Yes,Yes,Yes,Yes,No,Two year,Yes,Electronic check,47.87,39.37,No
CUST04874,Female,0,Yes,No,11,No,Yes,Fiber optic,No,No internet,No internet,Yes,Yes,No,One year,Yes,Bank transfer,50.03,477.98,No
CUST04875,Female,0,No,No,8,No,No phone service,DSL,Yes,No internet,Yes,Yes,No,Yes,Two year,Yes,Electronic check,32.01,252.56,No
CUST04876,Female,0,No,Yes,6,Yes,Yes,Fiber optic,No internet,No,No,Yes,No internet,No,One year,No,Electronic check,64.68,516.84,No
CUST04877,Male,0,No,Yes,24,Yes,No,Fiber optic,No,Yes,No,Yes,Yes,Yes,Month-to-month,Yes,Credit card,60.37,1394.09,Yes
CUST04878,Male,0,No,No,3,No,No,DSL,No internet,No,No,No,No,Yes,Month-to-month,Yes,Electronic check,50.65,0.0,No
CUST04879,Male,0,Yes,No,47,Yes,No,Fiber optic,Yes,Yes,No,No,No,Yes,One year,Yes,Electronic check,58.23,2950.89,No
CUST04880,Male,0,No,No,26,Yes,No,DSL,Yes,Yes,No,Yes,No,Yes,Month-to-month,Yes,Bank transfer,57.13,1424.76,No
CUST04881,Male,0,Yes,No,29,Yes,Yes,Fiber optic,No,No,No,No,Yes,No,Month-to-month,No,Credit card,68.05,1947.78,Yes
CUST04882,Female,0,Yes,Yes,65,Yes,Yes,Fiber optic,No internet,Yes,No,No internet,No,No,Two year,Yes,Electronic check,64.42,4190.82,No
CUST04883,Male,1,No,No,68,Yes,No phone service,DSL,No internet,Yes,No,No,No internet,Yes,Month-to-month,Yes,Electronic check,91.48,6083.87,Yes
CUST04884,Female,0,No,Yes,19,Yes,No,DSL,No,Yes,No,Yes,No,No internet,Month-to-month,Yes,Electronic check,52.98,1030.69,Yes
CUST04885,Male,0,No,Yes,16,Yes,No,DSL,Yes,No internet,Yes,No,Yes,No,Month-to-month,Yes,Electronic check,56.45,854.27,Yes
CUST04886,Male,1,Yes,No,9,Yes,Yes,DSL,Yes,Yes,Yes,No internet,No,No internet,One year,Yes,Electronic check,61.8,579.79,No
CUST04887,Male,0,Yes,Yes,30,Yes,No,Fiber optic,No internet,Yes,No internet,Yes,Yes,No,Month-to-month,Yes,Credit card,44.81,1399.72,Yes
CUST04888,Male,0,Yes,No,18,Yes,No,DSL,No,No,No internet,No,No,No,Month-to-month,Yes,Electronic check,71.73,1409.88,No
CUST04889,Male,0,No,Yes,64,Yes,Yes,Fiber optic,No internet,No,No,No,No internet,No,Month-to-month,Yes,Bank transfer,45.03,3057.13,Yes
CUST04890,Female,0,Yes,Yes,6,Yes,No,Fiber optic,No,Yes,Yes,No,Yes,No,Month-to-month,No,Credit card,56.21,315.97,Yes
CUST04891,Female,0,No,No,8,Yes,Yes,No,Yes,No internet,Yes,No,No,Yes,Month-to-month,Yes,Bank transfer,69.6,500.36,Yes
CUST04892,Female,1,Yes,No,9,Yes,No,DSL,No,Yes,No internet,No,No,Yes,Two year,No,Electronic check,63.24,446.53,No
CUST04893,Male,0,No,Yes,39,Yes,Yes,DSL,No,No internet,No internet,Yes,No,Yes,Month-to-month,Yes,Bank transfer,48.83,1960.26,No
CUST04894,Male,0,No,No,2,Yes,No,DSL,No,Yes,No,No,No internet,No,One year,No,Credit card,62.83,126.72,No
CUST04895,Female,0,Yes,No,14,Yes,Yes,Fiber optic,No internet,Yes,No,No,Yes,No,One year,Yes,Electronic check,32.8,442.25,No
CUST04896,Male,0,Yes,No,13,No,No,Fiber optic,No,No internet,No internet,No internet,No internet,No,Month-to-month,Yes,Electronic check,51.45,545.34,Yes
CUST04897,Male,0,No,Yes,1,Yes,No,Fiber optic,No internet,No,Yes,No,No internet,Yes,Month-to-month,No,Electronic check,67.56,0.38,Yes
CUST04898,Female,1,No,No,12,Yes,No,DSL,Yes,No internet,No,No internet,Yes,Yes,Month-to-month,No,Mailed check,64.33,832.83,No
CUST04899,Male,1,No,No,17,Yes,Yes,DSL,No,No,No internet,No,Yes,Yes,One year,Yes,Electronic check,68.81,1262.26,No
CUST04900,Female,0,No,Yes,1,Yes,Yes,Fiber optic,No,Yes,No internet,Yes,No internet,Yes,Month-to-month,Yes,Bank transfer,68.98,93.42,Yes
CUST04901,Male,1,Yes,Yes,17,Yes,No,DSL,Yes,No internet,Yes,No,Yes,Yes,Month-to-month,Yes,Bank transfer,45.71,784.79,No
CUST04902,Female,0,No,No,72,Yes,Yes,No,No,Yes,No internet,No,No,No,Month-to-month,No,Mailed check,86.73,6372.39,Yes
CUST04903,Male,0,Yes,Yes,72,Yes,Yes,DSL,No,No,Yes,No,Yes,No,Month-to-month,No,Bank transfer,86.09,6284.44,Yes
CUST04904,Male,0,No,No,18,Yes,Yes,Fiber optic,Yes,Yes,Yes,No,Yes,No,Month-to-month,Yes,Electronic check,47.44,939.15,Yes
CUST04905,Female,0,Yes,Yes,17,Yes,Yes,DSL,Yes,No,Yes,No internet,Yes,Yes,Two year,No,Bank transfer,49.16,757.23,No
CUST04906,Male,0,No,No,8,Yes,Yes,No,No,No,Yes,Yes,Yes,No,Month-to-month,Yes,Bank transfer,69.05,773.35,Yes
CUST04907,Male,0,Yes,No,72,Yes,No,Fiber optic,No internet,No,No,No internet,No internet,Yes,Month-to-month,No,Bank transfer,58.12,4339.97,Yes
CUST04908,Female,0,Yes,Yes,7,Yes,Yes,DSL,No,No,Yes,Yes,No internet,Yes,One year,Yes,Electronic check,50.73,397.55,No
CUST04909,Male,0,Yes,No,14,Yes,Yes,Fiber optic,No,Yes,No internet,No internet,No,No internet,Two year,Yes,Bank transfer,46.43,585.07,Yes
CUST04910,Female,0,No,No,0,Yes,No,Fiber optic,No,Yes,No internet,Yes,Yes,Yes,Month-to-month,Yes,Mailed check,52.88,0.0,Yes
CUST04911,Male,1,No,Yes,10,Yes,Yes,DSL,Yes,No,Yes,No,Yes,Yes,Month-to-month,No,Mailed check,57.09,614.31,Yes
CUST04912,Male,0,No,No,1,Yes,Yes,No,Yes,No internet,No,No internet,No,Yes,Month-to-month,No,Electronic check,53.11,79.78,Yes
CUST04913,Male,0,Yes,No,32,Yes,No,Fiber optic,No,No internet,No,No internet,No internet,No,Month-to-month,No,Electronic check,65.13,2060.76,Yes
CUST04914,Male,0,No,No,19,Yes,No,Fiber optic,No,Yes,No,No,No internet,No,Month-to-month,Yes,Mailed check,60.02,1035.32,Yes
CUST04915,Female,0,No,Yes,20,Yes,Yes,Fiber optic,No,Yes,Yes,Yes,No internet,No,Month-to-month,Yes,Mailed check,58.4,1203.96,Yes
CUST04916,Male,0,Yes,No,8,Yes,No,Fiber optic,No,No,Yes,No internet,Yes,No,Month-to-month,Yes,Mailed check,55.43,427.04,Yes
CUST04917,Female,0,Yes,No,40,Yes,No phone service,Fiber optic,Yes,No,No,No,Yes,Yes,Two year,No,Bank transfer,73.09,2775.2,No
CUST04918,Male,0,Yes,No,0,Yes,No phone service,Fiber optic,No,No,No,Yes,Yes,No internet,Month-to-month,No,Electronic check,50.95,1.11,Yes
CUST04919,Male,0,Yes,No,9,Yes,No,Fiber optic,No,No internet,No internet,No,Yes,No,Month-to-month,Yes,Electronic check,51.65,558.66,Yes
CUST04920,Male,0,Yes,Yes,25,Yes,Yes,No,No,Yes,Yes,No,Yes,No internet,Two year,No,Mailed check,77.64,1976.51,No
CUST04921,Male,0,No,No,57,Yes,Yes,No,Yes,Yes,No,No internet,Yes,No,One year,No,Bank transfer,64.55,3646.85,No
CUST04922,Female,0,Yes,No,6,Yes,Yes,DSL,No internet,No internet,No internet,No internet,Yes,No,Month-to-month,Yes,Mailed check,85.48,683.58,Yes
CUST04923,Female,0,No,Yes,18,Yes,Yes,Fiber optic,Yes,No,No internet,No internet,Yes,Yes,Month-to-month,Yes,Credit card,45.85,753.02,Yes
CUST04924,Female,0,No,Yes,18,Yes,No phone service,DSL,No internet,No,Yes,Yes,Yes,Yes,Two year,Yes,Bank transfer,51.76,969.1,No
CUST04925,Female,0,No,Yes,49,Yes,Yes,DSL,No,Yes,No,No,No,Yes,Month-to-month,No,Electronic check,47.11,2256.59,No
CUST04926,Male,0,No,No,1,Yes,No,DSL,No,No,Yes,Yes,Yes,No internet,One year,No,Mailed check,45.96,53.84,No
CUST04927,Female,1,Yes,No,13,Yes,Yes,DSL,No,No,No,No,Yes,Yes,Two year,No,Mailed check,79.72,993.94,No
CUST04928,Female,0,No,No,4,Yes,Yes,No,No internet,No,No,No internet,No,No,Month-to-month,No,Mailed check,37.59,277.56,Yes
CUST04929,Male,0,Yes,No,0,Yes,No phone service,Fiber optic,Yes,No,No,No,Yes,Yes,One year,Yes,Credit card,70.49,31.32,No
CUST04930,Male,0,No,No,3,Yes,Yes,DSL,No,No,No,No internet,No,No internet,Two year,No,Mailed check,48.87,171.25,No
CUST04931,Male,0,No,No,72,Yes,Yes,DSL,No,No internet,Yes,No,No internet,No,One year,No,Bank transfer,64.81,4628.93,No
CUST04932,Male,0,No,Yes,5,Yes,No,DSL,No internet,No,No internet,No,No internet,No,Month-to-month,No,Credit card,39.99,184.58,Yes
CUST04933,Female,1,No,Yes,65,Yes,No,Fiber optic,Yes,Yes,Yes,No,Yes,Yes,Two year,Yes,Electronic check,99.54,6541.55,No
CUST04934,Female,1,Yes,Yes,5,Yes,Yes,Fiber optic,No,Yes,Yes,No internet,No,No,One year,No,Electronic check,54.51,345.45,Yes
CUST04935,Male,0,Yes,No,64,Yes,No,Fiber optic,No,No internet,No,No,Yes,No,One year,No,Electronic check,106.13,6817.69,No
CUST04936,Male,0,No,No,25,Yes,Yes,No,No,No,No,No,No,No internet,One year,No,Electronic check,52.09,1375.25,No
CUST04937,Male,0,Yes,No,2,Yes,No,Fiber optic,Yes,Yes,Yes,No,No,Yes,Month-to-month,No,Electronic check,49.32,237.06,Yes
CUST04938,Female,0,No,No,20,No,Yes,Fiber optic,No,Yes,No internet,No internet,Yes,No internet,Month-to-month,Yes,Credit card,50.48,1067.11,Yes
CUST04939,Female,0,Yes,No,9,Yes,No,No,Yes,Yes,No,No,No,No,Month-to-month,No,Credit card,68.27,429.82,Yes
CUST04940,Male,0,No,No,11,No,Yes,Fiber optic,No internet,Yes,No,Yes,No internet,Yes,Month-to-month,Yes,Bank transfer,33.09,387.34,Yes
CUST04941,Male,0,Yes,No,13,Yes,No,DSL,Yes,No internet,Yes,No internet,Yes,No,Month-to-month,Yes,Bank transfer,25.57,532.33,No
CUST04942,Female,0,Yes,Yes,13,No,No,Fiber optic,No internet,Yes,No internet,No,Yes,Yes,Month-to-month,No,Electronic check,48.42,726.77,Yes
CUST04943,Male,0,No,No,26,Yes,No phone service,Fiber optic,No,Yes,No internet,No internet,Yes,No internet,Month-to-month,Yes,Bank transfer,59.75,1553.94,Yes
CUST04944,Male,0,Yes,No,35,Yes,No,Fiber optic,Yes,No,Yes,No,No,Yes,Two year,Yes,Electronic check,42.08,1547.15,Yes
CUST04945,Female,0,Yes,Yes,9,Yes,Yes,Fiber optic,Yes,No,No,No,Yes,No,One year,No,Mailed check,60.94,518.99,No
CUST04946,Male,0,Yes,Yes,61,Yes,No,Fiber optic,No,No internet,Yes,No internet,Yes,Yes,One year,Yes,Mailed check,91.11,5613.53,No
CUST04947,Female,1,Yes,No,66,Yes,No,No,No,No,Yes,No,Yes,No,Month-to-month,No,Bank transfer,87.7,5862.43,No
CUST04948,Male,0,Yes,No,0,Yes,Yes,Fiber optic,No,Yes,No,Yes,No,No internet,Month-to-month,Yes,Electronic check,39.77,149.17,Yes
CUST04949,Male,0,Yes,No,0,Yes,No,No,Yes,No internet,No,No internet,Yes,Yes,Month-to-month,Yes,Electronic check,71.94,0.0,Yes
CUST04950,Female,0,No,Yes,13,Yes,Yes,Fiber optic,No,No,No internet,No internet,No internet,Yes,One year,Yes,Bank transfer,39.81,402.78,No
CUST04951,Female,0,Yes,No,21,Yes,No,Fiber optic,No,Yes,No internet,Yes,No,Yes,Two year,No,Bank transfer,68.47,1398.08,No
CUST04952,Male,0,No,No,7,Yes,No phone service,No,No,Yes,No,No internet,No,No internet,Month-to-month,Yes,Electronic check,46.33,396.59,Yes
CUST04953,Female,0,Yes,No,7,Yes,Yes,No,No,No internet,No internet,No,Yes,Yes,One year,No,Electronic check,56.24,493.9,No
CUST04954,Male,1,Yes,No,27,Yes,No,Fiber optic,No,Yes,No,Yes,No,No,One year,No,Credit card,85.33,2314.21,No
CUST04955,Male,0,Yes,No,22,No,Yes,Fiber optic,No,Yes,Yes,No internet,No internet,Yes,One year,No,Electronic check,65.79,1255.38,No
CUST04956,Female,0,No,Yes,4,Yes,Yes,Fiber optic,No,No,Yes,Yes,Yes,No,Month-to-month,Yes,Bank transfer,24.83,226.5,Yes
CUST04957,Male,0,Yes,No,51,No,Yes,Fiber optic,Yes,No,No internet,No,No,No,Month-to-month,Yes,Electronic check,89.2,4589.46,Yes
CUST04958,Male,1,No,No,27,No,Yes,DSL,No internet,No,No,No internet,Yes,No internet,Month-to-month,No,Bank transfer,44.73,1251.91,No
CUST04959,Female,0,No,No,10,Yes,No,Fiber optic,No,Yes,No,No internet,No internet,Yes,Month-to-month,Yes,Bank transfer,64.95,415.25,Yes
CUST04960,Female,1,Yes,No,27,Yes,No,DSL,Yes,Yes,Yes,Yes,No,Yes,Month-to-month,Yes,Credit card,80.27,2313.44,Yes
CUST04961,Male,1,No,No,2,Yes,Yes,Fiber optic,No,Yes,No,No,No,No,Month-to-month,Yes,Mailed check,56.73,95.87,Yes
CUST04962,Female,0,Yes,No,15,No,Yes,No,No internet,No,Yes,Yes,No,Yes,Month-to-month,No,Electronic check,64.45,1088.2,No
CUST04963,Female,0,Yes,No,4,Yes,Yes,DSL,No internet,Yes,No internet,Yes,No,No,Month-to-month,Yes,Credit card,35.29,221.23,Yes
CUST04964,Female,1,No,No,1,No,No phone service,DSL,Yes,Yes,Yes,No internet,No,No,Month-to-month,Yes,Mailed check,40.49,,Yes
CUST04965,Female,0,No,Yes,9,Yes,No,No,No internet,Yes,No,No internet,Yes,No internet,Month-to-month,No,Credit card,62.79,606.17,Yes
CUST04966,Male,0,No,No,3,Yes,No,Fiber optic,Yes,No,Yes,No,No internet,No,Month-to-month,No,Bank transfer,46.49,249.75,Yes
CUST04967,Male,0,No,No,24,Yes,No,Fiber optic,No,No,No internet,No internet,No,Yes,Month-to-month,Yes,Mailed check,84.4,1853.06,Yes
CUST04968,Male,0,No,No,26,Yes,Yes,Fiber optic,Yes,No internet,No,No,No,Yes,One year,Yes,Credit card,57.56,1595.17,No
CUST04969,Female,0,No,No,3,No,No,DSL,No,Yes,No,No internet,Yes,Yes,Two year,Yes,Mailed check,36.15,0.0,No
CUST04970,Female,0,Yes,No,0,Yes,No,DSL,Yes,No internet,Yes,No,No internet,No,Month-to-month,Yes,Bank transfer,89.62,0.0,Yes
CUST04971,Female,0,No,No,37,Yes,Yes,No,No,No,No,No,No,No,Month-to-month,Yes,Bank transfer,47.14,1630.6,No
CUST04972,Female,0,No,No,0,Yes,Yes,Fiber optic,Yes,No internet,Yes,Yes,No,No,Two year,Yes,Mailed check,52.25,228.11,Yes
CUST04973,Female,0,Yes,No,10,No,No,DSL,No,No internet,No internet,No,No internet,No internet,One year,Yes,Bank transfer,56.61,585.85,No
CUST04974,Female,1,Yes,No,16,Yes,No,DSL,Yes,No internet,No,Yes,Yes,Yes,Month-to-month,Yes,Credit card,78.7,1064.21,Yes
CUST04975,Female,0,Yes,No,40,Yes,Yes,Fiber optic,Yes,Yes,No,Yes,Yes,No internet,One year,Yes,Bank transfer,64.94,2526.15,No
CUST04976,Male,0,No,Yes,43,Yes,No,DSL,No,Yes,No internet,Yes,Yes,Yes,Month-to-month,No,Mailed check,67.4,2828.55,No
CUST04977,Male,0,No,No,30,Yes,No,DSL,No,No,No internet,No,No,No internet,One year,Yes,Bank transfer,62.76,1893.18,No
CUST04978,Female,0,No,No,6,Yes,No,DSL,No,No,Yes,No,Yes,Yes,Two year,Yes,Electronic check,80.01,406.14,No
CUST04979,Female,1,Yes,Yes,30,Yes,No,DSL,No,No,No internet,Yes,Yes,No internet,Month-to-month,Yes,Electronic check,87.98,2492.34,Yes
CUST04980,Female,0,No,No,6,Yes,Yes,Fiber optic,No internet,No,Yes,Yes,No,Yes,Two year,Yes,Electronic check,40.2,380.11,No
CUST04981,Male,0,Yes,No,5,Yes,No phone service,No,Yes,Yes,No,No internet,No,No,Month-to-month,No,Mailed check,44.57,213.78,Yes
CUST04982,Male,1,No,No,19,Yes,Yes,Fiber optic,No,No,Yes,Yes,No,No internet,Month-to-month,No,Credit card,67.53,1265.32,Yes
CUST04983,Female,1,No,Yes,27,Yes,Yes,DSL,Yes,Yes,No internet,No,Yes,Yes,Month-to-month,Yes,Bank transfer,60.06,1784.92,Yes
CUST04984,Female,0,No,No,1,Yes,No,DSL,No,No,Yes,Yes,Yes,No internet,Two year,No,Credit card,26.39,216.39,No
CUST04985,Male,0,No,No,1,Yes,Yes,No,No,No internet,Yes,No,No,No,Month-to-month,No,Electronic check,40.29,32.97,No
CUST04986,Male,0,No,No,36,Yes,No,Fiber optic,No,No,No,Yes,No,No,One year,Yes,Bank transfer,54.33,,No
CUST04987,Male,0,Yes,No,47,Yes,Yes,Fiber optic,No internet,No,No,No,Yes,No,Two year,Yes,Electronic check,97.15,4566.42,No
CUST04988,Male,0,Yes,No,22,Yes,No,No,No,Yes,No,Yes,Yes,No,Month-to-month,No,Electronic check,62.27,1600.47,No
CUST04989,Female,0,No,No,13,Yes,Yes,Fiber optic,No internet,Yes,No,No,No internet,No,Month-to-month,No,Credit card,34.01,355.19,No
CUST04990,Male,0,Yes,No,44,Yes,No,Fiber optic,No,No,Yes,No,Yes,Yes,Month-to-month,Yes,Electronic check,67.38,2863.44,Yes
CUST04991,Male,0,Yes,Yes,31,Yes,Yes,No,No internet,No internet,No,No internet,No,Yes,One year,Yes,Electronic check,72.08,2257.81,No
CUST04992,Female,0,No,No,20,Yes,No,Fiber optic,No internet,Yes,No,No,No,No,Two year,No,Mailed check,70.99,1411.51,No
CUST04993,Male,1,Yes,No,9,Yes,Yes,Fiber optic,No,No internet,Yes,Yes,No internet,No,Month-to-month,Yes,Bank transfer,67.48,636.39,Yes
CUST04994,Male,0,Yes,No,5,Yes,Yes,Fiber optic,No internet,Yes,No,No,Yes,No,One year,No,Bank transfer,60.41,323.52,No
CUST04995,Male,1,No,No,13,Yes,Yes,No,No,No,No,No,Yes,No internet,Month-to-month,Yes,Electronic check,64.4,823.92,No
CUST04996,Female,1,Yes,No,8,Yes,No phone service,No,No,No,No,No,No internet,Yes,Month-to-month,Yes,Electronic check,61.94,443.91,Yes
CUST04997,Male,0,Yes,No,9,Yes,No,Fiber optic,Yes,No,Yes,No,No,No internet,Month-to-month,Yes,Electronic check,103.9,896.87,Yes
CUST04998,Female,0,Yes,No,17,Yes,Yes,Fiber optic,No internet,No,No,Yes,No,Yes,One year,No,Electronic check,49.47,732.24,No
CUST04999,Female,0,No,No,4,Yes,No phone service,No,No internet,No,Yes,No,Yes,No,Two year,Yes,Credit card,33.11,109.21,No
CUST05000,Male,0,No,No,39,Yes,No phone service,Fiber optic,No internet,No,No,Yes,Yes,Yes,Two year,No,Credit card,62.93,2441.68,No
CUST05001,Male,0,No,Yes,3,Yes,No,Fiber optic,No,No internet,No,Yes,Yes,Yes,Month-to-month,Yes,Credit card,49.87,116.83,Yes
CUST05002,Male,0,Yes,Yes,15,Yes,Yes,DSL,No,No,Yes,No,No,Yes,One year,Yes,Credit card,34.0,554.78,No
CUST05003,Male,1,No,No,32,Yes,No,Fiber optic,No,No,No,No,Yes,Yes,Month-to-month,Yes,Credit card,83.52,2651.16,Yes
CUST05004,Female,0,No,No,15,Yes,Yes,DSL,No internet,No,No internet,No,Yes,No internet,Month-to-month,No,Credit card,48.35,741.57,No
CUST05005,Male,0,No,No,10,Yes,Yes,Fiber optic,No internet,Yes,No internet,No internet,Yes,No,Month-to-month,No,Credit card,20.3,200.5,Yes
CUST05006,Male,0,No,No,15,Yes,No phone service,Fiber optic,No,No,No internet,Yes,No,Yes,Month-to-month,Yes,Credit card,57.19,866.64,Yes
CUST05007,Male,0,Yes,No,45,No,Yes,Fiber optic,No,Yes,No internet,Yes,No,No,One year,Yes,Mailed check,60.32,2608.99,No
CUST05008,Female,1,Yes,Yes,72,Yes,No,Fiber optic,No,Yes,Yes,No internet,Yes,Yes,Month-to-month,No,Electronic check,111.21,7910.77,Yes
CUST05009,Male,0,Yes,No,23,Yes,No phone service,Fiber optic,No,No,No,No,No,Yes,Two year,Yes,Bank transfer,46.35,1177.14,No
CUST05010,Male,0,Yes,No,37,Yes,No,Fiber optic,Yes,Yes,No,No,Yes,No internet,Month-to-month,Yes,Bank transfer,60.38,2267.54,Yes
CUST05011,Female,0,No,No,0,Yes,No,No,Yes,No internet,Yes,No internet,No,No,Month-to-month,Yes,Bank transfer,55.17,0.0,Yes
CUST05012,Female,0,No,No,50,Yes,No,DSL,Yes,No,No,No internet,No internet,No internet,Month-to-month,No,Bank transfer,69.46,3294.18,Yes
CUST05013,Male,0,No,No,72,Yes,No,Fiber optic,No,No,Yes,Yes,Yes,No,Month-to-month,No,Bank transfer,71.83,5261.11,Yes
CUST05014,Male,0,Yes,No,20,Yes,Yes,No,No internet,No internet,No internet,No,Yes,Yes,Two year,Yes,Electronic check,45.79,981.77,No
CUST05015,Male,0,Yes,No,33,Yes,No,No,No,No,No internet,No,No internet,No internet,Month-to-month,Yes,Electronic check,84.5,2743.32,Yes
CUST05016,Male,1,Yes,No,17,No,No,No,No,Yes,No,Yes,No,No internet,Two year,No,Credit card,60.48,1036.79,No
CUST05017,Male,1,Yes,No,8,Yes,Yes,No,No internet,No internet,No,No,Yes,Yes,Month-to-month,Yes,Bank transfer,45.97,387.31,Yes
CUST05018,Female,0,Yes,Yes,45,Yes,No,DSL,No,No internet,No,No,Yes,Yes,Month-to-month,Yes,Electronic check,68.72,3002.47,Yes
CUST05019,Female,1,No,No,21,No,Yes,DSL,No,Yes,No internet,No,No internet,No,Month-to-month,Yes,Credit card,68.31,1434.71,No
CUST05020,Male,0,Yes,No,20,Yes,No,DSL,No,No internet,No internet,No,Yes,No,Two year,Yes,Electronic check,68.62,1362.88,No
CUST05021,Male,0,No,Yes,25,Yes,No,DSL,Yes,No,Yes,No,Yes,No,Month-to-month,No,Mailed check,43.24,985.22,No
CUST05022,Female,0,Yes,Yes,46,Yes,No,DSL,No,Yes,Yes,No,Yes,Yes,Two year,Yes,Electronic check,98.49,4550.94,No
CUST05023,Male,0,No,No,31,Yes,No,No,No internet,No,Yes,No,Yes,Yes,Month-to-month,Yes,Credit card,57.38,1808.69,Yes
CUST05024,Male,0,No,No,5,Yes,Yes,Fiber optic,No internet,No internet,Yes,No internet,Yes,No,Month-to-month,Yes,Bank transfer,78.4,283.47,Yes
CUST05025,Male,0,Yes,Yes,15,Yes,No,DSL,Yes,No,No internet,No,Yes,No,One year,No,Mailed check,60.54,995.03,No
CUST05026,Male,0,No,No,72,Yes,No,Fiber optic,No,No,No,No,Yes,No internet,Month-to-month,No,Credit card,94.51,6747.17,Yes
CUST05027,Male,0,No,No,19,Yes,Yes,DSL,No,Yes,No,No,No internet,No,Month-to-month,Yes,Credit card,71.89,1298.61,Yes
CUST05028,Female,0,No,No,66,Yes,Yes,DSL,No,No internet,No,Yes,No,Yes,Two year,No,Bank transfer,76.78,5141.98,No
CUST05029,Male,0,Yes,No,40,Yes,No,DSL,Yes,Yes,No,No internet,No internet,Yes,Month-to-month,Yes,Credit card,49.65,2056.49,Yes
CUST05030,Male,1,Yes,Yes,26,Yes,No,Fiber optic,No,Yes,No,No internet,Yes,Yes,Month-to-month,No,Bank transfer,83.76,2094.55,Yes
CUST05031,Male,0,No,No,10,Yes,No,No,No,No internet,No,No internet,Yes,Yes,Month-to-month,Yes,Bank transfer,87.54,919.12,Yes
CUST05032,Female,0,No,No,8,Yes,Yes,DSL,No,No internet,No internet,No internet,Yes,No,Month-to-month,Yes,Mailed check,54.16,476.08,Yes
CUST05033,Female,0,Yes,No,24,Yes,No,Fiber optic,No internet,No,No,Yes,Yes,No,Month-to-month,Yes,Electronic check,62.85,1468.53,Yes
CUST05034,Female,0,Yes,No,13,Yes,No,DSL,No,Yes,No,No,No internet,No internet,Month-to-month,Yes,Electronic check,61.5,857.56,Yes
CUST05035,Female,0,No,No,38,Yes,Yes,DSL,No,No,No internet,No internet,Yes,No,Two year,No,Credit card,47.1,1600.16,No
CUST05036,Male,0,Yes,No,34,No,Yes,DSL,No internet,No internet,No,No,No,Yes,Month-to-month,No,Electronic check,84.65,2816.48,Yes
CUST05037,Female,1,No,No,8,Yes,Yes,DSL,No,No,No internet,No internet,No internet,No internet,Two year,No,Mailed check,45.38,449.22,Yes
CUST05038,Male,0,No,No,29,Yes,No,Fiber optic,No,Yes,Yes,No,No,No internet,Month-to-month,Yes,Electronic check,86.94,2473.33,Yes
CUST05039,Male,1,No,Yes,16,Yes,No,Fiber optic,No,No internet,Yes,No,No,No,Month-to-month,No,Mailed check,71.92,1044.03,Yes
CUST05040,Female,0,Yes,No,9,Yes,Yes,DSL,No,No internet,No internet,No internet,No,No,Month-to-month,Yes,Electronic check,73.7,395.69,Yes
CUST05041,Female,0,Yes,Yes,12,Yes,Yes,DSL,No,No,Yes,No,Yes,No,Two year,No,Credit card,29.23,453.28,No
CUST05042,Female,0,Yes,No,54,Yes,No,No,No internet,No internet,No,No internet,No,No,One year,No,Credit card,90.18,4800.48,No
CUST05043,Female,0,No,No,10,No,Yes,DSL,No internet,Yes,No,Yes,No internet,Yes,Month-to-month,Yes,Credit card,57.83,424.24,No
CUST05044,Female,0,No,No,8,Yes,Yes,Fiber optic,Yes,No,No,No,No,No internet,Month-to-month,No,Bank transfer,50.25,438.61,Yes
CUST05045,Male,0,No,No,10,Yes,No,Fiber optic,No,Yes,No internet,Yes,No,No internet,One year,Yes,Credit card,72.2,881.51,No
CUST05046,Female,0,No,No,5,Yes,No,DSL,Yes,No internet,No,No,Yes,Yes,Two year,Yes,Mailed check,64.17,328.54,No
CUST05047,Female,0,Yes,No,18,Yes,No,DSL,No,No internet,No internet,Yes,No,No,One year,No,Mailed check,61.67,912.59,No
CUST05048,Female,0,Yes,No,3,Yes,No,DSL,Yes,No internet,No internet,Yes,Yes,Yes,Month-to-month,Yes,Electronic check,19.03,0.0,No
CUST05049,Male,0,No,No,40,Yes,No,Fiber optic,Yes,No,No internet,No,Yes,No,One year,Yes,Credit card,65.19,2706.85,No
CUST05050,Female,1,Yes,No,6,Yes,No,Fiber optic,No,No,No internet,No,No internet,No internet,One year,Yes,Electronic check,76.59,480.97,Yes
CUST05051,Male,0,Yes,No,21,Yes,No,Fiber optic,Yes,No internet,No,No internet,No internet,No,Month-to-month,Yes,Bank transfer,51.11,940.52,Yes
CUST05052,Female,0,Yes,No,3,No,No,No,Yes,No,Yes,Yes,No,Yes,Month-to-month,Yes,Credit card,56.05,422.35,Yes
CUST05053,Female,0,Yes,No,72,Yes,No,Fiber optic,No,Yes,No,No internet,No,No,Month-to-month,No,Bank transfer,95.77,6837.9,Yes
CUST05054,Male,0,Yes,No,14,Yes,No phone service,No,No,Yes,No internet,Yes,Yes,Yes,Month-to-month,Yes,Electronic check,75.87,1038.6,Yes
CUST05055,Female,0,No,No,41,Yes,Yes,Fiber optic,No internet,No internet,No internet,No internet,Yes,No internet,Two year,No,Bank transfer,73.83,2994.35,No
CUST05056,Male,0,No,Yes,35,Yes,Yes,DSL,No,No,No,No,No,No,Two year,No,Bank transfer,53.68,1966.64,No
CUST05057,Male,0,No,No,30,Yes,No,Fiber optic,No internet,Yes,No,No internet,No internet,No internet,Month-to-month,Yes,Electronic check,83.56,2483.75,Yes
CUST05058,Male,0,No,No,42,Yes,No,No,No,No,Yes,Yes,No internet,Yes,Month-to-month,No,Bank transfer,67.39,2643.77,Yes
CUST05059,Female,0,No,No,2,Yes,No,DSL,Yes,No internet,Yes,No,No,Yes,One year,Yes,Credit card,58.72,0.0,No
CUST05060,Female,0,No,No,27,Yes,No,Fiber optic,No,Yes,No,Yes,No internet,No internet,Month-to-month,Yes,Credit card,53.91,1396.58,Yes
CUST05061,Female,1,Yes,No,7,No,Yes,DSL,No,Yes,Yes,Yes,Yes,No internet,Month-to-month,Yes,Mailed check,44.01,328.46,Yes
CUST05062,Male,0,No,No,36,Yes,No phone service,No,No,No internet,No,No internet,No,Yes,Month-to-month,Yes,Electronic check,49.26,1721.79,No
CUST05063,Female,1,Yes,No,72,Yes,Yes,Fiber optic,No internet,Yes,No,No,Yes,No internet,Month-to-month,No,Mailed check,117.32,8507.5,Yes
CUST05064,Male,0,Yes,No,55,Yes,No phone service,DSL,Yes,No internet,No internet,No,No internet,No internet,Month-to-month,Yes,Bank transfer,76.9,4373.6,Yes
CUST05065,Female,0,Yes,No,2,Yes,No,No,No,Yes,No internet,No,Yes,No,One year,No,Credit card,61.9,0.0,No
CUST05066,Male,1,Yes,Yes,11,Yes,Yes,DSL,No,Yes,Yes,No,Yes,No internet,Month-to-month,No,Credit card,96.43,1081.18,Yes
CUST05067,Male,1,Yes,Yes,10,Yes,No,Fiber optic,No internet,No internet,Yes,Yes,No,No,Two year,Yes,Credit card,79.04,740.12,No
CUST05068,Male,0,Yes,Yes,3,Yes,Yes,Fiber optic,No,Yes,Yes,No,Yes,Yes,Two year,No,Bank transfer,79.99,162.88,No
CUST05069,Female,0,Yes,No,2,Yes,Yes,No,Yes,Yes,No,No,Yes,No,One year,No,Bank transfer,35.22,16.55,No
CUST05070,Male,0,No,Yes,11,No,Yes,Fiber optic,No internet,No internet,No internet,No internet,No,No internet,Month-to-month,No,Electronic check,55.57,681.82,Yes
CUST05071,Male,0,No,No,72,Yes,Yes,No,No internet,No,No,Yes,No internet,No,Month-to-month,Yes,Mailed check,72.67,5240.55,Yes
CUST05072,Male,0,No,No,20,Yes,No,DSL,Yes,No,No internet,No,No,Yes,One year,Yes,Credit card,43.99,,No
CUST05073,Male,0,Yes,No,23,Yes,No,DSL,Yes,No,No,No,No,No,Two year,Yes,Bank transfer,52.38,1395.58,No
CUST05074,Male,1,Yes,Yes,15,Yes,No phone service,DSL,No internet,No internet,No,No internet,Yes,Yes,Month-to-month,No,Mailed check,56.3,808.57,Yes
CUST05075,Male,0,No,No,26,Yes,Yes,Fiber optic,No,No internet,No,No,Yes,No,Month-to-month,Yes,Electronic check,54.2,1443.75,Yes
CUST05076,Female,0,Yes,No,72,Yes,No,DSL,Yes,Yes,No internet,Yes,No internet,No,Month-to-month,No,Electronic check,87.31,6277.13,Yes
CUST05077,Female,0,No,No,21,Yes,No phone service,DSL,No,No,Yes,No,No internet,No,Month-to-month,No,Mailed check,65.35,1218.73,No
CUST05078,Male,0,No,No,1,Yes,Yes,No,No,No,Yes,No,Yes,Yes,Month-to-month,Yes,Credit card,65.13,34.64,Yes
CUST05079,Female,0,No,No,16,Yes,Yes,DSL,No internet,Yes,Yes,No,No,No internet,Two year,Yes,Electronic check,66.48,1005.77,No
CUST05080,Female,0,No,No,72,Yes,Yes,Fiber optic,Yes,No,No,No,No internet,No internet,Month-to-month,No,Electronic check,115.32,8259.41,Yes
CUST05081,Male,0,Yes,No,11,Yes,No,Fiber optic,No,Yes,No,Yes,No,Yes,Month-to-month,Yes,Bank transfer,87.19,1159.73,Yes
CUST05082,Male,1,Yes,Yes,21,Yes,No,DSL,Yes,No,Yes,No,Yes,No internet,Two year,Yes,Electronic check,63.1,1262.94,No
CUST05083,Male,0,No,No,2,Yes,Yes,Fiber optic,Yes,Yes,No,Yes,No,No,Month-to-month,Yes,Electronic check,54.8,118.42,Yes
CUST05084,Female,0,Yes,No,3,Yes,Yes,Fiber optic,Yes,No,Yes,No,Yes,No,Two year,Yes,Electronic check,51.8,237.32,No
CUST05085,Male,0,Yes,No,49,Yes,No,Fiber optic,No internet,Yes,No,No,No,Yes,Month-to-month,Yes,Mailed check,59.23,2825.44,Yes
CUST05086,Female,1,Yes,No,8,Yes,No,No,Yes,No internet,No internet,No internet,No internet,No internet,Two year,Yes,Bank transfer,77.75,521.4,No
CUST05087,Male,0,Yes,No,8,Yes,Yes,Fiber optic,No,Yes,No internet,No,No,No internet,Month-to-month,Yes,Credit card,66.39,559.01,Yes
CUST05088,Female,0,Yes,Yes,11,Yes,No,No,No,No,Yes,Yes,No,No,Two year,Yes,Mailed check,66.06,729.64,No
CUST05089,Male,0,Yes,No,72,Yes,No phone service,Fiber optic,No,Yes,Yes,No,No internet,Yes,Month-to-month,Yes,Bank transfer,100.07,7255.6,Yes
CUST05090,Male,1,No,No,2,Yes,Yes,Fiber optic,No internet,No,No,Yes,Yes,No,Month-to-month,Yes,Electronic check,51.67,0.0,Yes
CUST05091,Female,0,No,No,40,Yes,Yes,DSL,No,No,No internet,No,Yes,Yes,Month-to-month,No,Bank transfer,89.67,3749.45,No
CUST05092,Female,0,No,No,10,Yes,No,Fiber optic,Yes,Yes,No,Yes,No,No,Month-to-month,Yes,Bank transfer,73.91,745.18,Yes
CUST05093,Female,1,No,Yes,45,Yes,No,Fiber optic,Yes,No,No,No,No,No,Month-to-month,Yes,Electronic check,50.26,2364.22,Yes
CUST05094,Female,0,Yes,No,72,Yes,No phone service,Fiber optic,No,No internet,No,No,No internet,Yes,Two year,No,Bank transfer,79.47,5964.09,No
CUST05095,Female,0,Yes,Yes,10,Yes,No phone service,Fiber optic,No internet,No,Yes,No,No,Yes,Month-to-month,Yes,Electronic check,62.49,611.06,Yes
CUST05096,Female,0,Yes,No,3,Yes,Yes,Fiber optic,Yes,Yes,Yes,No,No,No,One year,Yes,Bank transfer,94.51,196.1,Yes
CUST05097,Male,0,No,No,3,Yes,No,Fiber optic,Yes,No,No,Yes,No,Yes,Month-to-month,No,Bank transfer,55.45,128.84,Yes
CUST05098,Female,0,No,No,34,Yes,No,Fiber optic,No,No internet,No,No,No internet,No,Two year,Yes,Bank transfer,72.1,2433.55,No
CUST05099,Male,0,Yes,No,3,Yes,Yes,Fiber optic,Yes,No,No internet,No internet,No,Yes,Month-to-month,No,Credit card,47.7,160.13,Yes
CUST05100,Male,0,Yes,No,7,Yes,Yes,DSL,No internet,No,No,No,Yes,No internet,Two year,No,Credit card,52.35,494.88,No
CUST05101,Female,0,No,No,5,Yes,No,No,Yes,No internet,No,Yes,No,No internet,Month-to-month,Yes,Credit card,75.63,379.03,Yes
CUST05102,Male,1,No,Yes,10,Yes,Yes,No,No,No internet,No,No,No,No internet,Month-to-month,Yes,Credit card,66.68,794.04,Yes
CUST05103,Female,0,No,No,1,Yes,No,Fiber optic,Yes,Yes,No,No,No,Yes,Month-to-month,Yes,Electronic check,72.93,189.83,Yes
CUST05104,Female,0,Yes,No,46,Yes,Yes,No,No,No,Yes,Yes,No internet,No internet,One year,Yes,Mailed check,69.82,3226.58,No
CUST05105,Male,0,Yes,No,47,Yes,No,DSL,No,No internet,Yes,No,No,Yes,One year,No,Electronic check,79.75,3592.2,No
CUST05106,Male,0,No,No,12,Yes,Yes,DSL,No internet,No,No,Yes,Yes,No internet,Two year,Yes,Electronic check,28.95,436.72,No
CUST05107,Female,0,No,No,22,Yes,No,Fiber optic,No,Yes,No internet,Yes,No,Yes,Month-to-month,Yes,Mailed check,52.42,1222.81,Yes
CUST05108,Female,0,No,No,24,Yes,Yes,No,Yes,No internet,Yes,No,No,No internet,One year,Yes,Credit card,57.46,1356.59,No
CUST05109,Male,1,No,Yes,33,Yes,No,Fiber optic,Yes,Yes,No,No internet,No,Yes,Two year,Yes,Mailed check,75.84,2399.34,No
CUST05110,Male,0,No,No,17,Yes,Yes,DSL,No,No,Yes,No internet,Yes,No,Month-to-month,Yes,Bank transfer,56.92,961.13,No
CUST05111,Male,1,No,No,17,No,No,DSL,No,Yes,No,Yes,No,No internet,Month-to-month,Yes,Mailed check,66.24,1175.61,Yes
CUST05112,Male,1,Yes,No,23,Yes,Yes,Fiber optic,Yes,No internet,Yes,No,Yes,No,One year,No,Bank transfer,90.35,1956.65,No
CUST05113,Female,0,Yes,Yes,29,Yes,No,No,Yes,Yes,Yes,Yes,Yes,No,Month-to-month,Yes,Credit card,57.77,1555.44,No
CUST05114,Female,0,No,No,10,Yes,No,DSL,Yes,No internet,Yes,No internet,No internet,No,One year,Yes,Electronic check,64.8,959.13,No
CUST05115,Female,1,Yes,Yes,9,Yes,No,Fiber optic,No,Yes,No,No,No internet,No internet,Month-to-month,Yes,Credit card,65.18,472.46,Yes
CUST05116,Female,1,No,No,7,Yes,No,No,No internet,No,No,Yes,No,No,Two year,Yes,Electronic check,58.87,341.37,No
CUST05117,Male,0,No,Yes,19,Yes,Yes,Fiber optic,No,Yes,Yes,No internet,No internet,No,Two year,Yes,Credit card,91.66,1902.95,No
CUST05118,Male,0,No,No,10,No,No,DSL,No internet,No,Yes,No,Yes,Yes,One year,Yes,Electronic check,64.36,546.61,No
CUST05119,Female,0,Yes,Yes,18,Yes,No phone service,No,No,Yes,No internet,Yes,Yes,No,Month-to-month,Yes,Mailed check,57.23,926.78,Yes
CUST05120,Female,1,Yes,No,12,Yes,No,Fiber optic,No,No internet,No internet,No,No,Yes,Month-to-month,Yes,Credit card,75.41,998.58,Yes
CUST05121,Female,0,No,No,43,Yes,No phone service,Fiber optic,Yes,No,No,No,No,Yes,Two year,Yes,Bank transfer,80.32,3268.54,No
CUST05122,Female,0,No,Yes,1,Yes,Yes,DSL,No,No,No internet,Yes,Yes,No,One year,No,Mailed check,49.16,0.0,No
CUST05123,Female,1,No,Yes,20,Yes,No,Fiber optic,No,No internet,No internet,No,No internet,Yes,Two year,Yes,Bank transfer,55.33,1172.86,No
CUST05124,Female,0,Yes,Yes,20,Yes,No,Fiber optic,Yes,Yes,No,No internet,No,Yes,Month-to-month,No,Electronic check,54.3,1237.5,No
CUST05125,Female,0,Yes,No,11,Yes,No,Fiber optic,Yes,No,No,No internet,No internet,No,Month-to-month,Yes,Electronic check,18.0,248.74,Yes
CUST05126,Female,0,No,No,13,Yes,No,Fiber optic,No,Yes,No,No internet,Yes,No internet,Month-to-month,No,Electronic check,47.17,660.05,Yes
CUST05127,Female,1,No,No,38,No,No,Fiber optic,Yes,Yes,No,No,No,Yes,Month-to-month,Yes,Electronic check,88.88,3392.99,Yes
CUST05128,Male,0,No,No,7,Yes,No,Fiber optic,No,No,No internet,No,Yes,No,Two year,Yes,Credit card,57.96,536.33,No
CUST05129,Female,0,Yes,Yes,49,Yes,No phone service,Fiber optic,No,Yes,No,Yes,No internet,Yes,One year,No,Credit card,70.5,3584.91,No
CUST05130,Male,0,Yes,No,54,Yes,Yes,DSL,No,No,No,No,Yes,No internet,Month-to-month,No,Electronic check,84.19,4590.39,Yes
CUST05131,Male,0,Yes,No,25,Yes,No phone service,DSL,No,Yes,Yes,Yes,No,Yes,One year,No,Credit card,76.99,1942.5,No
CUST05132,Female,0,No,No,35,Yes,Yes,No,No,Yes,No,No internet,Yes,No,Two year,Yes,Electronic check,69.45,2333.57,No
CUST05133,Female,0,No,No,22,Yes,Yes,DSL,Yes,No,Yes,No,No internet,No internet,One year,No,Electronic check,57.13,1178.49,No
CUST05134,Male,0,Yes,No,17,Yes,No,DSL,No,No,No,No internet,No,No,Month-to-month,Yes,Bank transfer,55.01,743.28,No
CUST05135,Male,0,Yes,No,72,Yes,No,DSL,No,Yes,No,No,Yes,No internet,Month-to-month,No,Electronic check,72.72,5215.65,Yes
CUST05136,Female,0,No,No,7,Yes,Yes,Fiber optic,No,No,No internet,Yes,No internet,Yes,Two year,No,Electronic check,65.66,347.22,No
CUST05137,Male,0,Yes,Yes,4,Yes,No,DSL,No,No,No,No internet,No,Yes,Month-to-month,Yes,Bank transfer,83.17,252.18,Yes
CUST05138,Female,0,No,No,8,Yes,No,Fiber optic,No,No,Yes,No internet,Yes,Yes,Two year,No,Credit card,35.08,399.78,No
CUST05139,Female,0,No,Yes,22,Yes,Yes,No,No,No internet,Yes,No,Yes,No,Two year,Yes,Mailed check,52.88,1250.46,No
CUST05140,Female,0,Yes,No,4,Yes,Yes,No,Yes,No internet,No,Yes,Yes,Yes,Two year,Yes,Electronic check,56.66,163.45,No
CUST05141,Male,0,Yes,No,57,No,Yes,DSL,No internet,No,No,No,No,Yes,Two year,Yes,Mailed check,73.92,4173.71,No
CUST05142,Male,0,No,Yes,12,Yes,No,DSL,No,No,Yes,Yes,No,No internet,One year,Yes,Bank transfer,65.43,1007.49,No
CUST05143,Female,0,Yes,Yes,45,Yes,Yes,DSL,No,Yes,Yes,No internet,No,Yes,Month-to-month,Yes,Bank transfer,59.55,2595.54,No
CUST05144,Male,0,Yes,No,6,Yes,Yes,DSL,No,Yes,Yes,Yes,Yes,No,Month-to-month,Yes,Credit card,22.03,202.26,Yes
CUST05145,Male,0,No,Yes,9,Yes,No phone service,DSL,No,No,Yes,No,No,No,Month-to-month,Yes,Credit card,68.61,772.13,No
CUST05146,Male,0,No,No,1,Yes,No,No,Yes,No internet,No internet,No internet,Yes,Yes,Month-to-month,Yes,Credit card,62.04,85.28,No
CUST05147,Male,0,No,Yes,7,No,No,DSL,No,Yes,Yes,No,Yes,No,Month-to-month,No,Bank transfer,66.36,505.51,Yes
CUST05148,Male,0,Yes,No,16,Yes,No,Fiber optic,No,Yes,No,No,No,Yes,Month-to-month,Yes,Mailed check,87.44,1229.31,Yes
CUST05149,Male,0,Yes,No,70,Yes,Yes,Fiber optic,No internet,No,No,No internet,No,Yes,Month-to-month,Yes,Bank transfer,77.82,5406.88,Yes
CUST05150,Male,0,Yes,Yes,11,Yes,No,Fiber optic,No internet,Yes,Yes,No,Yes,No,Month-to-month,Yes,Bank transfer,83.32,934.77,Yes
CUST05151,Female,0,Yes,No,24,No,No phone service,No,No internet,No,Yes,No,Yes,No internet,Two year,No,Electronic check,84.82,2179.99,No
CUST05152,Male,0,No,No,13,Yes,No,No,No internet,Yes,No internet,Yes,Yes,No internet,One year,Yes,Mailed check,52.07,622.03,No
CUST05153,Male,0,Yes,No,1,Yes,Yes,DSL,No,No internet,No internet,No,No internet,No,Two year,No,Electronic check,33.03,47.85,No
CUST05154,Male,0,No,No,16,Yes,Yes,DSL,No,No internet,No internet,Yes,No internet,No internet,Month-to-month,Yes,Credit card,43.31,817.83,Yes
CUST05155,Male,0,Yes,Yes,1,Yes,No phone service,DSL,Yes,Yes,Yes,No,No,No internet,Month-to-month,Yes,Electronic check,60.76,168.6,Yes
CUST05156,Male,0,Yes,Yes,51,Yes,Yes,Fiber optic,Yes,Yes,No,Yes,Yes,No,Month-to-month,Yes,Credit card,59.72,3086.42,Yes
CUST05157,Male,0,No,No,33,Yes,No,No,Yes,No internet,Yes,No,No,Yes,Month-to-month,Yes,Mailed check,69.98,2248.61,No
CUST05158,Male,0,Yes,Yes,11,Yes,Yes,DSL,No,No internet,No,Yes,No internet,Yes,One year,Yes,Bank transfer,52.25,628.25,No
CUST05159,Male,1,Yes,No,24,Yes,No,No,No,No internet,No internet,Yes,No internet,Yes,Month-to-month,Yes,Electronic check,75.9,1836.84,Yes
CUST05160,Female,0,Yes,No,2,Yes,Yes,DSL,No,Yes,No,No,No internet,No,Month-to-month,Yes,Bank transfer,64.75,8.76,Yes
CUST05161,Male,0,Yes,No,29,Yes,No,Fiber optic,No,Yes,Yes,No internet,No,No,One year,Yes,Electronic check,70.59,2026.48,No
CUST05162,Male,0,Yes,No,41,Yes,Yes,No,Yes,No,Yes,No,No,No,Two year,No,Mailed check,83.55,3480.96,No
CUST05163,Male,0,Yes,No,41,Yes,Yes,No,Yes,No internet,Yes,Yes,No,No,One year,No,Electronic check,99.33,4224.0,No
CUST05164,Male,0,No,No,8,No,No,Fiber optic,No internet,Yes,Yes,No,No,Yes,Month-to-month,Yes,Mailed check,25.26,125.57,Yes
CUST05165,Female,0,No,Yes,7,Yes,Yes,DSL,No internet,No internet,No internet,Yes,No,Yes,Month-to-month,Yes,Credit card,57.66,489.59,Yes
CUST05166,Female,0,No,No,17,Yes,Yes,Fiber optic,Yes,No,No,Yes,Yes,No,Month-to-month,Yes,Bank transfer,57.85,924.0,Yes
CUST05167,Female,0,Yes,No,72,Yes,Yes,DSL,No,Yes,No internet,No internet,No internet,No,Two year,Yes,Electronic check,86.17,6198.49,No
CUST05168,Female,0,No,Yes,60,Yes,Yes,DSL,No,No,No,No,Yes,Yes,Two year,No,Mailed check,49.24,2914.37,No
CUST05169,Female,0,Yes,No,10,Yes,No phone service,No,Yes,No,No,Yes,Yes,Yes,Month-to-month,No,Credit card,58.25,776.22,Yes
CUST05170,Female,1,No,No,36,Yes,Yes,Fiber optic,No,Yes,No,No,Yes,Yes,Month-to-month,Yes,Bank transfer,70.42,,Yes
CUST05171,Female,0,No,No,61,Yes,No,Fiber optic,No internet,No,Yes,Yes,No internet,No,One year,Yes,Electronic check,91.06,5635.17,Yes
CUST05172,Female,0,Yes,Yes,7,Yes,Yes,No,No,No,No,Yes,No internet,No,Month-to-month,Yes,Electronic check,92.03,573.94,Yes
CUST05173,Female,0,No,No,42,Yes,Yes,DSL,Yes,No,No,No,Yes,No internet,Two year,No,Mailed check,54.49,2341.87,No
CUST05174,Female,0,No,No,7,Yes,No,Fiber optic,No,Yes,Yes,No,Yes,No,One year,Yes,Electronic check,58.97,293.43,Yes
CUST05175,Female,0,No,No,10,No,Yes,Fiber optic,No,No internet,No internet,No internet,Yes,No,Month-to-month,No,Bank transfer,28.16,28.17,Yes
CUST05176,Female,0,Yes,No,5,Yes,No,No,No internet,Yes,Yes,No,No internet,Yes,Month-to-month,No,Bank transfer,54.72,228.67,Yes
CUST05177,Female,0,No,Yes,16,Yes,Yes,Fiber optic,No,No,No,Yes,Yes,No internet,Two year,No,Electronic check,72.24,1291.56,No
CUST05178,Female,0,No,No,44,Yes,No,Fiber optic,No,No,No,No,No,Yes,Month-to-month,Yes,Mailed check,79.26,3446.29,No
CUST05179,Female,0,Yes,No,18,Yes,No,Fiber optic,Yes,No internet,No,No,Yes,No,One year,Yes,Credit card,79.45,1496.65,No
CUST05180,Female,0,No,No,3,Yes,No phone service,DSL,No,Yes,Yes,No,No internet,Yes,Month-to-month,Yes,Mailed check,61.54,447.34,Yes
CUST05181,Male,0,Yes,Yes,6,Yes,No,Fiber optic,No,Yes,No,No,No internet,No,Month-to-month,No,Electronic check,26.8,152.12,Yes
CUST05182,Female,0,Yes,No,19,Yes,No,Fiber optic,No internet,Yes,No internet,No,No internet,Yes,One year,Yes,Bank transfer,87.69,1843.41,No
CUST05183,Male,0,No,Yes,21,Yes,Yes,DSL,Yes,Yes,No internet,No,No,No,Month-to-month,No,Electronic check,38.28,593.14,No
CUST05184,Female,0,No,No,20,Yes,No,No,No,Yes,No internet,No,Yes,Yes,Month-to-month,No,Credit card,87.72,1695.91,No
CUST05185,Female,0,No,No,1,Yes,No phone service,Fiber optic,Yes,Yes,No,Yes,No,Yes,Month-to-month,No,Credit card,60.69,110.18,Yes
CUST05186,Male,0,No,No,33,Yes,Yes,DSL,No,No,No,No,Yes,No,One year,No,Credit card,71.98,2361.89,No
CUST05187,Female,0,Yes,Yes,57,Yes,No,DSL,No internet,Yes,No,No,Yes,Yes,One year,Yes,Mailed check,104.36,6004.14,No
CUST05188,Male,0,Yes,Yes,17,Yes,No,DSL,No,Yes,Yes,No internet,No internet,No internet,Month-to-month,Yes,Bank transfer,67.25,1044.57,Yes
CUST05189,Male,0,No,No,30,No,No,No,No,Yes,Yes,Yes,No internet,Yes,One year,Yes,Credit card,79.63,2594.89,No
CUST05190,Male,0,Yes,No,58,Yes,No,No,Yes,No internet,No,Yes,No,No,Month-to-month,No,Electronic check,81.91,4904.92,Yes
CUST05191,Female,0,No,No,24,Yes,Yes,No,No,No,No,No internet,Yes,No internet,Month-to-month,No,Electronic check,52.61,1330.79,Yes
CUST05192,Female,0,No,No,26,Yes,No,Fiber optic,No,Yes,No,Yes,No,No,One year,Yes,Mailed check,47.35,1130.63,Yes
CUST05193,Female,0,Yes,No,30,Yes,Yes,No,No,No,No,Yes,No,Yes,One year,Yes,Credit card,96.63,2900.73,No
CUST05194,Male,0,Yes,No,7,Yes,No,No,No,Yes,No,Yes,Yes,No internet,Month-to-month,Yes,Mailed check,76.38,640.48,Yes
CUST05195,Male,0,No,No,20,Yes,Yes,DSL,No internet,No,Yes,No internet,No internet,No,Month-to-month,Yes,Mailed check,58.12,1104.56,No
CUST05196,Female,1,No,Yes,44,Yes,No phone service,Fiber optic,Yes,Yes,No internet,Yes,Yes,No,Month-to-month,Yes,Bank transfer,72.7,3351.57,Yes
CUST05197,Female,0,No,No,8,Yes,No,No,No internet,Yes,No,No,No,No internet,Two year,Yes,Bank transfer,78.1,666.0,No
CUST05198,Female,0,No,No,54,Yes,No,DSL,No internet,No internet,No internet,No,No,Yes,Month-to-month,No,Electronic check,91.22,4910.35,No
CUST05199,Female,0,Yes,No,23,Yes,Yes,Fiber optic,Yes,Yes,No,Yes,Yes,No,Month-to-month,No,Mailed check,77.74,1884.91,Yes
CUST05200,Female,1,Yes,Yes,13,Yes,No,Fiber optic,No internet,No,Yes,No,No,No,Month-to-month,Yes,Bank transfer,86.38,1042.44,Yes
CUST05201,Male,0,Yes,No,23,Yes,No,Fiber optic,No internet,No,No,No,No internet,No,Month-to-month,No,Bank transfer,79.58,,Yes
CUST05202,Male,0,Yes,No,12,Yes,No,Fiber optic,No,No internet,No,Yes,Yes,No,Two year,Yes,Bank transfer,85.44,970.23,No
CUST05203,Male,0,Yes,No,43,Yes,No phone service,Fiber optic,Yes,No internet,Yes,Yes,No internet,No internet,Month-to-month,No,Mailed check,84.26,3462.07,Yes
CUST05204,Female,0,Yes,No,15,Yes,Yes,Fiber optic,No,Yes,No,No,Yes,Yes,Month-to-month,Yes,Credit card,37.72,,Yes
CUST05205,Male,0,Yes,No,55,Yes,No,DSL,Yes,No internet,No internet,No,No,Yes,Month-to-month,Yes,Mailed check,72.48,3896.86,Yes
CUST05206,Male,0,Yes,No,17,Yes,No,No,Yes,Yes,Yes,No internet,Yes,Yes,Month-to-month,Yes,Mailed check,66.08,1050.35,Yes
CUST05207,Male,0,Yes,No,25,Yes,Yes,Fiber optic,No,No internet,Yes,Yes,No internet,No internet,Month-to-month,Yes,Bank transfer,67.56,,Yes
CUST05208,Male,0,No,Yes,72,Yes,No,No,No,Yes,No,No,Yes,Yes,Month-to-month,No,Credit card,98.15,7030.72,No
CUST05209,Male,0,No,Yes,3,Yes,No,DSL,No,Yes,No internet,Yes,Yes,No,Month-to-month,No,Bank transfer,52.15,220.23,No
CUST05210,Female,0,Yes,Yes,32,Yes,Yes,DSL,Yes,Yes,No,No,No internet,No,Two year,No,Electronic check,44.27,1254.09,No
CUST05211,Male,0,No,No,3,Yes,No,Fiber optic,Yes,Yes,No,No,No,Yes,One year,No,Electronic check,55.97,201.31,No
CUST05212,Female,0,Yes,No,43,Yes,Yes,Fiber optic,No internet,No internet,Yes,No,Yes,No,Month-to-month,Yes,Electronic check,44.48,1766.51,No
CUST05213,Female,0,No,No,21,Yes,No,DSL,No,Yes,Yes,Yes,No internet,Yes,Month-to-month,Yes,Electronic check,34.98,685.53,Yes
CUST05214,Female,1,Yes,Yes,66,Yes,No,Fiber optic,No internet,Yes,No internet,Yes,No internet,No internet,Month-to-month,No,Bank transfer,100.99,6761.6,Yes
CUST05215,Female,1,No,Yes,48,Yes,Yes,Fiber optic,No,Yes,No internet,No,Yes,No internet,Month-to-month,Yes,Credit card,70.12,3332.44,Yes
CUST05216,Female,0,Yes,Yes,1,Yes,No,DSL,No internet,Yes,No internet,No,No,No,Two year,Yes,Bank transfer,44.14,0.0,No
CUST05217,Male,0,No,Yes,3,Yes,Yes,Fiber optic,No,Yes,No,Yes,No,No,Two year,No,Electronic check,58.97,301.9,No
CUST05218,Male,1,Yes,Yes,22,Yes,No,No,No,No,No,Yes,No,Yes,One year,Yes,Electronic check,62.76,1470.46,No
CUST05219,Female,0,No,No,17,No,Yes,DSL,No,No internet,No internet,No internet,No internet,Yes,Month-to-month,Yes,Bank transfer,64.73,1245.83,Yes
CUST05220,Female,0,Yes,No,4,Yes,Yes,Fiber optic,No internet,No,No internet,No,No,No,One year,Yes,Bank transfer,69.99,155.51,No
CUST05221,Female,0,Yes,No,3,Yes,Yes,Fiber optic,Yes,No internet,No,No,Yes,No,Month-to-month,Yes,Credit card,38.89,0.0,Yes
CUST05222,Male,0,No,No,19,Yes,No,Fiber optic,No,No,No,Yes,No,No,One year,No,Credit card,51.14,1122.8,No
CUST05223,Female,0,Yes,No,1,Yes,Yes,Fiber optic,No internet,Yes,No,No,Yes,Yes,Month-to-month,No,Credit card,60.03,0.0,Yes
CUST05224,Male,1,No,No,49,Yes,Yes,DSL,No internet,No,Yes,No internet,No,Yes,Month-to-month,Yes,Mailed check,77.97,3819.8,No
CUST05225,Female,0,Yes,No,39,Yes,Yes,No,No,No internet,No,No internet,No,No,Month-to-month,No,Bank transfer,78.94,3066.84,Yes
CUST05226,Male,0,Yes,No,36,Yes,Yes,DSL,Yes,No,Yes,No,Yes,Yes,Month-to-month,No,Electronic check,75.73,2660.06,Yes
CUST05227,Female,0,No,Yes,0,Yes,Yes,No,No,No,Yes,No internet,Yes,Yes,One year,Yes,Electronic check,45.06,0.0,No
CUST05228,Male,0,Yes,Yes,1,Yes,Yes,DSL,No,No,No,No,No internet,No,Two year,No,Electronic check,70.42,33.97,No
CUST05229,Female,0,Yes,Yes,19,Yes,Yes,DSL,No,No internet,No internet,No,No,Yes,Two year,Yes,Electronic check,41.51,881.37,No
CUST05230,Male,0,No,No,72,Yes,Yes,DSL,No internet,No,No,No internet,No internet,Yes,Two year,No,Electronic check,95.17,6794.63,No
CUST05231,Male,0,No,Yes,10,Yes,Yes,No,No,No,No,No internet,No internet,No,Month-to-month,No,Credit card,23.27,109.65,No
CUST05232,Male,0,No,No,10,Yes,Yes,Fiber optic,Yes,Yes,No,No,Yes,Yes,Month-to-month,Yes,Mailed check,56.4,572.9,Yes
CUST05233,Male,0,Yes,Yes,3,Yes,No,No,No,Yes,No,No,No internet,Yes,Month-to-month,No,Credit card,52.41,0.0,No
CUST05234,Male,0,Yes,No,26,Yes,No,Fiber optic,No,No,No,No internet,Yes,Yes,Two year,No,Credit card,44.92,1197.93,No
CUST05235,Male,1,Yes,Yes,24,Yes,No,Fiber optic,No,No,No internet,No,Yes,No internet,Month-to-month,Yes,Credit card,95.01,2341.36,Yes
CUST05236,Male,0,Yes,No,2,Yes,No,No,No,Yes,Yes,No internet,No,Yes,Month-to-month,Yes,Credit card,34.56,23.16,Yes
CUST05237,Female,0,No,Yes,15,Yes,Yes,DSL,Yes,No,Yes,No,Yes,No internet,Month-to-month,Yes,Bank transfer,52.44,867.46,Yes
CUST05238,Female,0,Yes,Yes,26,Yes,No,DSL,No,Yes,No,Yes,No,No,Two year,Yes,Mailed check,80.71,2090.47,No
CUST05239,Female,0,Yes,No,16,Yes,No phone service,DSL,Yes,Yes,No,Yes,No,No internet,Two year,Yes,Bank transfer,61.39,955.3,No
CUST05240,Female,0,Yes,No,26,Yes,No,DSL,No,Yes,No,Yes,Yes,No,Month-to-month,Yes,Credit card,57.2,1383.84,No
CUST05241,Female,0,No,Yes,40,Yes,Yes,DSL,No,No,No,Yes,No,Yes,Two year,Yes,Credit card,61.02,2536.09,No
CUST05242,Male,0,No,No,27,Yes,No,DSL,No internet,Yes,No,No,No,No,Month-to-month,Yes,Credit card,63.82,1675.38,No
CUST05243,Male,0,No,No,22,Yes,No,Fiber optic,No,No internet,No internet,Yes,No,No,Month-to-month,No,Bank transfer,55.16,1187.3,Yes
CUST05244,Male,0,Yes,No,46,Yes,Yes,Fiber optic,No,No internet,No,Yes,No internet,No,One year,No,Mailed check,74.74,3505.32,No
CUST05245,Male,0,No,No,55,Yes,No,DSL,No,Yes,No,Yes,No,No,Month-to-month,No,Credit card,67.8,3644.54,No
CUST05246,Male,0,No,No,11,Yes,No,Fiber optic,Yes,Yes,No,No,Yes,Yes,Month-to-month,Yes,Credit card,68.8,680.92,Yes
CUST05247,Female,0,Yes,Yes,4,Yes,Yes,DSL,No,Yes,No,Yes,Yes,Yes,Two year,No,Mailed check,42.52,171.43,No
CUST05248,Female,0,Yes,No,40,Yes,No,No,No,No,Yes,No,No,No internet,One year,No,Bank transfer,47.64,1745.16,No
CUST05249,Female,0,Yes,No,5,Yes,No,DSL,Yes,No,No internet,No,No,No internet,Two year,No,Credit card,94.76,511.22,No
CUST05250,Female,0,Yes,No,63,Yes,No,No,No,No,Yes,No,No,Yes,Month-to-month,No,Mailed check,96.53,6077.9,No
CUST05251,Male,0,No,No,0,Yes,Yes,Fiber optic,Yes,Yes,Yes,No internet,No,No internet,Month-to-month,No,Credit card,39.91,0.0,Yes
CUST05252,Male,0,Yes,No,61,Yes,No,Fiber optic,Yes,Yes,Yes,No internet,Yes,Yes,Month-to-month,Yes,Electronic check,67.24,,Yes
CUST05253,Male,0,Yes,No,21,Yes,No phone service,DSL,No,No,No,Yes,No internet,Yes,Two year,Yes,Mailed check,70.81,1431.99,No
CUST05254,Female,1,No,No,35,Yes,No,DSL,No,No internet,No,Yes,No,No,Month-to-month,Yes,Mailed check,67.81,2332.95,No
CUST05255,Male,1,No,No,12,Yes,Yes,No,Yes,No internet,Yes,Yes,Yes,No,Month-to-month,Yes,Bank transfer,81.59,1104.0,Yes
CUST05256,Female,0,No,No,72,Yes,No,Fiber optic,Yes,No internet,No,No,Yes,No internet,Month-to-month,No,Electronic check,93.78,6962.73,Yes
CUST05257,Male,0,Yes,No,6,Yes,No,Fiber optic,Yes,No,Yes,No internet,No,No,Two year,Yes,Electronic check,57.35,259.4,No
CUST05258,Male,0,Yes,Yes,7,Yes,No,No,Yes,No,Yes,No internet,No,No,Month-to-month,No,Credit card,56.34,309.07,Yes
CUST05259,Female,0,Yes,No,1,Yes,No,DSL,Yes,No internet,No,No,Yes,No internet,Month-to-month,No,Electronic check,72.42,215.27,Yes
CUST05260,Male,0,Yes,No,67,Yes,Yes,DSL,Yes,No,No,No,No,No,Month-to-month,Yes,Electronic check,80.49,5430.74,Yes
CUST05261,Male,0,Yes,No,14,No,No,Fiber optic,Yes,No,Yes,No internet,No internet,Yes,Month-to-month,Yes,Bank transfer,59.11,1182.47,Yes
CUST05262,Female,0,No,No,26,Yes,No,Fiber optic,No,Yes,No,Yes,No,No,Month-to-month,Yes,Mailed check,51.65,1321.35,No
CUST05263,Male,1,Yes,No,27,Yes,Yes,Fiber optic,No internet,No,No,No internet,No internet,No,Month-to-month,No,Credit card,82.58,2328.0,Yes
CUST05264,Female,0,Yes,No,49,Yes,Yes,No,No internet,No,No,No,Yes,No internet,Two year,No,Mailed check,61.55,3251.48,No
CUST05265,Male,0,Yes,No,26,Yes,No,DSL,Yes,No internet,No,Yes,No,No,Month-to-month,No,Bank transfer,81.32,1991.27,Yes
CUST05266,Male,0,No,Yes,19,Yes,Yes,Fiber optic,Yes,No,No,No internet,Yes,Yes,Month-to-month,Yes,Mailed check,79.27,1409.95,Yes
CUST05267,Male,0,No,Yes,29,Yes,No,Fiber optic,Yes,Yes,No internet,Yes,Yes,Yes,Month-to-month,Yes,Credit card,39.58,1189.77,Yes
CUST05268,Male,0,No,No,33,Yes,Yes,No,Yes,No internet,No internet,Yes,No,No internet,Two year,Yes,Electronic check,81.89,2697.85,Yes
CUST05269,Male,0,Yes,No,4,Yes,Yes,DSL,No,No,Yes,No,No,No internet,Month-to-month,Yes,Mailed check,33.37,149.13,Yes
CUST05270,Male,0,Yes,No,2,Yes,No,Fiber optic,No internet,Yes,Yes,No internet,No,Yes,Two year,No,Credit card,44.52,12.7,No
CUST05271,Male,0,Yes,No,1,Yes,No,DSL,No internet,Yes,No,No,No,No,Two year,Yes,Bank transfer,50.16,46.95,No
CUST05272,Male,0,Yes,No,11,Yes,Yes,Fiber optic,No,Yes,No,Yes,No,No,Month-to-month,Yes,Bank transfer,48.73,499.5,Yes
CUST05273,Female,0,No,No,16,Yes,No,DSL,No,Yes,Yes,No,Yes,No,Month-to-month,Yes,Electronic check,52.66,896.42,Yes
CUST05274,Female,1,No,No,22,Yes,No,No,Yes,No,No,Yes,No,Yes,One year,Yes,Mailed check,83.15,1923.02,No
CUST05275,Male,0,No,No,72,Yes,Yes,Fiber optic,No,No internet,No,No,No internet,No internet,One year,No,Electronic check,102.06,7197.7,No
CUST05276,Male,1,No,No,9,Yes,No phone service,Fiber optic,No,Yes,No,No,Yes,No,Two year,Yes,Electronic check,62.79,691.82,Yes
CUST05277,Female,0,No,No,34,No,Yes,No,No,No internet,No internet,No,No,No,Two year,Yes,Mailed check,66.96,2279.51,No
CUST05278,Male,0,Yes,No,18,Yes,No phone service,Fiber optic,No,No internet,No,Yes,No internet,No,Month-to-month,No,Credit card,68.47,1327.25,No
CUST05279,Male,0,No,No,5,Yes,Yes,Fiber optic,No internet,No internet,No internet,Yes,No,No internet,One year,Yes,Electronic check,36.71,166.07,No
CUST05280,Female,0,Yes,No,22,Yes,No,DSL,No,No,No,No,Yes,No,Month-to-month,No,Electronic check,61.57,1463.32,No
CUST05281,Male,1,No,Yes,72,Yes,No,Fiber optic,No,No,No internet,No,No,Yes,Month-to-month,No,Electronic check,92.65,6758.12,No
CUST05282,Male,0,Yes,Yes,3,Yes,No phone service,DSL,No,Yes,Yes,No,No internet,No,One year,No,Credit card,55.73,208.45,No
CUST05283,Female,0,Yes,Yes,16,Yes,Yes,No,Yes,No,No internet,No,No,No internet,Month-to-month,Yes,Mailed check,40.5,652.52,No
CUST05284,Male,0,No,Yes,1,Yes,Yes,No,Yes,No,No,Yes,No,Yes,Month-to-month,No,Mailed check,55.97,107.84,Yes
CUST05285,Male,0,Yes,Yes,9,No,No,DSL,No,Yes,No,No,Yes,No internet,Month-to-month,No,Credit card,58.75,721.89,Yes
CUST05286,Female,0,Yes,No,23,Yes,Yes,No,No,No internet,No,No,Yes,No,Month-to-month,Yes,Electronic check,91.19,2208.01,Yes
CUST05287,Male,0,Yes,No,44,Yes,No,Fiber optic,No,No,Yes,Yes,No,Yes,Two year,No,Mailed check,52.6,2380.09,No
CUST05288,Female,0,Yes,No,31,Yes,Yes,Fiber optic,No,No,No,No,Yes,No internet,Month-to-month,Yes,Electronic check,100.22,3051.77,Yes
CUST05289,Male,0,No,No,14,Yes,No,Fiber optic,No,No,No,No internet,No,No,One year,No,Electronic check,85.85,1139.85,No
CUST05290,Male,1,No,No,57,Yes,No,Fiber optic,Yes,No,No internet,No internet,Yes,No internet,Month-to-month,Yes,Electronic check,107.75,6067.5,Yes
CUST05291,Female,0,Yes,No,8,Yes,Yes,No,No,No,Yes,Yes,Yes,Yes,Month-to-month,No,Mailed check,46.42,247.94,Yes
CUST05292,Female,0,Yes,No,33,Yes,No,No,No,Yes,No,No internet,Yes,No internet,Month-to-month,Yes,Mailed check,81.26,2766.18,Yes
CUST05293,Male,0,No,No,15,Yes,No,Fiber optic,No,No internet,No,Yes,No,No,Month-to-month,Yes,Electronic check,31.6,487.5,Yes
CUST05294,Female,0,Yes,No,54,Yes,Yes,Fiber optic,Yes,No,No,No,Yes,No,Month-to-month,Yes,Electronic check,46.45,2543.34,Yes
CUST05295,Female,0,Yes,No,38,Yes,Yes,DSL,No,No,No internet,Yes,Yes,No,Two year,Yes,Electronic check,60.36,2131.55,No
CUST05296,Male,0,Yes,No,55,Yes,Yes,DSL,No internet,Yes,No,No,Yes,No,Month-to-month,Yes,Electronic check,62.91,3384.57,Yes
CUST05297,Male,0,No,Yes,5,Yes,No,Fiber optic,Yes,No,Yes,No,No,No internet,Month-to-month,Yes,Electronic check,23.03,102.49,Yes
CUST05298,Male,0,Yes,No,26,Yes,Yes,DSL,No internet,Yes,No,No,Yes,No internet,Month-to-month,Yes,Electronic check,87.3,2151.7,Yes
CUST05299,Female,0,Yes,Yes,32,Yes,Yes,Fiber optic,No,No internet,Yes,No,No internet,No,Month-to-month,Yes,Credit card,55.27,1651.81,Yes
CUST05300,Female,0,Yes,Yes,32,Yes,No phone service,Fiber optic,No,No internet,No,No internet,Yes,No,Month-to-month,Yes,Bank transfer,72.98,2239.13,Yes
CUST05301,Female,0,Yes,No,16,Yes,Yes,Fiber optic,No internet,No,No,No,No,Yes,One year,Yes,Bank transfer,100.21,1654.15,Yes
CUST05302,Female,0,No,No,0,No,No,Fiber optic,Yes,Yes,No,No internet,No,No,Month-to-month,Yes,Credit card,48.32,0.0,Yes
CUST05303,Male,1,Yes,No,7,Yes,No phone service,Fiber optic,Yes,No internet,No internet,No,No,Yes,Month-to-month,Yes,Bank transfer,44.22,292.68,Yes
CUST05304,Female,0,Yes,No,9,Yes,No,DSL,Yes,No,No internet,Yes,No internet,Yes,One year,Yes,Bank transfer,82.5,894.51,Yes
CUST05305,Male,1,Yes,No,45,Yes,Yes,Fiber optic,No,No,Yes,No,No,No,Month-to-month,Yes,Bank transfer,80.3,3719.67,Yes
CUST05306,Female,0,Yes,No,44,Yes,No,DSL,No internet,Yes,Yes,No,No internet,Yes,Month-to-month,Yes,Bank transfer,84.73,,Yes
CUST05307,Male,0,No,Yes,2,Yes,Yes,Fiber optic,Yes,Yes,No internet,No,Yes,No internet,One year,Yes,Credit card,18.0,1.12,Yes
CUST05308,Male,0,No,No,71,Yes,Yes,Fiber optic,No internet,No,No,No,No internet,No,Two year,Yes,Electronic check,89.95,6581.4,No
CUST05309,Male,0,Yes,No,4,Yes,No phone service,DSL,No,No internet,Yes,No internet,No,No internet,Month-to-month,Yes,Electronic check,51.08,147.3,Yes
CUST05310,Female,0,Yes,No,12,No,Yes,DSL,Yes,No,No,No,Yes,No,One year,Yes,Electronic check,50.49,651.03,No
CUST05311,Male,0,Yes,Yes,5,Yes,No,DSL,Yes,No,Yes,No,No internet,No internet,Month-to-month,Yes,Credit card,67.02,387.88,Yes
CUST05312,Male,1,No,Yes,47,Yes,Yes,No,No,Yes,No,No,No,No internet,One year,Yes,Mailed check,73.4,3339.9,No
CUST05313,Female,0,No,No,33,Yes,Yes,Fiber optic,No,Yes,No internet,No,No,No,Two year,No,Credit card,62.32,1860.03,No
CUST05314,Male,0,Yes,No,10,Yes,No,Fiber optic,Yes,Yes,Yes,No,No,No internet,Month-to-month,No,Mailed check,56.56,653.8,Yes
CUST05315,Female,0,No,No,27,Yes,No phone service,No,No internet,Yes,No,Yes,Yes,Yes,Month-to-month,No,Mailed check,76.5,1973.42,Yes
CUST05316,Female,0,No,No,4,Yes,Yes,DSL,Yes,Yes,No,No,Yes,Yes,Month-to-month,Yes,Mailed check,48.28,183.88,Yes
CUST05317,Male,0,No,Yes,11,Yes,Yes,No,No,No,No internet,Yes,No,No,Month-to-month,Yes,Bank transfer,53.14,624.44,Yes
CUST05318,Male,0,Yes,No,11,No,Yes,Fiber optic,No,No,No,No internet,No internet,No,Month-to-month,No,Bank transfer,53.02,580.95,Yes
CUST05319,Female,0,Yes,No,6,Yes,Yes,No,No internet,No internet,Yes,No,No internet,No,One year,Yes,Mailed check,50.43,370.27,No
CUST05320,Male,0,Yes,Yes,50,Yes,Yes,DSL,Yes,No,Yes,Yes,No,Yes,Month-to-month,Yes,Bank transfer,55.23,2808.3,No
CUST05321,Female,1,No,No,27,Yes,Yes,DSL,Yes,Yes,Yes,Yes,No,Yes,Month-to-month,Yes,Electronic check,84.87,2345.55,Yes
CUST05322,Female,0,No,No,7,Yes,No,DSL,Yes,No,Yes,No,Yes,No internet,One year,Yes,Mailed check,65.89,498.56,No
CUST05323,Female,0,No,No,6,Yes,Yes,Fiber optic,Yes,Yes,Yes,No,Yes,No,One year,Yes,Mailed check,28.62,26.24,No
CUST05324,Male,1,Yes,Yes,0,No,No,DSL,No,No internet,Yes,No,No internet,Yes,Month-to-month,No,Credit card,53.22,2.71,Yes
CUST05325,Female,0,Yes,No,10,Yes,Yes,No,Yes,No,Yes,No,Yes,No internet,One year,No,Credit card,74.84,796.37,No
CUST05326,Male,0,Yes,No,17,No,No phone service,DSL,No,Yes,No,Yes,Yes,No,Two year,Yes,Mailed check,60.09,1250.82,No
CUST05327,Male,0,No,No,7,Yes,Yes,DSL,No internet,No,Yes,Yes,No,No,Month-to-month,No,Electronic check,48.69,381.33,Yes
CUST05328,Male,0,Yes,Yes,28,Yes,Yes,DSL,No,No internet,No internet,No,No,No,Month-to-month,Yes,Credit card,47.28,1306.29,Yes
CUST05329,Male,0,Yes,No,12,Yes,No,Fiber optic,No,No internet,No,Yes,No,No,One year,Yes,Electronic check,74.88,965.67,No
CUST05330,Female,0,No,No,9,Yes,Yes,No,No,Yes,Yes,Yes,Yes,No,One year,No,Mailed check,43.98,328.18,No
CUST05331,Male,0,Yes,No,67,Yes,No,No,Yes,No,Yes,No,No,No,Month-to-month,Yes,Electronic check,93.8,6426.43,Yes
CUST05332,Female,0,Yes,No,7,Yes,Yes,DSL,Yes,No internet,No internet,No,No internet,Yes,Month-to-month,Yes,Mailed check,82.32,567.73,Yes
CUST05333,Female,0,Yes,No,12,Yes,No,DSL,Yes,No internet,Yes,No internet,No internet,No,Two year,Yes,Bank transfer,57.85,670.95,No
CUST05334,Male,1,No,Yes,11,Yes,Yes,Fiber optic,No internet,No internet,Yes,Yes,No,Yes,Two year,Yes,Mailed check,86.83,811.29,Yes
CUST05335,Female,0,No,No,6,Yes,No,Fiber optic,No,No internet,Yes,No,No,Yes,Two year,Yes,Credit card,60.01,313.29,Yes
CUST05336,Female,0,No,Yes,5,Yes,Yes,Fiber optic,No internet,No,No,No internet,Yes,No internet,Two year,No,Bank transfer,67.65,330.04,No
CUST05337,Male,0,Yes,Yes,8,Yes,No,No,No,No internet,No,Yes,Yes,No,One year,No,Bank transfer,50.24,574.62,No
CUST05338,Female,1,No,No,47,Yes,No,DSL,Yes,No,Yes,No internet,No,No internet,Two year,Yes,Mailed check,70.3,3264.23,No
CUST05339,Female,0,No,Yes,34,Yes,Yes,Fiber optic,No,No internet,No,No,No,No,One year,Yes,Electronic check,60.07,2034.86,No
CUST05340,Female,0,No,No,27,Yes,No,DSL,No,No,Yes,No internet,No,No,Two year,No,Bank transfer,58.18,1640.37,No
CUST05341,Female,1,No,No,14,Yes,No,Fiber optic,No,No,Yes,No,No internet,No internet,Month-to-month,No,Bank transfer,71.04,911.48,No
CUST05342,Male,0,Yes,No,17,Yes,No,Fiber optic,Yes,No,Yes,No,No,Yes,Two year,No,Mailed check,69.2,1128.34,No
CUST05343,Female,1,Yes,No,7,Yes,Yes,No,Yes,No internet,Yes,Yes,No,No,Month-to-month,Yes,Mailed check,40.25,411.09,Yes
CUST05344,Female,0,Yes,No,1,No,Yes,Fiber optic,Yes,Yes,No,No internet,No internet,No,Month-to-month,Yes,Mailed check,52.92,,Yes
CUST05345,Female,0,No,Yes,9,No,No,No,No,No internet,No internet,No,Yes,Yes,Month-to-month,Yes,Bank transfer,59.23,464.0,Yes
CUST05346,Female,1,No,No,16,No,No phone service,DSL,No,No,No,Yes,Yes,Yes,Month-to-month,No,Bank transfer,68.79,1137.31,No
CUST05347,Male,0,No,Yes,1,Yes,No,Fiber optic,No,No,No,No,No,No,Month-to-month,Yes,Bank transfer,34.85,74.21,Yes
CUST05348,Female,0,Yes,No,2,Yes,No,Fiber optic,No,No internet,Yes,No internet,Yes,Yes,Two year,No,Credit card,57.19,377.58,No
CUST05349,Male,0,Yes,No,7,Yes,No,No,No,No,No,No internet,No,Yes,One year,Yes,Bank transfer,59.11,430.52,No
CUST05350,Female,1,Yes,No,10,Yes,No,Fiber optic,No,No internet,No,No,No,Yes,Two year,Yes,Electronic check,77.41,714.5,No
CUST05351,Male,0,No,Yes,11,Yes,No phone service,Fiber optic,No,No,No,No,Yes,Yes,Two year,Yes,Bank transfer,52.19,531.56,No
CUST05352,Male,0,Yes,Yes,3,Yes,Yes,Fiber optic,No,No,No internet,No,Yes,No internet,Month-to-month,Yes,Bank transfer,56.03,280.92,Yes
CUST05353,Male,0,No,No,6,Yes,Yes,No,Yes,No internet,No internet,No,No,No,Month-to-month,Yes,Electronic check,61.44,300.18,Yes
CUST05354,Male,0,Yes,No,7,Yes,No phone service,DSL,Yes,No internet,Yes,No,No,No internet,Month-to-month,Yes,Mailed check,54.21,360.11,Yes
CUST05355,Male,0,Yes,No,1,Yes,Yes,DSL,Yes,Yes,No,No,No,No internet,Month-to-month,No,Bank transfer,30.45,122.12,Yes
CUST05356,Female,0,No,No,9,Yes,No,Fiber optic,No,Yes,Yes,No internet,No,Yes,One year,Yes,Bank transfer,20.5,153.81,Yes
CUST05357,Female,0,Yes,Yes,1,Yes,No,DSL,No internet,No,No,No internet,No,No internet,Month-to-month,Yes,Credit card,38.32,97.62,Yes
CUST05358,Female,0,Yes,Yes,29,Yes,No,Fiber optic,Yes,No internet,No,Yes,Yes,Yes,Month-to-month,Yes,Credit card,38.92,976.07,Yes
CUST05359,Male,0,Yes,No,11,Yes,No,DSL,No internet,No,No internet,Yes,No,Yes,Month-to-month,Yes,Electronic check,59.29,552.15,Yes
CUST05360,Female,0,Yes,No,9,Yes,Yes,DSL,No,No,No,Yes,Yes,Yes,Month-to-month,Yes,Bank transfer,39.19,297.67,Yes
CUST05361,Male,0,No,Yes,3,Yes,No,Fiber optic,Yes,Yes,No internet,No,No,No,Month-to-month,Yes,Bank transfer,41.67,,Yes
CUST05362,Male,1,No,No,6,Yes,No,DSL,No,No,Yes,Yes,Yes,Yes,Two year,Yes,Electronic check,89.57,424.56,Yes
CUST05363,Female,0,Yes,No,6,Yes,No,DSL,No,Yes,No,No,No,No internet,Month-to-month,No,Electronic check,47.08,218.02,Yes
CUST05364,Female,0,No,Yes,72,Yes,Yes,DSL,No,Yes,Yes,No,No internet,Yes,Month-to-month,Yes,Electronic check,103.8,7685.68,Yes
CUST05365,Male,0,Yes,No,43,Yes,Yes,DSL,Yes,Yes,Yes,No internet,No internet,No,Month-to-month,No,Electronic check,72.09,3139.45,No
CUST05366,Male,0,No,No,0,Yes,Yes,No,Yes,Yes,No,No internet,Yes,Yes,Two year,Yes,Credit card,28.44,82.63,Yes
CUST05367,Female,0,No,No,23,Yes,No,Fiber optic,No,No internet,No internet,Yes,No internet,No,Month-to-month,Yes,Electronic check,60.88,1467.9,Yes
CUST05368,Female,0,No,No,7,Yes,Yes,No,No,Yes,No internet,No,No,No,Month-to-month,Yes,Electronic check,18.72,0.0,Yes
CUST05369,Female,0,Yes,Yes,2,Yes,Yes,Fiber optic,No,No,No,Yes,Yes,Yes,Month-to-month,Yes,Electronic check,54.3,121.33,Yes
CUST05370,Female,1,Yes,No,29,Yes,Yes,No,No internet,Yes,Yes,No,No,No,Two year,Yes,Bank transfer,60.48,1701.55,No
CUST05371,Male,0,Yes,No,3,Yes,No,Fiber optic,No,No internet,No,No,Yes,Yes,Two year,Yes,Electronic check,51.21,0.0,No
CUST05372,Female,0,No,No,14,Yes,Yes,DSL,No internet,No,Yes,Yes,Yes,No internet,Month-to-month,No,Electronic check,47.16,705.84,No
CUST05373,Female,0,No,No,24,Yes,Yes,DSL,No,Yes,No,Yes,Yes,No,One year,No,Mailed check,79.76,1730.48,No
CUST05374,Female,1,Yes,No,19,Yes,No,Fiber optic,Yes,Yes,Yes,No,Yes,No internet,Month-to-month,Yes,Electronic check,70.15,1331.12,No
CUST05375,Male,0,No,No,72,Yes,Yes,Fiber optic,No,Yes,No internet,Yes,Yes,Yes,Month-to-month,Yes,Mailed check,81.29,5822.9,Yes
CUST05376,Male,0,Yes,Yes,36,Yes,Yes,DSL,No internet,No,No,No,No internet,Yes,Month-to-month,Yes,Bank transfer,60.6,2092.94,Yes
CUST05377,Male,0,Yes,No,35,Yes,No,DSL,No,Yes,Yes,Yes,No,Yes,Month-to-month,Yes,Electronic check,70.68,2570.26,No
CUST05378,Male,0,Yes,No,10,Yes,No,Fiber optic,No,Yes,No internet,No internet,Yes,No internet,Two year,No,Electronic check,49.35,474.29,No
CUST05379,Female,0,Yes,No,0,Yes,No,Fiber optic,No internet,No,No,No,Yes,Yes,Two year,No,Electronic check,18.0,22.41,No
CUST05380,Male,0,Yes,No,31,Yes,Yes,No,No,Yes,No,No,No internet,No,Month-to-month,Yes,Credit card,57.34,1845.25,No
CUST05381,Female,0,Yes,No,72,Yes,Yes,DSL,No internet,No,No,No,No,Yes,Month-to-month,Yes,Electronic check,86.05,6277.0,Yes
CUST05382,Female,0,Yes,No,12,Yes,No,Fiber optic,No,Yes,No internet,No,No,No,Month-to-month,Yes,Credit card,44.68,547.47,Yes
CUST05383,Female,0,Yes,No,72,Yes,Yes,Fiber optic,No,No internet,No,No,Yes,Yes,One year,No,Credit card,89.7,6368.79,No
CUST05384,Female,0,No,No,3,Yes,No,DSL,Yes,No,No internet,Yes,No,No,Two year,Yes,Mailed check,53.11,149.44,No
CUST05385,Male,0,Yes,No,8,No,No,Fiber optic,No,Yes,Yes,No,No,Yes,Two year,No,Bank transfer,21.09,244.56,No
CUST05386,Male,0,No,No,4,Yes,Yes,Fiber optic,No internet,Yes,No internet,No,No internet,No,One year,No,Mailed check,41.35,104.33,No
CUST05387,Male,0,Yes,Yes,15,Yes,Yes,Fiber optic,No,No,No,No,No,Yes,Month-to-month,No,Mailed check,77.34,1206.78,Yes
CUST05388,Female,0,Yes,No,38,No,No,Fiber optic,No,No internet,No,Yes,No,Yes,Two year,Yes,Bank transfer,77.02,2862.47,No
CUST05389,Female,0,No,No,9,Yes,Yes,DSL,No,No,No internet,No,No,Yes,Month-to-month,Yes,Bank transfer,63.94,657.04,Yes
CUST05390,Female,0,Yes,No,56,Yes,No,DSL,Yes,Yes,Yes,No,No internet,No,Two year,No,Electronic check,92.61,5178.04,No
CUST05391,Female,0,Yes,Yes,18,No,Yes,DSL,No internet,No,No,No,Yes,No internet,Month-to-month,No,Bank transfer,55.32,889.89,No
CUST05392,Female,1,No,No,15,Yes,Yes,Fiber optic,No,Yes,No internet,No internet,No internet,No,One year,Yes,Bank transfer,59.06,1146.49,Yes
CUST05393,Male,0,No,Yes,37,Yes,No,Fiber optic,No internet,No,No internet,Yes,No,No internet,Month-to-month,No,Electronic check,81.17,3017.33,Yes
CUST05394,Female,0,Yes,No,2,Yes,Yes,DSL,No,No,Yes,No,No,No,Month-to-month,No,Credit card,67.71,0.0,Yes
CUST05395,Male,0,Yes,Yes,35,Yes,No,DSL,No internet,No,Yes,Yes,No,No,One year,Yes,Electronic check,86.02,2918.06,No
CUST05396,Female,0,No,No,6,Yes,Yes,DSL,No,No internet,No,No,No,No internet,One year,Yes,Credit card,43.42,396.76,No
CUST05397,Female,0,No,Yes,7,Yes,No phone service,DSL,Yes,No internet,No,Yes,Yes,No,Two year,Yes,Bank transfer,63.35,526.44,No
CUST05398,Male,0,Yes,Yes,21,Yes,Yes,DSL,Yes,No,No internet,No internet,No,Yes,One year,No,Bank transfer,58.78,1355.98,No
CUST05399,Male,1,Yes,No,55,Yes,Yes,Fiber optic,Yes,No,No,Yes,No,No internet,Month-to-month,No,Credit card,98.1,5361.54,Yes
CUST05400,Female,0,Yes,Yes,20,Yes,Yes,DSL,Yes,No,No,No,No,Yes,Two year,Yes,Credit card,58.63,1252.16,No
CUST05401,Female,1,Yes,No,25,Yes,Yes,No,Yes,No,Yes,No,Yes,Yes,Two year,Yes,Mailed check,72.11,1775.43,No
CUST05402,Female,0,Yes,No,35,Yes,Yes,Fiber optic,Yes,Yes,No,No,No internet,No internet,Month-to-month,Yes,Bank transfer,79.48,2816.82,No
CUST05403,Female,0,Yes,No,7,Yes,Yes,Fiber optic,No internet,No,No,No,No,No,Two year,Yes,Electronic check,48.57,211.12,Yes
CUST05404,Male,0,Yes,Yes,42,Yes,No,DSL,No internet,No,No,Yes,No,Yes,Two year,Yes,Mailed check,65.4,2720.13,No
CUST05405,Female,0,Yes,No,12,Yes,No,Fiber optic,No,No,Yes,No,No,No internet,One year,No,Credit card,71.93,607.23,No
CUST05406,Male,0,No,No,4,Yes,No,Fiber optic,No,Yes,No,No,Yes,No,Month-to-month,No,Electronic check,58.17,221.63,Yes
CUST05407,Female,0,Yes,No,10,Yes,No,DSL,No,No,No internet,Yes,No,Yes,One year,Yes,Electronic check,40.21,315.27,No
CUST05408,Male,0,Yes,No,6,No,Yes,DSL,No,Yes,No internet,No,No,No,Month-to-month,No,Bank transfer,70.43,442.15,Yes
CUST05409,Male,1,Yes,Yes,6,Yes,Yes,No,Yes,Yes,No,No,No,No internet,One year,Yes,Mailed check,84.87,397.88,Yes
CUST05410,Female,0,No,No,7,Yes,Yes,No,No,No,Yes,No,No,Yes,Month-to-month,Yes,Mailed check,57.96,396.44,Yes
CUST05411,Male,0,No,No,4,Yes,Yes,Fiber optic,Yes,No,No internet,Yes,No internet,Yes,Two year,No,Bank transfer,47.2,501.29,No
CUST05412,Female,1,No,No,26,Yes,No,No,No,No,No,No,Yes,Yes,One year,Yes,Bank transfer,97.19,2508.03,No
CUST05413,Male,0,Yes,No,20,No,No,Fiber optic,No,Yes,No,No,Yes,Yes,Month-to-month,Yes,Mailed check,83.2,1603.07,Yes
CUST05414,Female,0,No,No,25,Yes,No,DSL,No internet,Yes,No internet,Yes,Yes,Yes,One year,Yes,Mailed check,49.22,1241.71,No
CUST05415,Male,0,Yes,No,10,Yes,No,Fiber optic,No internet,No,No,No,Yes,No,Month-to-month,No,Credit card,51.04,207.49,Yes
CUST05416,Female,0,Yes,No,35,Yes,No,Fiber optic,No internet,No internet,No,Yes,No internet,No internet,Month-to-month,No,Credit card,66.69,2294.6,Yes
CUST05417,Female,0,No,No,3,Yes,No phone service,Fiber optic,No,No internet,Yes,No,Yes,Yes,Month-to-month,Yes,Bank transfer,76.11,221.78,Yes
CUST05418,Male,0,No,No,20,Yes,No,No,No,No internet,No,No,No,No,Month-to-month,Yes,Electronic check,73.38,1487.12,Yes
CUST05419,Male,0,No,No,7,Yes,No,DSL,Yes,No,Yes,No,No internet,No,Two year,No,Mailed check,48.67,446.71,No
CUST05420,Male,0,No,No,17,Yes,Yes,DSL,No,No internet,Yes,Yes,No,Yes,Month-to-month,Yes,Credit card,58.43,1032.76,Yes
CUST05421,Male,0,No,No,9,Yes,Yes,Fiber optic,Yes,No,Yes,Yes,Yes,No,Two year,Yes,Mailed check,52.87,361.09,Yes
CUST05422,Female,0,Yes,Yes,37,Yes,No,Fiber optic,Yes,Yes,No,No internet,No internet,No,Month-to-month,Yes,Credit card,57.07,1923.18,Yes
CUST05423,Male,0,Yes,No,53,No,Yes,Fiber optic,No,No,No,No,No,Yes,One year,No,Mailed check,84.29,4567.96,No
CUST05424,Female,0,Yes,No,32,Yes,Yes,DSL,No,Yes,No,No,No internet,Yes,One year,No,Credit card,72.8,2268.3,No
CUST05425,Male,0,No,No,4,Yes,Yes,Fiber optic,No internet,No,No,No,No,No,Month-to-month,Yes,Electronic check,60.88,,Yes
CUST05426,Female,0,Yes,Yes,7,Yes,No,DSL,No,Yes,No,No internet,No internet,Yes,Two year,No,Mailed check,56.85,548.15,No
CUST05427,Female,0,No,No,60,No,No phone service,Fiber optic,No,No,No,No,No internet,Yes,Month-to-month,Yes,Bank transfer,63.71,3850.28,Yes
CUST05428,Female,0,Yes,No,13,Yes,Yes,Fiber optic,No internet,No internet,No,No,Yes,No,One year,Yes,Credit card,46.98,455.72,No
CUST05429,Female,1,Yes,No,67,No,No phone service,Fiber optic,No,No,No,No,No,No,Month-to-month,No,Bank transfer,94.45,6360.95,Yes
CUST05430,Male,0,Yes,No,11,Yes,No,Fiber optic,No internet,Yes,No internet,No,No,No internet,Month-to-month,Yes,Electronic check,68.99,734.4,Yes
CUST05431,Male,0,Yes,Yes,72,Yes,Yes,Fiber optic,Yes,No,No,No internet,Yes,Yes,Two year,No,Credit card,90.22,6355.77,No
CUST05432,Female,0,No,No,62,Yes,No,DSL,No internet,No internet,No,No,No,No internet,One year,Yes,Bank transfer,62.54,3974.4,No
CUST05433,Male,0,Yes,No,25,Yes,No phone service,No,No internet,Yes,Yes,No,Yes,No,Month-to-month,Yes,Electronic check,32.16,838.64,No
CUST05434,Male,0,Yes,No,0,Yes,No,DSL,Yes,No,No,No,No,No,Two year,Yes,Mailed check,49.43,190.83,No
CUST05435,Female,0,Yes,No,12,Yes,Yes,Fiber optic,No,No,No,No internet,Yes,No internet,Month-to-month,Yes,Bank transfer,62.14,749.01,Yes
CUST05436,Male,0,Yes,Yes,58,Yes,Yes,Fiber optic,No,No,No,No,No internet,Yes,One year,Yes,Mailed check,90.88,5199.53,Yes
CUST05437,Male,1,Yes,No,51,Yes,No,Fiber optic,No internet,No internet,No,Yes,No,No internet,Month-to-month,Yes,Credit card,111.79,5736.93,Yes
CUST05438,Male,0,Yes,Yes,4,Yes,No,DSL,Yes,Yes,No,No internet,No internet,No,One year,No,Mailed check,68.86,246.81,No
CUST05439,Female,0,No,No,12,Yes,Yes,DSL,No,No,No,No,Yes,Yes,Month-to-month,Yes,Bank transfer,65.25,912.15,No
CUST05440,Male,0,Yes,No,43,Yes,Yes,Fiber optic,No,Yes,No internet,Yes,No,No,Month-to-month,Yes,Electronic check,63.43,2737.73,Yes
CUST05441,Female,0,Yes,No,20,Yes,No,Fiber optic,Yes,No internet,No,Yes,No internet,Yes,Two year,Yes,Mailed check,81.65,1567.89,No
CUST05442,Male,1,No,No,45,No,Yes,DSL,No internet,No internet,No internet,No internet,Yes,Yes,Month-to-month,Yes,Electronic check,66.26,3001.62,Yes
CUST05443,Male,1,Yes,No,42,Yes,No,Fiber optic,No,Yes,No,No,No internet,No,Month-to-month,No,Electronic check,97.43,4123.47,Yes
CUST05444,Male,0,Yes,No,57,Yes,No,DSL,No,Yes,No,No,Yes,No,Month-to-month,Yes,Electronic check,106.77,6108.28,Yes
CUST05445,Female,1,No,No,2,Yes,Yes,No,Yes,No internet,No,No,No internet,Yes,Month-to-month,No,Electronic check,82.0,135.63,Yes
CUST05446,Female,0,Yes,No,3,Yes,Yes,Fiber optic,Yes,No internet,No,Yes,No,No,Month-to-month,No,Electronic check,45.66,146.32,Yes
CUST05447,Male,1,No,Yes,2,Yes,No phone service,DSL,No,No internet,No,No,No,Yes,Month-to-month,Yes,Mailed check,36.33,16.17,Yes
CUST05448,Female,0,Yes,No,65,Yes,No,Fiber optic,No,No internet,No internet,No,Yes,No,Month-to-month,No,Electronic check,71.27,4657.0,Yes
CUST05449,Male,0,No,No,15,Yes,No,DSL,No internet,No,No internet,No internet,No internet,Yes,One year,No,Electronic check,58.19,780.68,No
CUST05450,Female,0,No,No,1,Yes,No,Fiber optic,No internet,No internet,Yes,Yes,Yes,No,One year,No,Credit card,46.32,0.0,No
CUST05451,Female,0,Yes,No,9,Yes,Yes,Fiber optic,No internet,No internet,Yes,Yes,Yes,Yes,Two year,Yes,Mailed check,58.12,719.41,No
CUST05452,Male,0,Yes,No,10,Yes,No,Fiber optic,No,Yes,No,No,Yes,No,One year,Yes,Mailed check,27.81,225.95,No
CUST05453,Male,0,Yes,No,39,Yes,No,DSL,No,No internet,Yes,No internet,No internet,Yes,Month-to-month,Yes,Electronic check,81.41,3214.53,No
CUST05454,Male,0,Yes,Yes,31,Yes,Yes,No,No internet,No,No internet,No,No,Yes,Month-to-month,Yes,Mailed check,56.16,1578.43,Yes
CUST05455,Male,0,No,No,28,Yes,Yes,Fiber optic,No,Yes,No internet,Yes,No,Yes,Two year,No,Bank transfer,63.99,1757.08,No
CUST05456,Female,0,No,Yes,0,Yes,Yes,Fiber optic,No,No,No,No,Yes,Yes,One year,No,Mailed check,42.83,88.97,No
CUST05457,Female,1,Yes,Yes,57,Yes,Yes,DSL,No,No,No internet,Yes,No,No internet,Month-to-month,No,Mailed check,99.74,5724.16,Yes
CUST05458,Female,0,No,Yes,5,Yes,No phone service,Fiber optic,No,No internet,No internet,No,Yes,No,Month-to-month,No,Bank transfer,44.0,56.12,Yes
CUST05459,Male,1,Yes,No,23,Yes,Yes,Fiber optic,No,No internet,No internet,Yes,No internet,No,One year,No,Credit card,45.79,988.6,No
CUST05460,Male,0,No,No,1,Yes,Yes,Fiber optic,No,No internet,No,No internet,Yes,No,One year,Yes,Credit card,58.9,152.72,No
CUST05461,Female,0,No,No,2,Yes,No,No,No,Yes,No,No internet,No internet,No internet,One year,No,Electronic check,27.13,0.0,No
CUST05462,Male,0,No,No,0,Yes,No,DSL,No,No,Yes,Yes,No,Yes,Month-to-month,Yes,Bank transfer,47.38,50.09,Yes
CUST05463,Female,0,Yes,No,20,Yes,No,DSL,No internet,No,Yes,No,No,No internet,One year,Yes,Electronic check,76.35,1551.99,No
CUST05464,Female,0,No,Yes,23,Yes,No,Fiber optic,No internet,No,No internet,No internet,No internet,Yes,Two year,No,Bank transfer,70.13,1448.94,No
CUST05465,Female,0,Yes,Yes,1,Yes,Yes,DSL,Yes,No,Yes,No,No,No internet,Two year,No,Mailed check,50.92,122.11,No
CUST05466,Female,0,No,No,8,Yes,No phone service,Fiber optic,No,No,Yes,No,Yes,No internet,One year,No,Mailed check,55.03,517.35,Yes
CUST05467,Female,0,Yes,No,45,Yes,Yes,Fiber optic,Yes,Yes,No,No,No,No,One year,Yes,Bank transfer,56.75,2544.68,No
CUST05468,Male,0,Yes,Yes,2,Yes,Yes,No,No,No,Yes,No,No,Yes,One year,No,Bank transfer,57.14,141.13,No
CUST05469,Male,0,No,No,5,Yes,Yes,Fiber optic,No,No,No internet,No,Yes,No,Month-to-month,Yes,Bank transfer,59.9,226.47,Yes
CUST05470,Male,0,No,No,13,Yes,No,Fiber optic,Yes,Yes,No internet,Yes,No,No internet,Month-to-month,Yes,Electronic check,59.67,749.79,Yes
CUST05471,Female,0,Yes,No,44,Yes,Yes,Fiber optic,No,No internet,No,Yes,Yes,Yes,Two year,Yes,Bank transfer,72.15,3195.36,No
CUST05472,Female,0,No,Yes,7,Yes,Yes,Fiber optic,Yes,No,No internet,No,No internet,No internet,Month-to-month,Yes,Credit card,51.36,463.21,Yes
CUST05473,Female,0,Yes,No,72,Yes,Yes,Fiber optic,Yes,No,No,No internet,No,Yes,One year,Yes,Electronic check,97.86,7091.73,No
CUST05474,Female,0,No,No,10,Yes,Yes,DSL,Yes,No internet,No internet,No,Yes,No internet,Two year,No,Electronic check,45.79,418.04,Yes
CUST05475,Male,0,No,No,11,Yes,Yes,No,No internet,Yes,No internet,No internet,No internet,No internet,Two year,Yes,Credit card,35.36,356.94,No
CUST05476,Male,0,Yes,No,3,Yes,Yes,Fiber optic,No,No,Yes,No internet,Yes,No,One year,No,Mailed check,65.07,207.47,No
CUST05477,Female,0,No,Yes,27,Yes,Yes,No,No,No internet,No internet,No,No,No,Month-to-month,Yes,Bank transfer,43.7,1156.6,No
CUST05478,Female,0,Yes,No,6,Yes,Yes,No,No,Yes,No internet,No,No internet,Yes,Month-to-month,Yes,Mailed check,41.88,249.38,Yes
CUST05479,Female,0,Yes,No,23,Yes,Yes,Fiber optic,No,Yes,Yes,No,No,No,Two year,Yes,Credit card,67.87,1295.64,No
CUST05480,Male,0,No,No,6,Yes,No,DSL,No,Yes,No,No internet,Yes,No,Month-to-month,No,Credit card,57.98,260.57,No
CUST05481,Male,0,No,No,11,Yes,Yes,No,Yes,No internet,Yes,No internet,No,Yes,Two year,No,Electronic check,53.06,757.13,No
CUST05482,Male,0,No,No,46,No,Yes,Fiber optic,Yes,No,No,No,No,No,Month-to-month,Yes,Mailed check,94.11,4373.17,Yes
CUST05483,Female,0,No,Yes,32,Yes,No,Fiber optic,No,No,No,No,Yes,No,One year,Yes,Mailed check,80.63,2632.17,No
CUST05484,Female,0,No,Yes,4,Yes,No phone service,No,Yes,Yes,No internet,No,Yes,Yes,Month-to-month,No,Electronic check,50.4,246.85,Yes
CUST05485,Male,0,Yes,No,22,Yes,No,No,No,No,No,No,Yes,No,Month-to-month,Yes,Mailed check,52.57,1192.46,No
CUST05486,Female,0,No,Yes,23,No,Yes,DSL,No,No,No,No internet,No internet,No internet,Two year,Yes,Bank transfer,65.49,1520.93,No
CUST05487,Male,1,Yes,Yes,2,Yes,No,DSL,Yes,No internet,Yes,No,No internet,Yes,One year,Yes,Credit card,63.83,246.17,No
CUST05488,Female,0,No,No,15,Yes,No,DSL,No,Yes,No internet,No,No internet,Yes,Month-to-month,Yes,Credit card,75.31,1180.89,Yes
CUST05489,Male,0,No,No,7,Yes,Yes,Fiber optic,Yes,Yes,No,Yes,Yes,Yes,Month-to-month,Yes,Electronic check,50.53,180.79,Yes
CUST05490,Female,0,No,Yes,15,Yes,Yes,Fiber optic,No,Yes,No internet,No internet,No,Yes,One year,Yes,Bank transfer,72.89,1023.67,Yes
CUST05491,Male,0,Yes,No,36,Yes,No phone service,DSL,No,No,Yes,Yes,No,No internet,Month-to-month,Yes,Mailed check,48.02,1669.06,No
CUST05492,Male,0,No,Yes,4,Yes,No,DSL,No internet,No,Yes,No internet,No internet,No,Two year,Yes,Electronic check,57.28,465.62,No
CUST05493,Male,0,No,Yes,3,Yes,Yes,Fiber optic,Yes,No,No,No,No,Yes,Month-to-month,Yes,Mailed check,40.87,134.44,Yes
CUST05494,Male,0,No,No,7,Yes,No phone service,DSL,No,No internet,No internet,No internet,No,No internet,Month-to-month,No,Credit card,53.59,511.59,Yes
CUST05495,Male,0,Yes,Yes,72,Yes,Yes,No,Yes,No,Yes,No internet,No,Yes,Month-to-month,Yes,Mailed check,82.71,5933.06,Yes
CUST05496,Male,0,No,No,33,Yes,Yes,Fiber optic,Yes,No,Yes,No,Yes,No internet,Month-to-month,Yes,Credit card,49.85,1679.05,No
CUST05497,Female,1,No,No,0,Yes,No,No,No internet,No,No internet,No,Yes,No,Month-to-month,Yes,Bank transfer,48.97,6.0,Yes
CUST05498,Female,0,No,No,12,No,No,No,No,No internet,Yes,No,No,No,Two year,No,Mailed check,49.05,536.74,No
CUST05499,Female,1,No,Yes,7,Yes,Yes,Fiber optic,No,No,No,No,No,No,Month-to-month,No,Electronic check,89.68,536.52,Yes
CUST05500,Male,1,Yes,No,24,Yes,Yes,Fiber optic,Yes,No internet,Yes,No,Yes,Yes,Month-to-month,Yes,Electronic check,64.0,1535.77,Yes
CUST05501,Male,0,Yes,Yes,14,No,Yes,No,Yes,No,Yes,No,No,No,Month-to-month,No,Bank transfer,28.56,321.71,Yes
CUST05502,Female,0,Yes,Yes,72,No,No,No,Yes,No internet,Yes,No,No,No,One year,No,Bank transfer,74.89,5406.63,No
CUST05503,Male,0,Yes,No,5,Yes,Yes,No,Yes,No internet,No,No,Yes,No,One year,No,Mailed check,26.06,87.16,No
CUST05504,Male,0,No,No,21,Yes,No,Fiber optic,Yes,No,No,No,Yes,No internet,One year,Yes,Mailed check,44.84,1024.28,No
CUST05505,Male,0,Yes,Yes,28,No,Yes,Fiber optic,No,No internet,Yes,No,No internet,No,Month-to-month,Yes,Credit card,27.44,687.12,No
CUST05506,Male,0,Yes,Yes,41,Yes,Yes,No,No,No,Yes,No internet,Yes,No,One year,Yes,Electronic check,61.18,,No
CUST05507,Male,0,Yes,No,12,Yes,Yes,No,No,No internet,No internet,No internet,Yes,Yes,One year,No,Mailed check,61.6,710.17,No
CUST05508,Female,0,No,No,27,No,No phone service,Fiber optic,No,No internet,No,No,Yes,No internet,Month-to-month,Yes,Bank transfer,57.3,1511.01,No
CUST05509,Female,0,Yes,No,8,Yes,No,DSL,Yes,No,No internet,No,No,No internet,Month-to-month,No,Electronic check,48.6,469.09,Yes
CUST05510,Female,0,Yes,No,13,Yes,No,DSL,No,No,Yes,Yes,No,No,Two year,Yes,Credit card,94.79,1058.27,No
CUST05511,Female,0,Yes,No,54,Yes,No,Fiber optic,Yes,Yes,Yes,No internet,No internet,No,Month-to-month,Yes,Bank transfer,67.96,3481.61,Yes
CUST05512,Female,0,Yes,Yes,71,Yes,No phone service,DSL,No,Yes,No,Yes,No,Yes,Month-to-month,Yes,Electronic check,88.78,6271.01,No
CUST05513,Male,0,No,No,30,Yes,Yes,DSL,No internet,No,No,No,No internet,No,Month-to-month,Yes,Credit card,66.59,2190.87,No
CUST05514,Male,0,Yes,Yes,11,Yes,No,DSL,No internet,Yes,No,Yes,Yes,Yes,Month-to-month,Yes,Credit card,59.31,687.9,Yes
CUST05515,Male,0,No,Yes,41,Yes,No,DSL,No,No internet,No,No,Yes,No internet,Month-to-month,Yes,Credit card,61.37,2662.04,No
CUST05516,Male,0,No,No,0,Yes,No,No,No,No,No,No,No internet,No,One year,Yes,Mailed check,61.5,107.2,No
CUST05517,Female,0,No,No,2,Yes,No,DSL,No internet,No,No,No,No,No internet,Two year,No,Credit card,68.82,0.0,No
CUST05518,Female,0,No,Yes,25,Yes,No,No,No,No,Yes,No,No,No,One year,Yes,Electronic check,63.5,1585.74,No
CUST05519,Female,0,No,No,8,No,No,DSL,No internet,No,No,Yes,No internet,Yes,Month-to-month,Yes,Mailed check,71.49,484.2,Yes
CUST05520,Male,0,Yes,No,72,Yes,Yes,Fiber optic,No,No internet,Yes,No,No internet,No,Two year,Yes,Electronic check,94.1,6671.67,No
CUST05521,Female,1,No,Yes,13,Yes,Yes,No,Yes,No,No,Yes,No,No,One year,No,Mailed check,69.01,727.96,No
CUST05522,Male,0,Yes,Yes,13,Yes,Yes,No,No internet,No,Yes,No,Yes,No internet,Month-to-month,Yes,Credit card,40.97,439.61,No
CUST05523,Female,0,Yes,Yes,27,No,No,No,Yes,No internet,No,No internet,Yes,No,One year,No,Credit card,61.65,1712.54,No
CUST05524,Female,0,No,No,35,Yes,Yes,DSL,No,No,No,Yes,No,No,One year,Yes,Bank transfer,82.43,2949.27,Yes
CUST05525,Male,0,Yes,No,15,Yes,No,No,Yes,Yes,No,No,No internet,No,Month-to-month,No,Mailed check,51.69,810.38,Yes
CUST05526,Male,0,No,No,5,Yes,Yes,DSL,No internet,No,No,Yes,No internet,No,Month-to-month,Yes,Credit card,53.68,180.5,Yes
CUST05527,Female,0,No,No,35,Yes,No,No,Yes,No,No internet,No internet,No internet,No,Month-to-month,Yes,Mailed check,51.36,1753.33,Yes
CUST05528,Female,1,Yes,Yes,9,Yes,Yes,Fiber optic,Yes,Yes,No,No,No internet,No,Two year,No,Electronic check,70.07,528.54,Yes
CUST05529,Male,0,No,Yes,4,Yes,No,DSL,No,No internet,Yes,Yes,No internet,No,Month-to-month,No,Bank transfer,58.95,370.74,Yes
CUST05530,Female,0,Yes,Yes,23,Yes,No,No,No,No,No,No,No internet,No internet,Month-to-month,No,Mailed check,96.66,2286.74,No
CUST05531,Female,0,Yes,Yes,2,Yes,Yes,No,No internet,No,Yes,No,No internet,Yes,Month-to-month,Yes,Electronic check,54.49,0.0,Yes
CUST05532,Male,0,No,Yes,72,Yes,No,DSL,No,No,Yes,No internet,Yes,Yes,Two year,Yes,Credit card,90.53,6546.16,No
CUST05533,Female,0,Yes,No,24,No,Yes,No,No,No,No,No,No,No,Month-to-month,Yes,Bank transfer,59.7,1325.16,No
CUST05534,Male,0,No,Yes,72,No,No,DSL,No,No,No,No internet,Yes,Yes,Two year,Yes,Credit card,84.7,6136.67,No
CUST05535,Female,0,No,No,9,No,Yes,DSL,No,No,No,Yes,Yes,Yes,One year,Yes,Bank transfer,49.98,525.18,Yes
CUST05536,Male,0,Yes,No,72,Yes,No,No,No,Yes,No,Yes,Yes,No,One year,Yes,Electronic check,106.39,7367.95,No
CUST05537,Female,1,No,No,3,Yes,Yes,DSL,No internet,No,No,No internet,No internet,No,Two year,Yes,Electronic check,53.76,385.0,No
CUST05538,Male,0,No,Yes,0,Yes,Yes,DSL,No,No,Yes,No internet,No internet,Yes,Month-to-month,No,Credit card,67.23,110.77,Yes
CUST05539,Female,0,Yes,No,0,Yes,Yes,No,No internet,Yes,No,No,Yes,No,Two year,Yes,Electronic check,48.7,0.0,Yes
CUST05540,Male,0,Yes,No,15,Yes,No,Fiber optic,Yes,Yes,No internet,No,No,Yes,Two year,Yes,Bank transfer,44.95,669.84,No
CUST05541,Female,0,No,Yes,2,Yes,No,Fiber optic,No internet,No internet,No,No,No internet,No,Two year,Yes,Electronic check,42.6,159.27,Yes
CUST05542,Female,1,Yes,No,17,Yes,Yes,Fiber optic,No,No,Yes,No,Yes,Yes,Two year,Yes,Bank transfer,58.14,786.83,No
CUST05543,Female,0,No,No,9,No,No phone service,Fiber optic,No internet,No,No internet,No,No internet,Yes,Two year,Yes,Electronic check,46.48,459.66,No
CUST05544,Female,0,Yes,No,9,Yes,Yes,No,No,No internet,Yes,Yes,Yes,Yes,Month-to-month,Yes,Electronic check,36.39,374.84,Yes
CUST05545,Female,0,No,No,24,Yes,Yes,Fiber optic,No internet,No internet,No,No,No,No,Month-to-month,No,Bank transfer,50.8,1308.16,Yes
CUST05546,Female,0,No,No,4,Yes,Yes,Fiber optic,Yes,Yes,Yes,Yes,No internet,No internet,Month-to-month,Yes,Electronic check,18.0,0.0,Yes
CUST05547,Female,0,Yes,No,34,Yes,Yes,DSL,No,No internet,No internet,Yes,Yes,Yes,Month-to-month,Yes,Mailed check,68.59,2361.72,Yes
CUST05548,Female,1,No,No,20,Yes,Yes,Fiber optic,No internet,Yes,No,Yes,No,Yes,One year,Yes,Bank transfer,61.6,1328.39,Yes
CUST05549,Female,0,No,No,59,Yes,Yes,Fiber optic,No,Yes,Yes,Yes,No,No internet,Month-to-month,Yes,Bank transfer,76.18,4399.75,Yes
CUST05550,Male,0,No,No,10,Yes,Yes,Fiber optic,No,Yes,No,Yes,No internet,No internet,Month-to-month,Yes,Mailed check,42.65,490.53,Yes
CUST05551,Male,0,No,Yes,72,Yes,No,DSL,No,No,Yes,No,No,Yes,Two year,Yes,Bank transfer,106.38,7563.69,No
CUST05552,Female,0,No,No,20,No,Yes,No,Yes,No,Yes,Yes,No internet,Yes,Two year,Yes,Credit card,31.76,581.09,No
CUST05553,Male,0,No,No,72,Yes,No,DSL,Yes,No,No,No internet,Yes,Yes,Two year,No,Bank transfer,100.03,7028.13,No
CUST05554,Female,0,No,Yes,0,Yes,Yes,DSL,Yes,Yes,No,No,No,No internet,Two year,No,Bank transfer,26.43,0.0,No
CUST05555,Female,1,No,No,31,No,Yes,DSL,No internet,Yes,Yes,No internet,Yes,No internet,One year,Yes,Credit card,64.35,2078.56,No
CUST05556,Male,1,Yes,No,40,Yes,Yes,Fiber optic,Yes,No,No,No,No internet,Yes,Two year,No,Credit card,85.48,3526.65,No
CUST05557,Female,0,No,No,1,Yes,No,DSL,No,No,No,No,Yes,Yes,Month-to-month,Yes,Mailed check,79.75,121.14,Yes
CUST05558,Female,0,Yes,Yes,20,Yes,No,No,No internet,Yes,Yes,Yes,No internet,Yes,Two year,Yes,Credit card,71.68,1329.25,No
CUST05559,Male,0,Yes,Yes,38,Yes,Yes,No,No,No internet,No,Yes,No,Yes,Month-to-month,Yes,Electronic check,30.27,1228.72,No
CUST05560,Male,1,Yes,No,19,Yes,Yes,DSL,No,No,No,No internet,Yes,No internet,Two year,Yes,Credit card,74.72,1443.33,No
CUST05561,Female,1,Yes,No,1,Yes,No,Fiber optic,No,No,No,No,No,Yes,One year,Yes,Electronic check,48.38,99.48,No
CUST05562,Male,0,Yes,No,28,Yes,No,DSL,No,No,No internet,Yes,Yes,Yes,One year,No,Mailed check,99.97,2840.59,No
CUST05563,Male,0,Yes,No,1,Yes,Yes,Fiber optic,No,No,Yes,Yes,No internet,Yes,One year,No,Credit card,55.16,0.0,No
CUST05564,Female,0,Yes,Yes,40,Yes,Yes,Fiber optic,Yes,No,No,No internet,No,No,Two year,No,Electronic check,84.29,3381.6,No
CUST05565,Male,0,No,Yes,1,Yes,No,No,No,No,Yes,Yes,Yes,Yes,Two year,Yes,Electronic check,37.42,0.78,No
CUST05566,Male,0,Yes,No,3,Yes,No,DSL,No,No,Yes,No,No,Yes,Month-to-month,Yes,Bank transfer,37.5,125.85,Yes
CUST05567,Female,0,Yes,Yes,7,Yes,No,No,Yes,No,No internet,No,No,No internet,Month-to-month,Yes,Bank transfer,52.76,445.06,Yes
CUST05568,Male,0,Yes,No,24,Yes,Yes,No,No,No,No internet,No internet,No,Yes,Month-to-month,No,Electronic check,50.73,1157.17,No
CUST05569,Male,0,Yes,Yes,72,Yes,No,Fiber optic,No internet,No,No,Yes,No internet,Yes,Month-to-month,No,Mailed check,90.93,6621.01,Yes
CUST05570,Female,1,Yes,No,3,Yes,Yes,Fiber optic,No internet,Yes,Yes,No,Yes,No,Month-to-month,No,Mailed check,54.79,169.77,Yes
CUST05571,Female,0,No,No,3,Yes,No,Fiber optic,No internet,Yes,Yes,No internet,Yes,No,One year,Yes,Electronic check,51.09,139.05,Yes
CUST05572,Female,0,No,No,11,Yes,Yes,DSL,No,Yes,No,Yes,No,No,Month-to-month,Yes,Mailed check,70.02,756.47,Yes
CUST05573,Male,0,No,No,43,Yes,Yes,Fiber optic,No,No,No,Yes,No,Yes,One year,Yes,Electronic check,71.97,3169.24,No
CUST05574,Female,0,No,No,15,Yes,No,Fiber optic,Yes,No internet,No,Yes,No internet,No,Month-to-month,No,Electronic check,53.48,784.59,No
CUST05575,Female,0,Yes,No,9,Yes,No,DSL,Yes,No,No,No,Yes,Yes,One year,No,Bank transfer,43.86,383.63,No
CUST05576,Male,0,Yes,No,19,Yes,No,Fiber optic,Yes,Yes,Yes,No,Yes,No internet,Month-to-month,Yes,Credit card,51.61,1141.44,Yes
CUST05577,Female,0,Yes,No,7,Yes,No,DSL,No,Yes,Yes,No,No internet,Yes,Two year,Yes,Bank transfer,64.11,532.01,Yes
CUST05578,Female,0,No,No,12,Yes,Yes,Fiber optic,No,No,Yes,No,Yes,Yes,One year,No,Electronic check,53.93,765.7,No
CUST05579,Female,0,Yes,No,9,Yes,No,Fiber optic,No internet,No internet,Yes,No,No,No,Month-to-month,Yes,Bank transfer,40.12,525.19,Yes
CUST05580,Female,0,No,No,39,Yes,Yes,Fiber optic,No internet,No internet,Yes,No,Yes,Yes,Month-to-month,No,Credit card,63.52,2502.58,No
CUST05581,Male,0,Yes,No,61,No,No,DSL,No,Yes,Yes,No internet,No internet,No internet,Month-to-month,Yes,Mailed check,92.95,5906.26,Yes
CUST05582,Female,0,Yes,No,34,Yes,No,No,No,No internet,No,No,No internet,Yes,Two year,Yes,Mailed check,62.2,2163.65,No
CUST05583,Female,0,No,No,13,Yes,No,Fiber optic,Yes,Yes,No internet,Yes,No internet,No internet,One year,No,Credit card,18.0,102.01,No
CUST05584,Male,0,No,No,16,No,Yes,Fiber optic,No internet,No internet,No,No,No,No internet,One year,No,Bank transfer,71.58,1093.02,No
CUST05585,Female,0,No,Yes,3,Yes,Yes,Fiber optic,No,No internet,No,No internet,Yes,Yes,Month-to-month,Yes,Credit card,47.82,0.0,Yes
CUST05586,Male,0,No,No,32,Yes,Yes,DSL,No,Yes,No,No,Yes,Yes,Month-to-month,No,Bank transfer,77.91,2609.84,No
CUST05587,Male,1,No,No,21,Yes,Yes,DSL,Yes,Yes,No,No,Yes,No,Month-to-month,No,Electronic check,64.37,1373.7,No
CUST05588,Male,0,No,No,55,Yes,No phone service,Fiber optic,No internet,Yes,Yes,No internet,No,Yes,Month-to-month,Yes,Electronic check,84.69,4608.58,Yes
CUST05589,Female,0,No,No,5,Yes,No phone service,No,No,No,No,No,No,No,Month-to-month,Yes,Bank transfer,61.08,323.44,Yes
CUST05590,Male,0,Yes,No,34,Yes,No,Fiber optic,No internet,Yes,No,Yes,No,Yes,Month-to-month,Yes,Mailed check,55.94,1883.5,Yes
CUST05591,Male,0,No,Yes,27,Yes,Yes,No,Yes,No,No,No internet,No,No,One year,Yes,Mailed check,43.52,1087.87,No
CUST05592,Male,0,No,No,7,No,No phone service,DSL,Yes,No,No,No,No internet,Yes,Month-to-month,No,Electronic check,36.33,473.65,Yes
CUST05593,Female,0,Yes,No,26,Yes,No,Fiber optic,No,No,No internet,Yes,No internet,Yes,Month-to-month,Yes,Credit card,66.05,1732.37,No
CUST05594,Female,0,No,Yes,61,Yes,Yes,DSL,Yes,No,No,No,Yes,Yes,One year,Yes,Credit card,78.22,4780.1,No
CUST05595,Female,1,No,Yes,60,Yes,No,Fiber optic,Yes,No internet,No internet,No,No internet,Yes,One year,No,Mailed check,89.7,5372.42,No
CUST05596,Female,0,Yes,No,30,Yes,No,DSL,No,Yes,No,No,No,Yes,One year,Yes,Bank transfer,71.4,2025.33,No
CUST05597,Female,0,Yes,No,1,No,Yes,Fiber optic,Yes,No,Yes,No internet,Yes,Yes,Month-to-month,No,Electronic check,45.64,,Yes
CUST05598,Female,1,Yes,No,49,Yes,Yes,Fiber optic,No,No,No,No,No internet,No internet,Two year,Yes,Mailed check,77.7,3933.62,No
CUST05599,Female,0,No,No,25,Yes,Yes,Fiber optic,No,No,No internet,Yes,Yes,No,Two year,No,Mailed check,50.13,1207.0,No
CUST05600,Male,0,No,No,8,Yes,Yes,DSL,Yes,No,No,No internet,Yes,Yes,Month-to-month,No,Bank transfer,59.61,254.26,Yes
CUST05601,Male,0,Yes,Yes,4,Yes,Yes,DSL,No,Yes,No internet,Yes,No internet,Yes,Month-to-month,No,Mailed check,77.49,162.82,Yes
CUST05602,Male,0,No,No,2,Yes,Yes,DSL,Yes,No,Yes,No,No,Yes,Two year,No,Mailed check,43.46,146.52,No
CUST05603,Male,0,Yes,Yes,1,Yes,No phone service,Fiber optic,No,No internet,Yes,Yes,No internet,No,Two year,Yes,Electronic check,57.2,126.58,No
CUST05604,Female,0,No,No,33,Yes,No,DSL,Yes,No internet,Yes,No internet,Yes,No,Month-to-month,Yes,Electronic check,86.3,2802.13,Yes
CUST05605,Male,0,Yes,No,6,Yes,Yes,DSL,Yes,No,No,No internet,No,No internet,Month-to-month,No,Credit card,42.86,370.1,No
CUST05606,Male,0,Yes,No,0,Yes,Yes,Fiber optic,No,No,Yes,Yes,Yes,No,Two year,No,Electronic check,76.33,0.0,Yes
CUST05607,Male,0,No,No,12,Yes,No,DSL,Yes,No,No internet,Yes,No,No,Month-to-month,Yes,Electronic check,42.03,664.51,No
CUST05608,Male,0,Yes,No,15,Yes,Yes,Fiber optic,No,No internet,No,No internet,Yes,Yes,Two year,No,Mailed check,65.82,821.03,No
CUST05609,Female,0,Yes,No,4,Yes,Yes,DSL,Yes,Yes,Yes,No,Yes,No,Month-to-month,Yes,Electronic check,35.34,195.08,Yes
CUST05610,Female,1,Yes,Yes,1,Yes,No,No,No,No,Yes,Yes,No,No,Two year,No,Mailed check,68.38,92.9,No
CUST05611,Female,0,Yes,Yes,5,Yes,Yes,Fiber optic,No internet,No,No,Yes,No,No internet,Month-to-month,Yes,Mailed check,42.66,295.71,Yes
CUST05612,Male,0,Yes,No,27,Yes,No,Fiber optic,No internet,No internet,No internet,No,No,No,Month-to-month,Yes,Electronic check,28.92,604.46,Yes
CUST05613,Female,0,No,No,2,Yes,No,No,No,Yes,Yes,No internet,Yes,No,Two year,Yes,Electronic check,71.92,116.42,No
CUST05614,Male,0,No,No,19,Yes,Yes,No,No internet,No,No,Yes,Yes,Yes,Month-to-month,Yes,Electronic check,62.6,1294.35,No
CUST05615,Female,0,No,Yes,3,Yes,No,Fiber optic,No,No,Yes,No,Yes,No,Month-to-month,Yes,Mailed check,43.43,21.44,Yes
CUST05616,Female,0,No,No,5,Yes,Yes,DSL,No,Yes,Yes,Yes,Yes,Yes,Two year,Yes,Credit card,48.99,388.33,No
CUST05617,Female,1,Yes,No,11,Yes,No phone service,DSL,No,Yes,No,No,Yes,Yes,Month-to-month,Yes,Electronic check,62.63,489.64,Yes
CUST05618,Female,1,Yes,No,2,Yes,No,DSL,No,No internet,No internet,No,No,No,Month-to-month,No,Bank transfer,55.64,0.0,Yes
CUST05619,Female,1,Yes,No,4,Yes,No phone service,Fiber optic,No,No,No internet,Yes,Yes,Yes,Month-to-month,Yes,Credit card,56.16,138.04,Yes
CUST05620,Male,1,No,No,10,Yes,No,Fiber optic,No internet,No,No,Yes,No internet,Yes,One year,Yes,Electronic check,62.91,692.97,No
CUST05621,Female,0,No,No,9,Yes,Yes,No,No,No internet,Yes,No internet,Yes,No,One year,No,Bank transfer,84.33,899.92,Yes
CUST05622,Male,0,Yes,Yes,33,Yes,No phone service,Fiber optic,No internet,No,No,Yes,No,No,Two year,No,Bank transfer,32.31,998.7,No
CUST05623,Male,1,Yes,Yes,1,Yes,No,Fiber optic,No,No internet,No,No,No,No internet,Month-to-month,Yes,Bank transfer,30.3,52.47,Yes
CUST05624,Male,0,Yes,Yes,47,Yes,No,DSL,No internet,No,Yes,No,No,Yes,Month-to-month,No,Credit card,80.23,3896.21,Yes
CUST05625,Male,1,No,No,40,Yes,Yes,Fiber optic,No,No,No,No,No,Yes,Month-to-month,No,Mailed check,41.24,1710.8,Yes
CUST05626,Male,0,No,Yes,34,Yes,Yes,Fiber optic,No,Yes,Yes,Yes,No,No internet,Two year,No,Electronic check,59.49,,No
CUST05627,Female,0,Yes,No,8,Yes,No,Fiber optic,No internet,No internet,No internet,No,No,No,One year,No,Mailed check,42.23,273.46,No
CUST05628,Female,0,No,No,41,Yes,Yes,No,No,Yes,Yes,No,Yes,Yes,Two year,No,Electronic check,69.92,2994.77,No
CUST05629,Female,1,Yes,No,4,Yes,No,DSL,Yes,No,No,No internet,No,No internet,Two year,Yes,Electronic check,52.6,134.71,No
CUST05630,Female,0,No,No,3,Yes,Yes,Fiber optic,Yes,No,Yes,No internet,No internet,Yes,Month-to-month,No,Credit card,49.28,182.9,Yes
CUST05631,Male,0,No,Yes,1,Yes,No,DSL,No,No,No,No,Yes,No,Month-to-month,No,Mailed check,38.8,46.93,Yes
CUST05632,Female,0,No,Yes,67,Yes,No,Fiber optic,No internet,Yes,No,Yes,Yes,Yes,One year,Yes,Mailed check,64.64,4366.12,No
CUST05633,Female,0,Yes,Yes,8,Yes,Yes,DSL,Yes,No internet,No,Yes,No,Yes,Month-to-month,Yes,Electronic check,50.01,289.17,Yes
CUST05634,Male,0,Yes,No,59,Yes,Yes,Fiber optic,Yes,Yes,Yes,No internet,No internet,No,Month-to-month,Yes,Electronic check,87.16,5088.39,Yes
CUST05635,Male,0,Yes,No,7,Yes,Yes,No,Yes,Yes,No internet,No,No,Yes,Two year,No,Electronic check,62.95,346.66,No
CUST05636,Female,0,Yes,Yes,57,Yes,No,DSL,Yes,Yes,No,No,No internet,Yes,Month-to-month,Yes,Credit card,81.2,4565.16,Yes
CUST05637,Female,0,No,No,56,Yes,Yes,DSL,No internet,No,No internet,No internet,No,No internet,One year,Yes,Credit card,97.13,5429.71,No
CUST05638,Male,0,No,No,61,Yes,No phone service,Fiber optic,Yes,No internet,Yes,No internet,Yes,No,One year,No,Mailed check,81.79,4889.69,No
CUST05639,Female,0,Yes,No,16,Yes,No,No,No,No internet,Yes,No,No,No internet,One year,Yes,Electronic check,70.34,1051.87,No
CUST05640,Female,0,Yes,Yes,48,Yes,No,DSL,Yes,No,No internet,No,No,No,Month-to-month,No,Bank transfer,70.04,3420.31,Yes
CUST05641,Female,0,Yes,No,72,Yes,No phone service,No,No,No,No,No,Yes,No,One year,Yes,Credit card,92.86,6717.98,No
CUST05642,Female,1,No,No,9,Yes,Yes,DSL,Yes,No,No,No internet,Yes,Yes,Month-to-month,Yes,Credit card,93.89,1015.41,Yes
CUST05643,Male,0,No,No,13,Yes,No,Fiber optic,Yes,No,No,No,No,Yes,Two year,Yes,Bank transfer,59.17,783.56,No
CUST05644,Male,0,Yes,No,30,Yes,No,Fiber optic,No,No internet,No,No internet,No internet,Yes,Month-to-month,Yes,Mailed check,82.96,2664.36,Yes
CUST05645,Male,0,Yes,No,8,Yes,Yes,Fiber optic,No,Yes,Yes,No internet,Yes,Yes,Two year,Yes,Bank transfer,54.15,281.98,No
CUST05646,Female,0,No,Yes,33,No,No phone service,No,No,Yes,No,No,No internet,No,Month-to-month,No,Electronic check,47.69,1386.6,Yes
CUST05647,Female,0,No,No,1,Yes,No,DSL,Yes,No,No,No,Yes,Yes,Two year,No,Bank transfer,52.87,16.29,No
CUST05648,Female,0,Yes,No,17,Yes,No,Fiber optic,No,Yes,No,Yes,Yes,No internet,Two year,No,Bank transfer,66.51,1085.45,No
CUST05649,Female,0,No,No,3,Yes,No phone service,DSL,No internet,No internet,No,No,Yes,Yes,One year,Yes,Bank transfer,64.24,115.94,No
CUST05650,Female,0,No,No,8,Yes,Yes,No,Yes,No,No,Yes,No,Yes,Month-to-month,Yes,Mailed check,43.78,307.7,Yes
CUST05651,Male,0,No,No,7,Yes,No,DSL,No,Yes,No,No,Yes,No,Month-to-month,Yes,Bank transfer,109.99,843.9,Yes
CUST05652,Female,0,No,No,43,Yes,No,Fiber optic,No,Yes,No internet,Yes,No,No,Two year,Yes,Bank transfer,87.7,3727.4,No
CUST05653,Female,0,Yes,No,5,Yes,No phone service,DSL,No internet,No internet,No internet,No,No,No,One year,No,Electronic check,71.35,425.95,Yes
CUST05654,Male,0,No,No,39,Yes,Yes,No,Yes,No,No,No,No,No,Month-to-month,Yes,Credit card,82.69,3349.16,Yes
CUST05655,Female,0,Yes,No,37,Yes,Yes,DSL,No internet,No,Yes,No,Yes,No internet,One year,No,Bank transfer,55.89,2143.51,No
CUST05656,Male,1,Yes,No,16,Yes,Yes,DSL,No internet,Yes,Yes,No,No internet,Yes,One year,No,Bank transfer,61.72,966.22,No
CUST05657,Male,0,Yes,No,6,Yes,Yes,Fiber optic,Yes,Yes,No,No,Yes,No internet,Month-to-month,No,Mailed check,61.44,325.87,Yes
CUST05658,Male,0,Yes,No,6,Yes,Yes,No,No,No,Yes,No,Yes,Yes,Month-to-month,No,Credit card,25.32,282.4,Yes
CUST05659,Male,0,Yes,Yes,15,Yes,Yes,No,No,No,No,No,No,Yes,Month-to-month,Yes,Mailed check,50.38,922.43,No
CUST05660,Male,1,No,No,0,Yes,Yes,DSL,No,Yes,No,No internet,Yes,No,Month-to-month,No,Bank transfer,52.44,31.14,Yes
CUST05661,Female,0,No,No,18,Yes,Yes,DSL,No,Yes,No internet,No,No,No,Month-to-month,Yes,Credit card,68.09,1306.36,No
CUST05662,Male,0,No,No,72,Yes,No,No,No,No,Yes,No,No,Yes,Two year,No,Credit card,71.1,5181.25,No
CUST05663,Male,0,Yes,No,4,Yes,Yes,DSL,No internet,No,Yes,Yes,No,No,Month-to-month,Yes,Bank transfer,82.16,263.57,Yes
CUST05664,Female,1,Yes,No,20,Yes,Yes,Fiber optic,Yes,No internet,Yes,No,No internet,Yes,Month-to-month,Yes,Electronic check,118.38,2379.43,Yes
CUST05665,Female,0,No,No,72,Yes,Yes,Fiber optic,Yes,No internet,Yes,Yes,Yes,Yes,Month-to-month,Yes,Credit card,92.5,6695.9,Yes
CUST05666,Male,1,Yes,No,47,Yes,No,Fiber optic,No internet,No,No internet,No,No,No,Two year,Yes,Credit card,102.16,4938.64,No
CUST05667,Female,0,No,No,45,Yes,Yes,Fiber optic,No,No internet,Yes,Yes,No,No,Month-to-month,Yes,Electronic check,79.95,3582.38,Yes
CUST05668,Female,0,Yes,Yes,41,Yes,Yes,Fiber optic,No,No,No,No,No internet,No,Two year,No,Mailed check,62.39,2440.2,No
CUST05669,Male,0,No,No,8,Yes,Yes,Fiber optic,No internet,Yes,Yes,No internet,No,No,Month-to-month,Yes,Mailed check,39.93,304.82,Yes
CUST05670,Male,0,Yes,No,53,Yes,No,Fiber optic,No,Yes,Yes,No,Yes,No,Month-to-month,Yes,Electronic check,81.64,4308.58,Yes
CUST05671,Female,1,No,Yes,68,Yes,No,Fiber optic,No,Yes,Yes,No internet,Yes,Yes,One year,Yes,Electronic check,83.88,5628.69,Yes
CUST05672,Male,0,No,No,16,Yes,No phone service,Fiber optic,No internet,No internet,Yes,Yes,No,No,Month-to-month,No,Mailed check,73.2,1272.61,Yes
CUST05673,Male,0,No,No,10,Yes,Yes,Fiber optic,No,No internet,Yes,No,No,No internet,Two year,Yes,Credit card,45.35,562.74,No
CUST05674,Female,0,No,No,12,Yes,Yes,Fiber optic,Yes,Yes,Yes,Yes,Yes,No internet,Two year,Yes,Electronic check,59.31,461.86,No
CUST05675,Male,0,Yes,No,9,Yes,No phone service,No,No,No,No internet,Yes,Yes,No,Month-to-month,Yes,Credit card,41.64,502.23,Yes
CUST05676,Male,0,No,No,5,Yes,Yes,No,No internet,No,Yes,No,No,No,One year,No,Credit card,38.62,223.18,Yes
CUST05677,Male,0,Yes,No,23,Yes,Yes,DSL,Yes,No,Yes,Yes,Yes,No internet,One year,Yes,Credit card,83.16,1923.31,Yes
CUST05678,Male,0,No,No,19,Yes,No,Fiber optic,No,Yes,Yes,Yes,No,Yes,Two year,Yes,Mailed check,52.58,1049.23,No
CUST05679,Male,0,Yes,No,14,Yes,Yes,No,Yes,Yes,No,No,No,No,Month-to-month,Yes,Mailed check,50.91,538.42,Yes
CUST05680,Female,0,No,No,2,No,No,Fiber optic,No,No internet,Yes,Yes,No,Yes,Month-to-month,No,Mailed check,41.3,35.02,Yes
CUST05681,Female,0,No,No,38,Yes,Yes,Fiber optic,No,No internet,No,No internet,No,Yes,One year,Yes,Credit card,61.46,2403.9,No
CUST05682,Male,0,Yes,Yes,4,Yes,Yes,DSL,No,Yes,Yes,No,Yes,Yes,Two year,No,Mailed check,50.39,255.54,No
CUST05683,Female,0,Yes,Yes,2,Yes,No,DSL,Yes,Yes,No,No,No internet,Yes,Month-to-month,Yes,Electronic check,20.64,7.28,No
CUST05684,Male,0,Yes,Yes,23,Yes,Yes,Fiber optic,Yes,No,No,No,Yes,Yes,Month-to-month,Yes,Electronic check,73.7,,Yes
CUST05685,Male,0,No,No,12,Yes,No,No,Yes,No,No,No,No,No internet,Month-to-month,Yes,Mailed check,61.92,756.73,Yes
CUST05686,Male,0,Yes,No,1,Yes,No,DSL,No internet,Yes,Yes,No,Yes,No internet,Two year,No,Credit card,63.66,103.58,No
CUST05687,Male,0,No,Yes,10,Yes,Yes,DSL,No,No,No,No,No internet,No,Month-to-month,Yes,Mailed check,74.43,961.95,Yes
CUST05688,Male,1,No,Yes,35,Yes,No,DSL,No,No internet,No,No internet,Yes,No,Month-to-month,Yes,Bank transfer,79.69,2639.07,No
CUST05689,Female,0,No,No,22,Yes,No,DSL,No internet,Yes,Yes,No internet,No,Yes,One year,No,Electronic check,62.56,1291.94,No
CUST05690,Female,1,No,No,10,Yes,No,Fiber optic,No internet,Yes,Yes,No internet,Yes,Yes,Month-to-month,Yes,Credit card,73.95,740.15,Yes
CUST05691,Male,0,Yes,Yes,5,No,Yes,DSL,Yes,No internet,No,No internet,No,No,Month-to-month,Yes,Mailed check,32.76,210.54,Yes
CUST05692,Female,1,No,Yes,23,Yes,No,No,No,No internet,No internet,No,Yes,No internet,Month-to-month,Yes,Credit card,66.13,1525.35,No
CUST05693,Male,0,No,Yes,52,Yes,No phone service,Fiber optic,No,No,No internet,No,No internet,No,Month-to-month,No,Mailed check,90.68,4618.96,Yes
CUST05694,Female,0,No,No,24,Yes,Yes,Fiber optic,No,Yes,No,No,No,Yes,Month-to-month,No,Bank transfer,74.96,1847.21,Yes
CUST05695,Male,0,No,Yes,40,Yes,No phone service,Fiber optic,No,No internet,No,No,Yes,Yes,Month-to-month,No,Mailed check,102.99,4152.35,Yes
CUST05696,Female,0,No,No,17,Yes,No,No,No,Yes,No,No internet,No,No,Month-to-month,Yes,Electronic check,57.35,999.31,No
CUST05697,Male,1,Yes,No,30,Yes,No,Fiber optic,No,Yes,No internet,Yes,No,No,Two year,Yes,Electronic check,93.25,2740.58,No
CUST05698,Male,0,No,No,54,Yes,Yes,Fiber optic,Yes,No,Yes,No internet,No,No,Month-to-month,Yes,Electronic check,76.12,4157.92,No
CUST05699,Female,0,No,Yes,35,No,No,Fiber optic,No,No internet,No internet,No internet,No,No,One year,Yes,Mailed check,50.99,1903.6,No
CUST05700,Female,1,No,No,57,Yes,Yes,DSL,No internet,No internet,No,Yes,Yes,Yes,Month-to-month,Yes,Bank transfer,91.15,5279.7,No
CUST05701,Male,0,No,No,13,Yes,No,DSL,No,No,Yes,No,No internet,No,Month-to-month,No,Electronic check,53.21,578.19,No
CUST05702,Female,0,Yes,No,56,Yes,No,Fiber optic,No,No internet,No internet,No internet,No,No,Two year,Yes,Mailed check,71.68,3918.14,No
CUST05703,Male,0,No,Yes,23,Yes,No,Fiber optic,Yes,No,Yes,No internet,No internet,Yes,Month-to-month,No,Mailed check,45.38,1118.35,No
CUST05704,Female,1,No,No,48,Yes,No,DSL,No,Yes,No internet,Yes,No internet,No,Month-to-month,Yes,Mailed check,80.12,3785.4,Yes
CUST05705,Female,0,Yes,No,0,Yes,No,Fiber optic,No,Yes,No,No internet,Yes,Yes,Two year,No,Electronic check,37.41,0.0,No
CUST05706,Male,0,No,Yes,25,Yes,No,Fiber optic,No,Yes,No internet,Yes,Yes,No,One year,Yes,Mailed check,92.27,2248.26,Yes
CUST05707,Female,0,Yes,No,45,No,No,No,No internet,No internet,Yes,Yes,No,Yes,One year,Yes,Mailed check,86.11,3806.25,No
CUST05708,Female,0,No,No,4,Yes,No,Fiber optic,No,Yes,No,Yes,Yes,Yes,One year,Yes,Electronic check,34.47,110.77,Yes
CUST05709,Male,0,Yes,No,26,No,Yes,Fiber optic,No internet,Yes,Yes,No,Yes,No,Month-to-month,No,Bank transfer,54.05,1386.29,No
CUST05710,Female,1,No,Yes,41,Yes,No phone service,DSL,No,No,Yes,No internet,Yes,Yes,Two year,No,Electronic check,74.58,2879.86,No
CUST05711,Male,1,Yes,Yes,8,Yes,No,DSL,Yes,Yes,No internet,Yes,No,Yes,Two year,Yes,Credit card,60.88,510.22,No
CUST05712,Male,0,Yes,No,12,Yes,Yes,Fiber optic,Yes,No,No,No,No,Yes,Month-to-month,Yes,Credit card,43.44,568.86,Yes
CUST05713,Male,0,Yes,No,20,Yes,Yes,Fiber optic,No,Yes,No,Yes,Yes,No,Two year,No,Bank transfer,58.34,1181.19,No
CUST05714,Male,0,Yes,No,17,Yes,No phone service,No,No,No,No internet,No,Yes,No internet,Month-to-month,Yes,Electronic check,73.73,1309.54,No
CUST05715,Male,0,No,No,0,Yes,No,Fiber optic,No,No internet,No,No internet,No,No,One year,No,Bank transfer,44.47,52.94,No
CUST05716,Female,0,Yes,No,2,Yes,Yes,No,Yes,No internet,No,No,Yes,No,Month-to-month,Yes,Bank transfer,33.12,0.0,Yes
CUST05717,Male,1,No,No,2,Yes,No,DSL,No internet,Yes,No,No,Yes,Yes,Month-to-month,Yes,Mailed check,30.74,59.26,Yes
CUST05718,Male,1,No,Yes,7,No,Yes,Fiber optic,No,No,Yes,Yes,Yes,No internet,Month-to-month,No,Electronic check,34.1,270.31,Yes
CUST05719,Female,0,No,No,6,Yes,No phone service,DSL,Yes,Yes,Yes,Yes,Yes,No,Month-to-month,Yes,Electronic check,57.27,374.22,Yes
CUST05720,Female,0,No,No,32,Yes,No,No,Yes,Yes,No,No internet,Yes,No,Month-to-month,No,Electronic check,67.9,,No
CUST05721,Female,0,Yes,No,20,Yes,No,Fiber optic,No internet,No,No internet,No internet,Yes,No internet,Month-to-month,Yes,Bank transfer,56.97,1180.19,No
CUST05722,Male,0,Yes,Yes,34,Yes,No,DSL,Yes,No,No,Yes,No,Yes,One year,No,Credit card,58.27,1988.07,No
CUST05723,Male,0,Yes,Yes,1,Yes,Yes,DSL,No,Yes,No,No,No internet,No,Two year,Yes,Mailed check,44.13,130.37,No
CUST05724,Male,1,Yes,Yes,15,Yes,Yes,DSL,No,No,No,No,Yes,No,Month-to-month,Yes,Electronic check,71.39,1161.81,No
CUST05725,Female,1,No,No,9,Yes,No,No,No,Yes,No,No,No,No,Two year,No,Electronic check,55.6,506.85,No
CUST05726,Male,0,Yes,No,45,Yes,No phone service,DSL,No,No,Yes,No,Yes,No,Month-to-month,Yes,Mailed check,73.23,3427.1,No
CUST05727,Female,1,No,Yes,29,Yes,Yes,Fiber optic,No internet,Yes,No internet,No,No,No,Two year,No,Electronic check,70.71,2068.82,No
CUST05728,Male,0,Yes,Yes,48,Yes,No,DSL,No internet,No internet,No,Yes,No,No internet,Month-to-month,No,Electronic check,75.48,3571.9,No
CUST05729,Female,0,No,Yes,1,Yes,Yes,Fiber optic,No,No,No internet,No internet,No,No internet,Two year,No,Electronic check,18.0,111.12,No
CUST05730,Male,0,Yes,No,30,Yes,Yes,No,No,Yes,Yes,Yes,No,Yes,One year,Yes,Bank transfer,77.15,2243.59,No
CUST05731,Male,0,Yes,Yes,18,Yes,Yes,DSL,No,Yes,Yes,No,Yes,No,Month-to-month,Yes,Bank transfer,63.17,1282.42,No
CUST05732,Male,1,No,No,41,No,Yes,DSL,No,No internet,Yes,No,Yes,No,Month-to-month,No,Credit card,73.38,2961.28,Yes
CUST05733,Female,0,Yes,No,16,Yes,Yes,Fiber optic,No,No,No internet,Yes,Yes,No,Two year,No,Bank transfer,53.26,752.84,No
CUST05734,Female,0,No,No,18,Yes,Yes,DSL,No,No,No internet,No internet,Yes,Yes,Two year,No,Electronic check,66.91,1127.88,No
CUST05735,Male,0,No,No,1,Yes,Yes,Fiber optic,No,No,No,Yes,Yes,Yes,Month-to-month,Yes,Bank transfer,48.56,126.48,Yes
CUST05736,Male,0,Yes,No,26,Yes,No,Fiber optic,No internet,No internet,No,No internet,No,Yes,Month-to-month,No,Electronic check,72.08,1809.33,No
CUST05737,Male,0,No,No,7,Yes,No,Fiber optic,No,No,Yes,No internet,No internet,No internet,Two year,Yes,Mailed check,55.2,309.58,Yes
CUST05738,Female,0,Yes,No,0,Yes,No,Fiber optic,No,No,No,No internet,Yes,No internet,Two year,No,Electronic check,63.96,0.0,No
CUST05739,Male,0,No,No,1,Yes,Yes,DSL,No,Yes,No,No internet,No,Yes,Month-to-month,Yes,Electronic check,36.01,0.0,Yes
CUST05740,Male,0,Yes,No,72,Yes,Yes,Fiber optic,No,No internet,No,No,No internet,No internet,Two year,Yes,Mailed check,87.9,6454.19,Yes
CUST05741,Male,0,No,No,10,Yes,Yes,Fiber optic,No,No,No,No,Yes,No internet,Month-to-month,Yes,Electronic check,28.29,137.96,Yes
CUST05742,Male,0,Yes,No,48,Yes,Yes,DSL,Yes,Yes,Yes,No,Yes,No,Two year,No,Electronic check,59.52,2971.25,No
CUST05743,Female,0,Yes,No,72,Yes,No,DSL,No internet,No,No,Yes,No internet,Yes,One year,No,Electronic check,65.69,4846.93,No
CUST05744,Female,0,No,No,68,Yes,No,Fiber optic,No,No,No,No,Yes,Yes,Month-to-month,No,Bank transfer,81.62,5609.57,Yes
CUST05745,Male,1,Yes,No,51,Yes,No phone service,Fiber optic,No,No,No internet,Yes,No,Yes,Month-to-month,Yes,Electronic check,80.45,4105.68,No
CUST05746,Male,0,Yes,Yes,54,Yes,Yes,Fiber optic,No internet,No internet,No,No internet,No,Yes,One year,Yes,Mailed check,67.83,3654.87,No
CUST05747,Female,0,No,No,8,Yes,Yes,Fiber optic,No internet,No,Yes,No internet,No,No internet,One year,Yes,Bank transfer,33.96,434.46,Yes
CUST05748,Female,0,No,No,3,Yes,Yes,DSL,No,No internet,Yes,Yes,No,Yes,Two year,Yes,Electronic check,26.48,307.72,No
CUST05749,Male,0,Yes,No,24,Yes,Yes,Fiber optic,No,No internet,Yes,No,No,No,Two year,Yes,Credit card,44.94,884.05,No
CUST05750,Female,0,Yes,No,16,Yes,No,No,No,No internet,No,No,No,No,Month-to-month,Yes,Credit card,71.07,1209.88,No
CUST05751,Female,0,Yes,Yes,2,Yes,Yes,DSL,No,Yes,No,No,No,No,Two year,Yes,Credit card,51.43,73.99,No
CUST05752,Male,0,Yes,No,27,Yes,No,Fiber optic,Yes,Yes,No internet,Yes,No internet,Yes,One year,Yes,Mailed check,49.59,1558.18,No
CUST05753,Female,0,Yes,No,19,Yes,Yes,DSL,No,No,No,Yes,No,No,Two year,Yes,Mailed check,58.04,1129.54,No
CUST05754,Female,0,Yes,Yes,47,Yes,No,Fiber optic,No internet,Yes,No,No,No internet,Yes,Two year,No,Bank transfer,77.38,3565.49,No
CUST05755,Male,0,No,No,22,Yes,Yes,Fiber optic,No,Yes,No,No,No,No internet,Two year,No,Electronic check,62.55,1289.95,No
CUST05756,Male,0,No,Yes,20,Yes,Yes,DSL,No internet,Yes,No internet,Yes,No internet,No internet,Month-to-month,No,Electronic check,51.86,1031.41,No
CUST05757,Female,0,Yes,Yes,13,Yes,Yes,DSL,Yes,Yes,Yes,No,No,No internet,One year,No,Electronic check,48.41,415.35,No
CUST05758,Male,0,Yes,Yes,14,Yes,Yes,Fiber optic,Yes,No,No,No internet,Yes,No internet,Month-to-month,Yes,Bank transfer,49.95,584.13,Yes
CUST05759,Female,0,No,No,72,Yes,No,Fiber optic,Yes,No internet,No internet,No internet,No internet,No,Month-to-month,No,Electronic check,104.13,7352.74,Yes
CUST05760,Male,0,Yes,No,3,Yes,No,Fiber optic,No internet,No,Yes,No,Yes,Yes,Month-to-month,No,Bank transfer,60.39,0.0,Yes
CUST05761,Female,0,No,Yes,14,Yes,No,Fiber optic,Yes,No,Yes,No,Yes,No,Two year,Yes,Electronic check,76.34,1133.05,No
CUST05762,Male,0,No,No,25,No,Yes,DSL,No,No internet,No,No,No,Yes,Month-to-month,No,Bank transfer,64.25,1679.35,Yes
CUST05763,Female,0,No,Yes,13,Yes,No phone service,DSL,No,No,No,Yes,No internet,No,Month-to-month,Yes,Mailed check,41.69,632.97,Yes
CUST05764,Female,0,Yes,No,7,Yes,Yes,DSL,No,No,Yes,Yes,Yes,No internet,Month-to-month,Yes,Electronic check,72.92,403.8,Yes
CUST05765,Female,0,No,Yes,8,Yes,Yes,Fiber optic,No,Yes,No,No,No internet,No,Month-to-month,No,Electronic check,49.05,439.74,Yes
CUST05766,Male,0,No,Yes,6,Yes,No phone service,Fiber optic,No,No internet,No,No,Yes,No internet,One year,No,Electronic check,36.29,215.36,No
CUST05767,Male,0,No,Yes,10,Yes,No phone service,Fiber optic,Yes,No,No,Yes,Yes,No internet,Month-to-month,Yes,Electronic check,40.5,300.91,Yes
CUST05768,Female,0,No,No,49,Yes,No,Fiber optic,No,No,No,No,No,No,Month-to-month,Yes,Mailed check,84.84,4117.08,Yes
CUST05769,Female,0,Yes,No,16,Yes,Yes,Fiber optic,No,No,Yes,No,Yes,No,Month-to-month,Yes,Credit card,60.07,827.31,Yes
CUST05770,Male,0,Yes,No,6,Yes,Yes,DSL,Yes,No,No,Yes,No,Yes,Month-to-month,Yes,Bank transfer,42.1,76.55,Yes
CUST05771,Male,0,No,Yes,11,Yes,No,Fiber optic,Yes,Yes,No,No,Yes,Yes,Month-to-month,No,Credit card,44.48,404.3,Yes
CUST05772,Male,0,No,No,2,Yes,No,No,No,No,No,Yes,Yes,No internet,Two year,No,Credit card,91.52,120.85,Yes
CUST05773,Male,0,No,No,56,Yes,Yes,Fiber optic,No,Yes,Yes,Yes,No internet,No,Two year,No,Mailed check,84.72,4828.2,No
CUST05774,Male,0,No,Yes,12,Yes,No,Fiber optic,No internet,Yes,Yes,No,No internet,No internet,Month-to-month,Yes,Electronic check,53.26,568.95,Yes
CUST05775,Male,0,Yes,Yes,72,Yes,Yes,DSL,No,No,Yes,No,Yes,Yes,Month-to-month,Yes,Credit card,92.76,6779.95,No
CUST05776,Female,0,Yes,Yes,10,No,No,Fiber optic,No,No,No,No,No internet,No,Two year,Yes,Bank transfer,26.45,378.7,Yes
CUST05777,Male,0,No,No,43,No,No,Fiber optic,Yes,No,No internet,No,No,Yes,Month-to-month,Yes,Credit card,57.07,2471.1,No
CUST05778,Female,0,Yes,No,7,Yes,No phone service,Fiber optic,No internet,No internet,Yes,No,No internet,No,One year,Yes,Bank transfer,41.3,243.92,No
CUST05779,Male,0,No,No,1,Yes,No,DSL,No internet,No internet,No internet,No,Yes,No,One year,No,Bank transfer,70.27,0.0,No
CUST05780,Male,0,Yes,Yes,0,Yes,No,DSL,No internet,No,Yes,No,No,Yes,Two year,Yes,Credit card,20.3,0.0,No
CUST05781,Female,1,No,No,22,Yes,Yes,Fiber optic,No,No,No,No,No internet,No internet,Two year,Yes,Bank transfer,56.81,1317.77,No
CUST05782,Female,0,No,No,8,Yes,No,No,No,No,No internet,Yes,Yes,Yes,Month-to-month,Yes,Mailed check,54.61,520.15,Yes
CUST05783,Male,0,Yes,Yes,14,Yes,Yes,No,No,Yes,No internet,No,No internet,No internet,Month-to-month,Yes,Mailed check,50.09,667.42,Yes
CUST05784,Female,1,Yes,No,40,Yes,No phone service,Fiber optic,No,No internet,No,Yes,No internet,No,One year,No,Credit card,65.28,2627.33,No
CUST05785,Female,0,No,No,6,Yes,Yes,Fiber optic,Yes,No internet,Yes,Yes,Yes,Yes,Two year,Yes,Bank transfer,48.8,141.85,No
CUST05786,Female,0,No,Yes,8,Yes,No,DSL,Yes,No internet,Yes,No,Yes,No,Two year,No,Mailed check,78.37,571.65,No
CUST05787,Female,0,No,No,44,No,Yes,DSL,No internet,No,Yes,Yes,Yes,No internet,One year,No,Mailed check,84.96,3776.32,No
CUST05788,Male,0,Yes,No,16,Yes,Yes,DSL,No,No,No,No,Yes,No internet,Two year,No,Bank transfer,33.18,465.41,No
CUST05789,Female,0,Yes,No,42,Yes,Yes,Fiber optic,Yes,No,No,No,No,Yes,Month-to-month,Yes,Electronic check,72.16,2908.02,Yes
CUST05790,Male,0,Yes,No,11,Yes,No,DSL,No internet,Yes,No,No internet,No internet,Yes,Month-to-month,Yes,Electronic check,28.99,228.67,Yes
CUST05791,Male,0,Yes,Yes,12,No,No,Fiber optic,Yes,No internet,No,No,No,Yes,Month-to-month,Yes,Electronic check,60.04,574.89,Yes
CUST05792,Male,0,No,No,4,Yes,Yes,Fiber optic,No,Yes,No,No,No internet,No,Month-to-month,No,Credit card,65.8,157.74,Yes
CUST05793,Male,0,No,No,59,Yes,Yes,No,No,No internet,No,No,No,Yes,One year,No,Electronic check,58.96,3558.78,No
CUST05794,Female,1,Yes,No,54,Yes,Yes,No,Yes,No internet,Yes,Yes,No,No,Two year,Yes,Mailed check,92.64,5144.66,No
CUST05795,Female,1,Yes,No,72,Yes,Yes,No,No,Yes,No internet,No,No internet,Yes,One year,Yes,Credit card,118.74,8718.12,No
CUST05796,Male,1,Yes,No,12,Yes,No,Fiber optic,Yes,No,Yes,No internet,No,No,One year,Yes,Electronic check,33.24,378.61,No
CUST05797,Male,0,No,Yes,40,Yes,No,No,Yes,No internet,No,Yes,No,No,Month-to-month,Yes,Electronic check,71.5,2847.61,No
CUST05798,Male,1,Yes,Yes,12,Yes,Yes,Fiber optic,Yes,No internet,No internet,No,No,No internet,One year,No,Credit card,68.17,893.93,No
CUST05799,Male,0,No,Yes,14,No,Yes,DSL,Yes,No internet,No,No,No,No,Month-to-month,Yes,Bank transfer,55.4,649.38,Yes
CUST05800,Female,0,Yes,Yes,42,Yes,Yes,Fiber optic,No internet,No internet,No,No,Yes,Yes,One year,Yes,Electronic check,55.16,2236.06,No
CUST05801,Male,0,No,Yes,4,Yes,No,No,No,No internet,No,No,No,No,Month-to-month,Yes,Credit card,56.4,156.79,Yes
CUST05802,Female,1,Yes,No,5,Yes,No,Fiber optic,No,No internet,No internet,No,No,Yes,One year,Yes,Bank transfer,56.45,418.88,No
CUST05803,Male,0,Yes,No,9,No,No,DSL,Yes,No,No internet,No,No,Yes,Month-to-month,Yes,Credit card,58.16,473.89,Yes
CUST05804,Male,0,No,No,37,Yes,No,DSL,No internet,Yes,No internet,No,Yes,No internet,One year,Yes,Electronic check,57.69,2255.22,No
CUST05805,Male,0,No,No,11,Yes,Yes,DSL,No,No,Yes,No internet,No internet,No,Month-to-month,Yes,Mailed check,55.98,545.89,Yes
CUST05806,Male,0,Yes,No,10,Yes,No phone service,DSL,Yes,Yes,Yes,No,Yes,Yes,Month-to-month,No,Bank transfer,94.79,842.11,Yes
CUST05807,Female,0,Yes,Yes,72,Yes,Yes,No,No,No,No,No,No,No internet,Month-to-month,Yes,Mailed check,62.81,4692.63,No
CUST05808,Female,0,Yes,No,11,Yes,No,Fiber optic,Yes,No,No internet,No,No,Yes,One year,Yes,Electronic check,18.0,217.03,Yes
CUST05809,Female,0,Yes,No,6,Yes,Yes,Fiber optic,Yes,No internet,No,No,No internet,No,One year,No,Electronic check,54.98,260.15,Yes
CUST05810,Male,0,No,Yes,23,Yes,Yes,DSL,No,No,Yes,No,No internet,Yes,Two year,Yes,Bank transfer,56.64,1131.64,No
CUST05811,Male,0,No,No,38,Yes,No,No,Yes,No,No internet,No internet,No internet,No,One year,Yes,Mailed check,65.96,2448.02,No
CUST05812,Female,0,Yes,Yes,1,Yes,Yes,No,Yes,No internet,No,No internet,No,Yes,Month-to-month,Yes,Electronic check,34.9,218.22,Yes
CUST05813,Female,0,Yes,Yes,23,Yes,Yes,DSL,No,No,No,No,No,No,Two year,Yes,Bank transfer,67.21,1509.15,No
CUST05814,Male,0,Yes,Yes,0,Yes,Yes,Fiber optic,Yes,No,Yes,No internet,No,Yes,Month-to-month,Yes,Mailed check,71.37,0.0,Yes
CUST05815,Male,0,Yes,No,17,Yes,No,No,Yes,No internet,Yes,No,No,No,Month-to-month,Yes,Electronic check,47.69,,No
CUST05816,Female,0,Yes,No,7,Yes,No,Fiber optic,No,Yes,No,No,No,Yes,One year,Yes,Bank transfer,68.04,,No
CUST05817,Male,0,No,No,8,Yes,Yes,Fiber optic,Yes,Yes,No,No,No,No internet,Month-to-month,No,Mailed check,58.15,437.46,Yes
CUST05818,Male,0,Yes,No,15,Yes,Yes,Fiber optic,No internet,No,No,No,No internet,No internet,Month-to-month,Yes,Bank transfer,63.72,1012.01,Yes
CUST05819,Female,0,No,Yes,62,Yes,No,DSL,No,No,Yes,No internet,No,Yes,One year,No,Electronic check,83.56,5221.5,No
CUST05820,Male,0,No,No,29,Yes,No,DSL,Yes,No,No,No,No,No internet,Two year,No,Electronic check,57.77,1649.51,No
CUST05821,Female,1,No,No,66,Yes,No,Fiber optic,Yes,No internet,No,No,No,No internet,Two year,No,Mailed check,103.0,6722.53,No
CUST05822,Male,0,No,Yes,25,Yes,No phone service,No,No internet,No,No internet,Yes,No,No,Month-to-month,No,Credit card,54.12,1299.15,Yes
CUST05823,Female,0,No,No,0,Yes,Yes,Fiber optic,No,No internet,No internet,No,Yes,No,Two year,Yes,Electronic check,64.69,0.0,No
CUST05824,Male,0,No,Yes,7,Yes,Yes,DSL,No,Yes,Yes,No,No,No internet,One year,Yes,Bank transfer,70.57,335.0,No
CUST05825,Female,1,Yes,Yes,56,Yes,No,Fiber optic,No,No,Yes,No internet,No internet,No internet,Two year,No,Electronic check,84.98,4806.52,No
CUST05826,Female,0,Yes,No,24,Yes,No,Fiber optic,No,No,No internet,No,Yes,No,One year,Yes,Electronic check,46.07,1036.79,No
CUST05827,Female,0,Yes,No,72,Yes,No,DSL,Yes,Yes,Yes,No internet,No,No,One year,Yes,Electronic check,85.69,6281.1,No
CUST05828,Female,0,No,No,4,Yes,No,DSL,No,No,Yes,Yes,Yes,No internet,Month-to-month,Yes,Credit card,68.77,403.92,Yes
CUST05829,Male,0,No,No,8,Yes,No,Fiber optic,No,No internet,No,Yes,Yes,No internet,One year,Yes,Electronic check,46.51,330.41,Yes
CUST05830,Male,0,Yes,No,10,Yes,Yes,DSL,No,No,No,Yes,No internet,No internet,One year,Yes,Electronic check,56.96,566.0,No
CUST05831,Female,0,No,No,9,Yes,Yes,Fiber optic,Yes,Yes,No,No internet,No internet,No internet,Month-to-month,Yes,Bank transfer,50.97,404.81,Yes
CUST05832,Male,0,No,No,6,Yes,Yes,DSL,Yes,No,Yes,No,No,No,One year,No,Electronic check,47.2,129.36,No
CUST05833,Male,0,No,No,14,Yes,Yes,Fiber optic,No internet,No,No,Yes,No,No internet,One year,Yes,Electronic check,81.76,1086.36,No
CUST05834,Male,0,No,No,24,Yes,Yes,Fiber optic,No,No,No,No,No,Yes,One year,No,Electronic check,75.79,1818.64,No
CUST05835,Male,0,No,No,8,Yes,No,Fiber optic,Yes,Yes,No,No,No,Yes,Month-to-month,Yes,Credit card,42.15,392.31,Yes
CUST05836,Male,0,Yes,No,1,Yes,Yes,DSL,Yes,No,Yes,No,No internet,Yes,Month-to-month,Yes,Electronic check,20.02,200.81,Yes
CUST05837,Female,1,Yes,No,29,Yes,Yes,DSL,No,Yes,Yes,Yes,Yes,No,Month-to-month,Yes,Credit card,81.48,2300.64,Yes
CUST05838,Female,0,No,No,14,Yes,Yes,DSL,No,No,No,Yes,No,No,Two year,No,Electronic check,44.32,533.74,No
CUST05839,Female,0,Yes,No,19,Yes,No,DSL,No,Yes,Yes,No,No internet,Yes,Month-to-month,No,Electronic check,63.22,1290.14,No
CUST05840,Female,0,Yes,Yes,14,Yes,No,DSL,No internet,Yes,Yes,No internet,Yes,No,Month-to-month,Yes,Credit card,53.55,474.53,Yes
CUST05841,Male,0,No,No,53,No,No,DSL,No,Yes,No,No,Yes,No,Two year,Yes,Bank transfer,95.63,4968.44,No
CUST05842,Male,1,No,No,19,Yes,Yes,Fiber optic,Yes,No,No,No internet,No,Yes,Month-to-month,No,Mailed check,67.0,1385.09,Yes
CUST05843,Female,0,No,No,61,Yes,No,Fiber optic,Yes,Yes,Yes,No internet,No,Yes,One year,No,Mailed check,83.72,5011.63,No
CUST05844,Male,0,Yes,No,17,Yes,No,DSL,No internet,No,No,Yes,No,Yes,Two year,Yes,Electronic check,91.28,1497.67,No
CUST05845,Male,1,No,Yes,8,Yes,No,DSL,No internet,No,No,No internet,Yes,No,One year,Yes,Bank transfer,81.68,652.5,Yes
CUST05846,Female,0,Yes,No,10,No,Yes,DSL,Yes,No internet,Yes,Yes,No,No internet,Two year,No,Bank transfer,28.33,350.88,Yes
CUST05847,Male,1,Yes,Yes,17,Yes,Yes,DSL,Yes,Yes,No internet,No,Yes,No,Two year,Yes,Electronic check,64.24,1087.54,No
CUST05848,Female,0,No,No,18,Yes,No,DSL,No internet,No internet,No,No,Yes,No,Two year,Yes,Credit card,50.81,908.66,No
CUST05849,Female,1,Yes,No,27,Yes,No,DSL,Yes,Yes,No internet,No,Yes,Yes,One year,Yes,Mailed check,82.17,2183.69,No
CUST05850,Male,0,Yes,No,6,Yes,No,Fiber optic,Yes,No,Yes,No,Yes,No internet,Month-to-month,No,Electronic check,44.51,238.91,Yes
CUST05851,Male,0,No,No,25,Yes,Yes,No,No internet,No,No,Yes,No internet,No internet,Month-to-month,Yes,Electronic check,39.33,898.82,Yes
CUST05852,Female,1,Yes,No,36,Yes,Yes,Fiber optic,No internet,No,Yes,No internet,No,No,Two year,No,Credit card,79.62,2762.17,No
CUST05853,Female,0,No,Yes,27,Yes,Yes,DSL,No,No internet,No,Yes,No,No internet,Two year,No,Mailed check,77.84,2227.19,No
CUST05854,Male,0,Yes,Yes,15,Yes,Yes,Fiber optic,Yes,Yes,Yes,No internet,No internet,No,Two year,Yes,Mailed check,55.24,761.34,No
CUST05855,Female,0,No,No,72,No,No,Fiber optic,No internet,No,No internet,No internet,No internet,No,One year,Yes,Credit card,82.69,5932.13,No
CUST05856,Female,0,Yes,Yes,12,Yes,No,No,No,No,No internet,No,No internet,No,Month-to-month,No,Bank transfer,54.64,751.7,No
CUST05857,Female,0,No,Yes,2,Yes,Yes,Fiber optic,Yes,No,No,No,Yes,Yes,Month-to-month,Yes,Bank transfer,39.57,0.0,Yes
CUST05858,Male,1,Yes,No,41,Yes,Yes,Fiber optic,No,No,No internet,No internet,Yes,No internet,Month-to-month,Yes,Electronic check,77.04,3008.31,Yes
CUST05859,Female,0,No,No,5,Yes,Yes,DSL,No internet,Yes,Yes,Yes,No,Yes,Two year,No,Bank transfer,48.03,236.53,No
CUST05860,Male,0,Yes,No,29,Yes,No phone service,Fiber optic,Yes,No,No,No,No internet,No internet,Month-to-month,No,Mailed check,73.53,2132.01,No
CUST05861,Female,0,Yes,Yes,4,Yes,Yes,DSL,No,Yes,No,No,Yes,No internet,Month-to-month,Yes,Credit card,69.85,122.18,No
CUST05862,Male,0,No,Yes,0,Yes,Yes,Fiber optic,No,No internet,No,Yes,No,Yes,Two year,Yes,Electronic check,61.16,0.0,No
CUST05863,Female,0,Yes,No,4,Yes,No,No,No internet,No,Yes,Yes,No,No,Month-to-month,Yes,Electronic check,45.58,32.22,Yes
CUST05864,Male,0,Yes,No,11,Yes,No,Fiber optic,No,No,No,No,No,No,Two year,No,Electronic check,27.5,331.43,No
CUST05865,Male,0,Yes,No,2,Yes,No,No,No internet,Yes,No,Yes,No,No,Month-to-month,No,Mailed check,47.57,172.47,No
CUST05866,Male,0,No,Yes,5,Yes,Yes,Fiber optic,No,Yes,No internet,No,No internet,Yes,Two year,Yes,Electronic check,62.1,328.62,No
CUST05867,Female,0,Yes,Yes,34,Yes,Yes,Fiber optic,No,Yes,Yes,Yes,No,No,Month-to-month,No,Credit card,81.59,2592.19,Yes
CUST05868,Female,0,Yes,Yes,35,Yes,Yes,Fiber optic,Yes,No,No,No,No,No,Month-to-month,No,Credit card,63.97,2110.45,Yes
CUST05869,Female,0,Yes,No,40,No,Yes,Fiber optic,No internet,No,Yes,No,Yes,Yes,One year,Yes,Bank transfer,61.29,2430.31,No
CUST05870,Male,0,No,Yes,44,Yes,Yes,Fiber optic,No,Yes,Yes,No,No,No internet,Two year,No,Electronic check,53.92,2370.84,No
CUST05871,Female,0,No,No,13,Yes,Yes,DSL,No,No internet,Yes,No internet,No,No internet,Month-to-month,Yes,Mailed check,68.72,834.42,Yes
CUST05872,Male,0,Yes,Yes,48,Yes,No,DSL,No,Yes,No,No,No internet,Yes,One year,No,Credit card,51.07,,No
CUST05873,Female,1,Yes,No,17,Yes,No,DSL,No,Yes,No,Yes,No internet,No internet,Two year,Yes,Electronic check,81.85,1420.57,No
CUST05874,Male,0,Yes,Yes,15,Yes,No,Fiber optic,No,No,No internet,No internet,No,No,Month-to-month,No,Mailed check,48.79,933.04,Yes
CUST05875,Male,0,Yes,No,30,Yes,No,Fiber optic,No,Yes,No,No,Yes,Yes,Two year,Yes,Mailed check,47.48,,No
CUST05876,Male,0,Yes,Yes,5,Yes,Yes,Fiber optic,No,Yes,No,No internet,No,No,Month-to-month,Yes,Credit card,73.41,330.22,Yes
CUST05877,Female,0,Yes,No,37,Yes,Yes,DSL,Yes,No,Yes,Yes,No internet,No,Month-to-month,Yes,Electronic check,49.86,1827.33,Yes
CUST05878,Female,1,No,No,13,Yes,No,Fiber optic,No,No internet,Yes,No,No,Yes,Month-to-month,No,Electronic check,44.94,572.62,Yes
CUST05879,Female,0,No,Yes,3,Yes,No,DSL,No,Yes,No,Yes,No internet,Yes,Month-to-month,Yes,Bank transfer,81.14,185.85,Yes
CUST05880,Male,0,Yes,No,3,Yes,No,Fiber optic,No internet,Yes,No,Yes,No,No,Month-to-month,No,Electronic check,60.42,308.29,Yes
CUST05881,Male,0,No,No,4,Yes,No,Fiber optic,No,No internet,Yes,No internet,No internet,No,Month-to-month,Yes,Bank transfer,58.07,356.67,Yes
CUST05882,Female,0,No,No,53,Yes,No phone service,Fiber optic,No,No,Yes,Yes,No,Yes,Month-to-month,No,Electronic check,79.86,4254.48,Yes
CUST05883,Female,0,Yes,No,72,Yes,No,DSL,No,Yes,No,No,No internet,No,One year,Yes,Mailed check,75.8,5608.42,No
CUST05884,Female,0,No,No,10,No,Yes,Fiber optic,No,Yes,Yes,Yes,No,Yes,One year,Yes,Mailed check,47.46,419.11,Yes
CUST05885,Male,1,Yes,Yes,8,Yes,Yes,Fiber optic,No internet,No,No,No,No,Yes,One year,Yes,Mailed check,90.01,771.05,Yes
CUST05886,Male,1,Yes,Yes,5,Yes,Yes,No,No,Yes,No internet,Yes,Yes,Yes,Month-to-month,Yes,Credit card,61.13,430.69,Yes
CUST05887,Male,0,No,No,41,No,No,Fiber optic,No,No,No internet,No internet,No,No,Two year,No,Credit card,60.59,2544.57,No
CUST05888,Male,0,Yes,No,5,Yes,Yes,Fiber optic,No,No,Yes,No,Yes,No internet,Month-to-month,No,Bank transfer,72.56,528.56,Yes
CUST05889,Male,0,Yes,Yes,61,Yes,Yes,No,No,No,Yes,No,Yes,No internet,Month-to-month,Yes,Bank transfer,69.3,4280.09,Yes
CUST05890,Female,1,Yes,No,26,Yes,No phone service,DSL,No,No,Yes,Yes,No,No internet,One year,No,Mailed check,80.04,2063.25,No
CUST05891,Male,1,Yes,Yes,54,Yes,Yes,Fiber optic,No,No,Yes,Yes,No,Yes,One year,Yes,Electronic check,107.73,5705.64,No
CUST05892,Male,0,No,No,19,Yes,Yes,DSL,Yes,No internet,Yes,No,No internet,No,Month-to-month,Yes,Bank transfer,56.75,1033.74,No
CUST05893,Male,0,Yes,No,28,Yes,Yes,No,No internet,Yes,No,No,No,No,Month-to-month,Yes,Electronic check,31.3,962.18,Yes
CUST05894,Male,0,Yes,No,23,Yes,No,Fiber optic,No internet,Yes,Yes,No,No internet,No,Two year,Yes,Electronic check,74.74,1820.45,No
CUST05895,Male,0,Yes,Yes,42,Yes,No,Fiber optic,No internet,No internet,No,No,Yes,Yes,Month-to-month,No,Bank transfer,90.18,3585.88,Yes
CUST05896,Female,0,Yes,No,43,Yes,No,DSL,No,Yes,No,Yes,No,No internet,Month-to-month,No,Bank transfer,71.81,3032.6,No
CUST05897,Male,0,No,No,21,Yes,No,Fiber optic,No,No internet,No,No,No,Yes,Two year,Yes,Electronic check,57.22,1248.09,No
CUST05898,Male,0,Yes,No,24,Yes,No phone service,DSL,No internet,No internet,No,No,No,No,Month-to-month,Yes,Bank transfer,61.74,1500.91,Yes
CUST05899,Male,0,No,Yes,61,Yes,Yes,Fiber optic,No,No,Yes,No,Yes,Yes,One year,No,Credit card,81.88,4918.1,No
CUST05900,Female,0,No,No,63,No,Yes,DSL,No internet,No,No,Yes,No,Yes,Month-to-month,Yes,Mailed check,76.32,4959.54,No
CUST05901,Female,0,No,No,26,Yes,Yes,DSL,Yes,Yes,No internet,No,Yes,No,Month-to-month,Yes,Bank transfer,89.39,2413.61,No
CUST05902,Female,0,Yes,No,0,Yes,Yes,DSL,No internet,No,No,No,Yes,No internet,Month-to-month,Yes,Electronic check,53.01,219.3,Yes
CUST05903,Male,0,Yes,No,2,Yes,Yes,DSL,No,No internet,Yes,No,Yes,No internet,One year,No,Credit card,51.29,67.47,No
CUST05904,Female,0,No,No,46,Yes,No phone service,Fiber optic,No,Yes,No,No,Yes,No internet,Month-to-month,No,Electronic check,84.69,3739.32,No
CUST05905,Male,0,No,Yes,2,Yes,Yes,DSL,Yes,No,No internet,Yes,Yes,No,One year,No,Credit card,44.71,103.64,No
CUST05906,Male,0,Yes,No,5,Yes,No,DSL,No internet,No internet,No internet,No internet,No internet,Yes,Two year,Yes,Credit card,48.84,445.54,No
CUST05907,Female,0,Yes,No,6,Yes,No,No,Yes,No internet,Yes,No,No,Yes,Two year,No,Bank transfer,60.52,382.02,No
CUST05908,Male,0,Yes,No,22,Yes,Yes,DSL,No,No internet,Yes,No internet,No,Yes,Month-to-month,Yes,Credit card,60.42,1389.42,Yes
CUST05909,Male,0,No,No,20,Yes,No phone service,Fiber optic,No,No,No internet,Yes,No internet,No,Month-to-month,No,Mailed check,71.27,1473.72,No
CUST05910,Male,0,Yes,Yes,8,Yes,No,DSL,Yes,Yes,Yes,No,No,Yes,Month-to-month,Yes,Credit card,49.35,263.73,No
CUST05911,Female,0,No,No,5,Yes,No,No,No,No,No,Yes,No,No,Month-to-month,Yes,Bank transfer,58.75,198.3,Yes
CUST05912,Male,0,No,No,34,Yes,Yes,Fiber optic,No internet,No,No,No internet,No,No,Two year,No,Electronic check,79.11,2633.36,No
CUST05913,Male,0,No,No,65,Yes,No,Fiber optic,Yes,Yes,No,No,No,No internet,Two year,No,Electronic check,97.79,6329.08,No
CUST05914,Female,0,No,No,1,No,Yes,Fiber optic,No,No internet,No internet,No,No,No,Month-to-month,No,Mailed check,20.76,119.51,Yes
CUST05915,Male,0,Yes,No,3,Yes,Yes,No,No,No internet,No,No internet,Yes,No internet,Month-to-month,Yes,Credit card,56.01,91.3,Yes
CUST05916,Male,0,No,No,24,Yes,Yes,Fiber optic,No,No,No,No,Yes,Yes,Two year,No,Credit card,74.67,1547.08,No
CUST05917,Female,0,No,No,39,Yes,Yes,Fiber optic,No internet,No,Yes,No,Yes,Yes,Two year,No,Credit card,55.05,2060.4,No
CUST05918,Male,0,No,No,37,Yes,No,Fiber optic,No,No,No internet,Yes,No,No,Month-to-month,No,Electronic check,84.65,3086.1,No
CUST05919,Male,0,Yes,No,30,Yes,No,No,No internet,Yes,No,No,No,No,Month-to-month,No,Mailed check,68.16,2178.97,No
CUST05920,Male,1,No,No,52,No,Yes,DSL,No,Yes,No,Yes,No,No,Month-to-month,Yes,Bank transfer,79.51,4053.0,Yes
CUST05921,Male,0,Yes,Yes,5,Yes,No,DSL,Yes,No,No,Yes,No,No internet,Two year,Yes,Bank transfer,58.91,0.0,Yes
CUST05922,Male,0,Yes,No,2,Yes,Yes,Fiber optic,No,No internet,No,No,No internet,No,Month-to-month,No,Electronic check,63.35,31.44,Yes
CUST05923,Female,0,No,No,22,Yes,Yes,No,No internet,Yes,No,Yes,No,Yes,Two year,Yes,Bank transfer,28.69,632.66,No
CUST05924,Female,1,No,No,41,Yes,Yes,DSL,No,No internet,No,Yes,Yes,No,Month-to-month,Yes,Bank transfer,104.79,4062.05,Yes
CUST05925,Female,0,No,No,20,Yes,No,DSL,Yes,Yes,No,No internet,Yes,Yes,Two year,Yes,Mailed check,30.76,673.59,No
CUST05926,Female,0,Yes,Yes,72,Yes,No,DSL,No,No,No internet,No,No,No,Month-to-month,No,Bank transfer,69.44,5045.18,No
CUST05927,Male,1,No,No,38,Yes,Yes,DSL,Yes,No internet,No,No,Yes,No internet,Month-to-month,Yes,Bank transfer,100.39,3816.39,Yes
CUST05928,Male,0,Yes,Yes,28,Yes,Yes,DSL,No,No,No internet,No internet,Yes,Yes,Month-to-month,Yes,Electronic check,77.87,2230.21,Yes
CUST05929,Male,0,No,Yes,1,Yes,Yes,No,Yes,No,No,No,Yes,No internet,One year,Yes,Credit card,43.74,0.0,No
CUST05930,Male,0,Yes,No,2,Yes,No,DSL,No,Yes,No,No internet,No internet,Yes,Month-to-month,Yes,Electronic check,66.43,66.6,Yes
CUST05931,Male,0,No,No,36,Yes,No phone service,Fiber optic,No internet,Yes,No internet,No,Yes,Yes,One year,Yes,Bank transfer,73.14,2570.23,No
CUST05932,Female,0,No,No,5,Yes,No,DSL,Yes,Yes,No,No internet,No,No,Month-to-month,Yes,Electronic check,56.02,247.84,Yes
CUST05933,Female,0,Yes,Yes,0,Yes,Yes,No,No internet,No,Yes,No internet,No,No internet,Month-to-month,No,Bank transfer,18.0,201.32,Yes
CUST05934,Male,0,Yes,No,57,Yes,No,Fiber optic,Yes,No,No,No internet,Yes,Yes,Month-to-month,Yes,Credit card,63.06,3518.66,Yes
CUST05935,Male,0,No,No,53,No,No phone service,Fiber optic,No,No internet,No,Yes,No internet,Yes,One year,No,Electronic check,70.99,3838.68,No
CUST05936,Male,0,No,Yes,5,Yes,No phone service,Fiber optic,Yes,Yes,Yes,No,No,No,Month-to-month,No,Credit card,18.0,0.0,Yes
CUST05937,Female,0,No,No,36,Yes,No phone service,No,Yes,No,Yes,No internet,No,No,Month-to-month,Yes,Electronic check,79.62,2864.04,Yes
CUST05938,Male,0,No,Yes,1,Yes,No,Fiber optic,No,No,Yes,No,Yes,No,One year,Yes,Electronic check,49.61,42.32,Yes
CUST05939,Male,0,Yes,No,8,No,Yes,No,No,No,No internet,Yes,No,Yes,Month-to-month,No,Credit card,73.8,250.68,Yes
CUST05940,Male,0,Yes,No,23,Yes,No,DSL,No,Yes,No,Yes,Yes,No,Month-to-month,Yes,Bank transfer,53.78,1248.76,No
CUST05941,Female,0,Yes,No,34,Yes,No,Fiber optic,Yes,Yes,No,No,Yes,Yes,Month-to-month,Yes,Electronic check,45.83,1487.32,No
CUST05942,Male,0,Yes,No,0,Yes,Yes,DSL,No,No,No internet,Yes,No,No,Month-to-month,Yes,Credit card,35.16,0.0,Yes
CUST05943,Female,0,No,No,9,Yes,No,DSL,Yes,Yes,Yes,No,Yes,No internet,One year,Yes,Bank transfer,59.09,554.29,No
CUST05944,Female,0,Yes,No,5,Yes,No phone service,Fiber optic,No,Yes,Yes,No,No,No internet,Month-to-month,Yes,Electronic check,69.06,451.94,Yes
CUST05945,Female,0,No,No,72,Yes,No,No,No,No internet,No internet,Yes,Yes,No internet,Month-to-month,Yes,Credit card,86.38,6220.98,Yes
CUST05946,Female,1,No,No,26,Yes,No,DSL,No internet,No internet,No,No,Yes,Yes,Two year,Yes,Mailed check,87.88,2387.99,No
CUST05947,Female,0,No,No,12,Yes,No,Fiber optic,No,Yes,No,Yes,Yes,No,Month-to-month,No,Electronic check,55.88,884.45,Yes
CUST05948,Female,0,No,No,1,Yes,No,No,Yes,No,No,No,No,No internet,One year,No,Credit card,59.97,54.8,No
CUST05949,Male,0,Yes,Yes,21,Yes,No,DSL,No internet,No,Yes,No internet,Yes,No,Month-to-month,Yes,Bank transfer,86.29,1834.56,Yes
CUST05950,Male,0,No,Yes,24,Yes,Yes,DSL,Yes,No,No,No,No,No,One year,Yes,Bank transfer,70.2,1717.01,No
CUST05951,Male,0,Yes,No,40,Yes,Yes,Fiber optic,No,Yes,No,No,No,No,One year,No,Credit card,59.02,2444.25,No
CUST05952,Female,0,Yes,Yes,8,Yes,No,DSL,Yes,No,Yes,No internet,No,No,Two year,Yes,Credit card,57.99,392.03,Yes
CUST05953,Male,0,No,No,72,Yes,Yes,Fiber optic,No,No,No internet,No,No,No,Two year,Yes,Electronic check,87.52,6406.47,No
CUST05954,Female,1,Yes,No,13,No,No,DSL,No,No,Yes,No,No,No,One year,No,Credit card,61.1,900.92,No
CUST05955,Female,0,No,No,8,Yes,Yes,DSL,No,No internet,Yes,No,No,No,Two year,No,Mailed check,42.03,370.08,Yes
CUST05956,Female,0,No,No,10,Yes,No,Fiber optic,No,Yes,No,Yes,No,No internet,Month-to-month,No,Mailed check,88.49,1033.92,Yes
CUST05957,Male,1,No,No,17,Yes,No,No,No internet,No,Yes,Yes,Yes,No,Month-to-month,Yes,Credit card,64.55,1203.67,No
CUST05958,Female,0,Yes,Yes,66,Yes,No,DSL,Yes,No internet,No internet,No internet,No internet,No,Two year,Yes,Bank transfer,47.9,3053.36,No
CUST05959,Female,0,No,No,31,Yes,No,Fiber optic,No,No internet,Yes,Yes,No internet,No internet,Two year,Yes,Electronic check,55.97,1738.3,No
CUST05960,Male,0,Yes,No,20,Yes,No,Fiber optic,Yes,No,No internet,No,No internet,No,Month-to-month,Yes,Bank transfer,48.46,1052.5,Yes
CUST05961,Male,0,No,Yes,4,Yes,Yes,No,No internet,No,Yes,No,Yes,No,Month-to-month,Yes,Mailed check,48.28,299.68,No
CUST05962,Female,0,Yes,Yes,3,Yes,Yes,Fiber optic,No internet,No internet,No internet,Yes,No,No internet,Two year,Yes,Electronic check,29.02,0.0,No
CUST05963,Female,0,No,Yes,16,No,Yes,No,Yes,Yes,Yes,No internet,No internet,Yes,Month-to-month,Yes,Credit card,49.77,785.66,Yes
CUST05964,Male,0,Yes,Yes,31,Yes,No,DSL,No,No,Yes,No internet,No internet,No,Month-to-month,Yes,Credit card,69.27,2271.46,No
CUST05965,Male,1,Yes,Yes,33,Yes,No,No,No,Yes,No,Yes,No internet,Yes,One year,No,Bank transfer,56.41,1964.83,No
CUST05966,Male,1,Yes,No,6,Yes,Yes,No,No,No,No,No,No,No,Month-to-month,No,Mailed check,80.59,331.22,Yes
CUST05967,Female,1,Yes,No,2,Yes,No,No,No,No internet,No,No,Yes,Yes,Month-to-month,No,Electronic check,61.64,30.86,Yes
CUST05968,Male,0,No,No,11,Yes,Yes,No,No,Yes,No,No,No,No,Two year,Yes,Credit card,58.06,679.85,No
CUST05969,Male,0,Yes,Yes,60,Yes,Yes,No,Yes,No internet,No internet,No,Yes,No internet,Month-to-month,Yes,Mailed check,74.01,4429.19,Yes
CUST05970,Male,0,Yes,No,18,Yes,Yes,No,Yes,Yes,No internet,Yes,No internet,No,Two year,No,Electronic check,62.35,1099.28,No
CUST05971,Female,0,No,No,9,Yes,Yes,No,No,Yes,No,No,Yes,No,Two year,No,Credit card,66.01,598.07,No
CUST05972,Male,1,Yes,No,9,Yes,Yes,Fiber optic,No internet,No internet,Yes,Yes,Yes,Yes,Two year,No,Credit card,68.08,588.73,No
CUST05973,Male,0,Yes,No,3,Yes,No phone service,No,No internet,Yes,Yes,No,Yes,No internet,Two year,Yes,Bank transfer,68.48,172.08,No
CUST05974,Male,1,No,No,15,Yes,No,Fiber optic,No,No,Yes,No internet,No,No internet,Month-to-month,No,Electronic check,69.61,1103.26,No
CUST05975,Male,0,Yes,No,37,Yes,No,Fiber optic,No internet,Yes,Yes,Yes,No,No internet,One year,No,Electronic check,81.07,3078.98,No
CUST05976,Male,1,Yes,No,72,Yes,No,Fiber optic,Yes,Yes,No internet,Yes,No,No,Two year,Yes,Mailed check,102.38,7379.2,No
CUST05977,Female,1,Yes,Yes,16,Yes,Yes,No,No,No,No,Yes,Yes,No,Month-to-month,Yes,Bank transfer,36.74,718.2,No
CUST05978,Female,0,Yes,No,4,Yes,No phone service,Fiber optic,No,Yes,No,No,No,Yes,Month-to-month,Yes,Bank transfer,38.77,96.94,Yes
CUST05979,Female,0,No,No,27,Yes,No phone service,DSL,No,No,No internet,No internet,No internet,No internet,One year,No,Bank transfer,51.12,1388.1,No
CUST05980,Male,0,Yes,Yes,33,Yes,No,Fiber optic,No internet,No internet,Yes,No,No internet,No,One year,Yes,Mailed check,54.51,1778.56,No
CUST05981,Female,0,No,No,1,Yes,Yes,DSL,No,No internet,No,No,No,No,One year,No,Bank transfer,34.34,0.0,No
CUST05982,Female,0,Yes,No,45,Yes,No,Fiber optic,No,No internet,No,No internet,Yes,Yes,One year,Yes,Credit card,89.48,4082.39,Yes
CUST05983,Female,0,Yes,No,42,Yes,Yes,No,No,Yes,No internet,No,No internet,No internet,One year,No,Bank transfer,93.7,4050.14,No
CUST05984,Male,1,Yes,Yes,15,Yes,No,No,No internet,No,Yes,No internet,Yes,No,One year,Yes,Credit card,42.88,727.36,No
CUST05985,Male,0,No,Yes,19,Yes,Yes,No,No,No internet,No,No,No internet,Yes,Month-to-month,Yes,Credit card,71.37,1382.03,Yes
CUST05986,Female,0,No,No,29,Yes,Yes,Fiber optic,No,No internet,No,No internet,Yes,Yes,Month-to-month,No,Electronic check,73.45,1977.32,Yes
CUST05987,Female,0,Yes,No,27,Yes,No phone service,DSL,No,Yes,No,No,No internet,No,Two year,No,Credit card,96.86,2683.91,No
CUST05988,Male,0,No,No,0,Yes,No phone service,Fiber optic,No,No,No,No internet,Yes,No internet,Month-to-month,No,Electronic check,48.84,183.48,Yes
CUST05989,Male,0,Yes,No,3,Yes,No phone service,Fiber optic,No,Yes,No,No,Yes,No,Two year,Yes,Credit card,28.31,73.88,No
CUST05990,Female,0,Yes,No,4,Yes,Yes,DSL,No,Yes,No,No,No,No internet,Two year,Yes,Bank transfer,28.75,126.87,Yes
CUST05991,Male,0,Yes,No,33,Yes,Yes,Fiber optic,Yes,No,No internet,Yes,Yes,Yes,One year,Yes,Bank transfer,83.26,2874.68,No
CUST05992,Female,0,Yes,No,13,Yes,No phone service,No,No,No,Yes,No internet,No,No,Two year,Yes,Electronic check,43.76,578.29,No
CUST05993,Male,0,Yes,No,18,Yes,Yes,Fiber optic,No,Yes,Yes,No,No,No,One year,Yes,Electronic check,69.8,1238.67,No
CUST05994,Female,0,Yes,No,35,Yes,No,Fiber optic,Yes,Yes,Yes,No,No,Yes,Month-to-month,Yes,Electronic check,67.09,2348.12,No
CUST05995,Female,0,Yes,Yes,10,Yes,No,Fiber optic,Yes,No,Yes,No,Yes,Yes,One year,No,Credit card,68.32,762.58,Yes
CUST05996,Male,0,Yes,No,33,Yes,Yes,Fiber optic,No internet,Yes,No internet,No internet,No,Yes,Month-to-month,Yes,Mailed check,43.28,1520.57,Yes
CUST05997,Female,0,Yes,No,14,Yes,No,DSL,Yes,No,No,Yes,No,No internet,Month-to-month,No,Mailed check,58.02,599.21,No
CUST05998,Female,1,Yes,No,11,Yes,Yes,No,No,No internet,No internet,No internet,Yes,Yes,Month-to-month,No,Credit card,77.31,918.07,Yes
CUST05999,Female,0,No,No,9,Yes,No,Fiber optic,No,No,No internet,No,Yes,No internet,Two year,Yes,Electronic check,64.86,599.46,No
CUST06000,Male,0,Yes,No,72,Yes,Yes,Fiber optic,No,No,Yes,No internet,No,No internet,Month-to-month,No,Bank transfer,100.44,7152.84,Yes
CUST06001,Male,0,No,No,35,Yes,Yes,Fiber optic,Yes,Yes,No,No,Yes,Yes,Month-to-month,Yes,Mailed check,42.27,1622.62,Yes
CUST06002,Male,0,No,No,0,Yes,Yes,No,No,No internet,No,No,No,No,Month-to-month,No,Electronic check,48.27,,Yes
CUST06003,Female,1,Yes,No,72,Yes,No,DSL,No,No internet,No internet,No,Yes,No,Month-to-month,No,Credit card,95.59,6751.43,No
CUST06004,Male,0,Yes,Yes,35,Yes,No phone service,No,No internet,No,No,No,No internet,No internet,Month-to-month,No,Bank transfer,89.5,3206.57,Yes
CUST06005,Female,0,Yes,Yes,3,Yes,No,No,Yes,No,Yes,Yes,Yes,No,Month-to-month,No,Electronic check,92.67,395.02,Yes
CUST06006,Female,0,No,No,1,Yes,No,No,No,No internet,Yes,No,No,No,One year,Yes,Mailed check,72.06,0.0,No
CUST06007,Male,0,Yes,No,8,Yes,No,Fiber optic,No internet,No,No,No,No,No,Month-to-month,Yes,Credit card,67.44,561.15,Yes
CUST06008,Male,0,Yes,No,23,Yes,No,No,Yes,No,Yes,Yes,No,No internet,Month-to-month,Yes,Electronic check,68.22,1560.75,No
CUST06009,Female,0,Yes,No,23,Yes,Yes,Fiber optic,No internet,No,No,Yes,No internet,Yes,Month-to-month,Yes,Mailed check,61.99,1427.49,Yes
CUST06010,Female,0,No,Yes,7,Yes,No,Fiber optic,Yes,Yes,Yes,No internet,No internet,No,One year,No,Credit card,72.46,475.33,Yes
CUST06011,Male,0,Yes,No,14,Yes,No,No,No,No internet,No,Yes,No,Yes,Two year,No,Credit card,60.01,795.89,No
CUST06012,Male,0,No,No,5,Yes,No,Fiber optic,No internet,No internet,Yes,Yes,No,No,Two year,Yes,Bank transfer,45.4,289.03,No
CUST06013,Male,0,Yes,Yes,1,Yes,Yes,DSL,No,No,No,Yes,Yes,No internet,One year,Yes,Electronic check,49.57,60.94,No
CUST06014,Female,0,No,Yes,17,No,No,DSL,No,No internet,Yes,No,No,Yes,Month-to-month,Yes,Mailed check,48.04,893.99,No
CUST06015,Female,0,No,No,10,Yes,Yes,Fiber optic,No,No internet,No,No internet,Yes,No internet,Month-to-month,Yes,Bank transfer,27.13,378.7,Yes
CUST06016,Female,0,Yes,No,18,Yes,No,No,Yes,No internet,No,No internet,Yes,No internet,Month-to-month,Yes,Electronic check,33.33,760.87,Yes
CUST06017,Female,0,No,Yes,70,Yes,No,No,No internet,No internet,Yes,No internet,Yes,No internet,One year,No,Bank transfer,85.65,5919.49,No
CUST06018,Female,0,No,No,3,Yes,No,No,Yes,Yes,No internet,No,No internet,No,Month-to-month,No,Bank transfer,20.77,193.12,Yes
CUST06019,Male,0,Yes,No,0,Yes,Yes,DSL,Yes,Yes,Yes,No,No,No,One year,Yes,Credit card,32.67,46.11,Yes
CUST06020,Male,0,Yes,No,1,Yes,No phone service,Fiber optic,No,Yes,No,No,Yes,Yes,Month-to-month,No,Electronic check,57.52,76.16,Yes
CUST06021,Female,0,No,No,14,Yes,No,Fiber optic,No,Yes,Yes,No internet,No,No internet,Month-to-month,No,Electronic check,45.75,673.27,Yes
CUST06022,Female,1,No,No,29,Yes,No,Fiber optic,Yes,No,No,No internet,Yes,No internet,Month-to-month,Yes,Mailed check,56.04,1612.05,No
CUST06023,Male,0,No,Yes,20,Yes,No,DSL,No,No,Yes,No,No,Yes,Two year,No,Bank transfer,43.25,705.24,No
CUST06024,Male,0,No,Yes,16,Yes,Yes,DSL,No,No,No,No,Yes,Yes,Month-to-month,Yes,Bank transfer,75.91,1297.44,Yes
CUST06025,Male,0,No,No,10,Yes,Yes,DSL,No,No,Yes,No,No,Yes,One year,Yes,Electronic check,67.41,732.4,Yes
CUST06026,Male,1,Yes,No,8,Yes,Yes,Fiber optic,No,Yes,No,Yes,Yes,No,Month-to-month,No,Electronic check,51.49,443.01,Yes
CUST06027,Female,0,No,No,11,Yes,No,Fiber optic,No,Yes,Yes,Yes,Yes,Yes,Month-to-month,Yes,Bank transfer,62.87,,Yes
CUST06028,Male,1,Yes,No,22,Yes,Yes,DSL,No internet,Yes,No,No,No,No,Month-to-month,Yes,Credit card,72.59,1614.49,Yes
CUST06029,Female,1,No,No,4,Yes,No,Fiber optic,No internet,No internet,Yes,No,No,No,Month-to-month,No,Credit card,74.33,342.35,Yes
CUST06030,Male,0,No,Yes,35,Yes,No,DSL,No internet,No internet,Yes,No,Yes,No,Month-to-month,No,Bank transfer,86.67,3219.44,No
CUST06031,Male,1,No,No,20,Yes,Yes,Fiber optic,Yes,Yes,No,No internet,No,No,Month-to-month,Yes,Credit card,44.11,920.57,Yes
CUST06032,Male,0,Yes,Yes,7,No,Yes,DSL,No,No,No,No,Yes,No internet,Month-to-month,Yes,Mailed check,59.81,244.2,No
CUST06033,Female,1,Yes,No,16,Yes,Yes,DSL,No,No internet,No,No,Yes,Yes,Two year,Yes,Mailed check,68.57,,No
CUST06034,Female,0,Yes,Yes,72,Yes,No,Fiber optic,Yes,No,Yes,No,Yes,No,Month-to-month,No,Electronic check,102.44,7493.48,No
CUST06035,Male,0,No,Yes,0,Yes,Yes,DSL,No internet,No,No internet,No,No,No,Month-to-month,Yes,Credit card,24.21,0.0,Yes
CUST06036,Female,0,No,Yes,5,Yes,Yes,Fiber optic,Yes,No internet,No,Yes,No,Yes,One year,No,Bank transfer,33.24,11.99,Yes
CUST06037,Female,0,Yes,No,14,Yes,No,DSL,No,Yes,No,Yes,No,Yes,One year,No,Mailed check,58.43,1005.56,No
CUST06038,Male,0,No,Yes,24,Yes,No,DSL,Yes,Yes,Yes,No,No internet,No,Month-to-month,Yes,Electronic check,57.87,1401.13,No
CUST06039,Male,0,No,No,5,Yes,Yes,DSL,No,No,No,No internet,No,Yes,One year,Yes,Mailed check,57.78,235.24,No
CUST06040,Female,0,Yes,No,64,Yes,Yes,DSL,No,No,No,No,Yes,Yes,Two year,Yes,Electronic check,57.4,3753.13,No
CUST06041,Female,0,Yes,No,24,Yes,No,DSL,No internet,Yes,Yes,Yes,No internet,No internet,Month-to-month,Yes,Electronic check,79.91,1824.64,No
CUST06042,Female,0,No,No,50,Yes,Yes,Fiber optic,No,No internet,No internet,Yes,No internet,Yes,Month-to-month,No,Credit card,77.72,3792.35,Yes
CUST06043,Male,0,No,No,9,No,Yes,Fiber optic,No,No internet,No,No internet,No internet,Yes,Month-to-month,No,Electronic check,57.21,476.85,Yes
CUST06044,Male,0,No,No,42,Yes,Yes,Fiber optic,No,Yes,Yes,No,Yes,No internet,Month-to-month,Yes,Mailed check,68.79,2913.17,Yes
CUST06045,Female,0,Yes,No,11,Yes,Yes,DSL,No internet,No,No,No,No internet,Yes,Two year,No,Electronic check,38.27,360.13,No
CUST06046,Male,0,No,No,6,Yes,Yes,Fiber optic,Yes,No internet,No,No internet,No internet,Yes,Month-to-month,Yes,Bank transfer,41.35,304.06,Yes
CUST06047,Male,0,Yes,No,58,Yes,No,No,No,Yes,No,No internet,No internet,Yes,Month-to-month,Yes,Mailed check,103.61,6078.29,Yes
CUST06048,Female,0,Yes,No,2,Yes,No,DSL,Yes,Yes,Yes,No,No,No,Two year,Yes,Electronic check,52.12,101.61,No
CUST06049,Female,1,Yes,No,68,Yes,No,DSL,No internet,No internet,Yes,No,Yes,Yes,One year,Yes,Credit card,94.12,6380.6,No
CUST06050,Male,0,Yes,No,14,Yes,No phone service,No,Yes,Yes,No,Yes,Yes,No internet,One year,Yes,Bank transfer,69.81,1062.02,No
CUST06051,Male,1,Yes,No,72,Yes,No phone service,Fiber optic,Yes,No,Yes,No internet,No,Yes,One year,No,Credit card,84.18,6120.63,No
CUST06052,Female,0,Yes,No,18,Yes,Yes,No,No internet,Yes,Yes,Yes,No internet,No,One year,Yes,Electronic check,65.45,1070.98,No
CUST06053,Male,0,No,Yes,34,Yes,Yes,Fiber optic,No,No internet,No,No,No,Yes,Two year,No,Mailed check,69.29,2478.14,No
CUST06054,Male,0,No,Yes,0,Yes,No,DSL,No internet,Yes,Yes,No,No,Yes,Month-to-month,Yes,Credit card,45.77,77.1,Yes
CUST06055,Female,0,Yes,No,16,Yes,No,Fiber optic,No,Yes,No internet,No internet,No,No internet,Month-to-month,No,Credit card,50.7,757.57,Yes
CUST06056,Female,0,No,No,32,Yes,No,Fiber optic,No,No,No,No,No,No internet,Month-to-month,No,Credit card,75.95,2266.07,Yes
CUST06057,Male,0,No,Yes,36,Yes,Yes,Fiber optic,No,Yes,No,No,Yes,Yes,Month-to-month,Yes,Bank transfer,76.32,2776.54,Yes
CUST06058,Male,0,No,No,4,Yes,No,Fiber optic,No,Yes,Yes,No internet,No,Yes,Month-to-month,Yes,Bank transfer,40.62,185.29,Yes
CUST06059,Male,0,No,No,13,Yes,Yes,No,Yes,Yes,Yes,No,No internet,No,One year,Yes,Credit card,63.56,852.68,No
CUST06060,Female,0,Yes,No,13,No,No,Fiber optic,No,No,Yes,No,No,No,Month-to-month,No,Electronic check,39.63,653.28,No
CUST06061,Male,0,No,No,2,Yes,No,Fiber optic,No,Yes,No,No,No,No,Month-to-month,No,Bank transfer,40.61,78.32,Yes
CUST06062,Male,0,No,No,14,Yes,No,Fiber optic,No internet,No,No,No internet,No,No internet,One year,No,Credit card,62.69,916.29,No
CUST06063,Female,0,Yes,No,39,Yes,Yes,DSL,Yes,No internet,No,Yes,No,No,One year,No,Electronic check,73.33,2916.05,No
CUST06064,Female,0,No,No,8,Yes,No,Fiber optic,No,Yes,No internet,No,Yes,No,Two year,Yes,Electronic check,37.79,257.79,No
CUST06065,Male,0,No,No,13,Yes,No,No,Yes,No internet,No internet,Yes,No,Yes,Two year,Yes,Electronic check,61.82,881.44,No
CUST06066,Female,0,No,No,72,Yes,No,Fiber optic,No,No,No,No,Yes,No,Two year,Yes,Credit card,83.23,6128.32,No
CUST06067,Female,1,No,No,0,Yes,No,Fiber optic,No,No internet,No,No internet,No,No,One year,Yes,Bank transfer,75.93,0.0,No
CUST06068,Male,0,No,No,21,Yes,No,Fiber optic,Yes,No,No internet,No,No,No,One year,No,Bank transfer,66.8,1220.16,No
CUST06069,Female,0,Yes,Yes,32,Yes,No,DSL,No,No,Yes,No,Yes,Yes,Two year,No,Credit card,48.99,1488.56,No
CUST06070,Female,0,Yes,Yes,34,No,No,Fiber optic,No,No,Yes,No,Yes,No internet,Two year,No,Mailed check,69.75,2377.89,No
CUST06071,Male,0,Yes,No,30,Yes,Yes,DSL,No,Yes,No,Yes,No,No,One year,Yes,Credit card,53.48,1447.01,No
CUST06072,Female,0,No,No,31,Yes,No,DSL,No,No,Yes,No,No,No,Month-to-month,Yes,Electronic check,66.66,2014.2,Yes
CUST06073,Male,0,No,No,1,Yes,No,Fiber optic,Yes,Yes,Yes,Yes,Yes,No,Month-to-month,No,Bank transfer,56.33,59.52,Yes
CUST06074,Male,0,Yes,No,18,No,Yes,Fiber optic,No internet,Yes,Yes,No,Yes,Yes,Two year,Yes,Electronic check,66.35,1258.48,No
CUST06075,Female,0,No,No,36,No,Yes,Fiber optic,No internet,No internet,Yes,Yes,Yes,No,Two year,Yes,Electronic check,53.61,2028.32,No
CUST06076,Female,0,No,Yes,2,Yes,Yes,No,No,No,Yes,Yes,Yes,No,Two year,Yes,Electronic check,41.85,118.87,No
CUST06077,Female,0,No,No,0,Yes,No,DSL,No,No,Yes,No,No,No internet,Month-to-month,Yes,Mailed check,50.69,0.0,Yes
CUST06078,Male,0,Yes,No,40,Yes,Yes,DSL,Yes,Yes,Yes,No,Yes,No,Month-to-month,No,Credit card,63.4,2495.71,No
CUST06079,Female,0,Yes,No,29,Yes,Yes,No,Yes,No,No,No,No internet,No,Month-to-month,Yes,Mailed check,58.21,1682.49,Yes
CUST06080,Male,0,No,Yes,12,Yes,Yes,No,No,Yes,No,No,No internet,No,Two year,No,Electronic check,39.97,,No
CUST06081,Female,0,No,No,67,No,No,No,Yes,No internet,No,Yes,No internet,No,Two year,No,Credit card,89.12,6024.2,No
CUST06082,Female,0,No,No,34,Yes,Yes,DSL,Yes,Yes,No internet,Yes,No internet,No,Month-to-month,Yes,Electronic check,57.24,1948.98,Yes
CUST06083,Female,0,No,No,72,Yes,No phone service,DSL,No,No internet,Yes,Yes,No,No,One year,No,Credit card,81.13,5973.18,No
CUST06084,Male,1,Yes,No,63,Yes,No,Fiber optic,Yes,No internet,Yes,No,Yes,No,Month-to-month,Yes,Credit card,92.12,5770.69,Yes
CUST06085,Female,0,No,Yes,15,No,Yes,No,Yes,Yes,No internet,No,No,Yes,Month-to-month,Yes,Mailed check,19.9,407.45,Yes
CUST06086,Female,0,Yes,No,33,Yes,No,DSL,Yes,Yes,Yes,No,Yes,Yes,Month-to-month,No,Electronic check,42.49,1358.33,Yes
CUST06087,Male,0,Yes,No,26,Yes,Yes,No,No,No internet,No,No,Yes,No,Two year,Yes,Bank transfer,86.8,2145.93,No
CUST06088,Male,0,Yes,No,40,Yes,No,DSL,No,No,Yes,No,No,Yes,Two year,Yes,Credit card,46.63,1872.84,No
CUST06089,Female,0,Yes,No,37,Yes,Yes,DSL,Yes,Yes,No,No,No internet,No,Month-to-month,Yes,Mailed check,82.3,2864.65,No
CUST06090,Female,0,Yes,No,3,Yes,Yes,DSL,No,No internet,No internet,No,No internet,No internet,Month-to-month,Yes,Electronic check,64.81,165.05,Yes
CUST06091,Female,0,No,No,6,Yes,No,DSL,Yes,No internet,No,Yes,No,No internet,One year,Yes,Credit card,52.73,396.96,No
CUST06092,Male,0,No,No,7,Yes,Yes,No,Yes,No,No,No,No,No internet,Month-to-month,Yes,Mailed check,75.88,610.24,Yes
CUST06093,Male,0,Yes,Yes,40,Yes,No,Fiber optic,Yes,No internet,No,No,Yes,No,Two year,Yes,Electronic check,82.33,3427.04,No
CUST06094,Male,0,No,No,39,Yes,No,DSL,Yes,No,Yes,No,No,Yes,Two year,No,Credit card,72.46,2755.43,No
CUST06095,Male,0,Yes,No,16,Yes,No,DSL,Yes,No,No internet,No internet,No internet,Yes,Month-to-month,Yes,Credit card,63.84,914.53,Yes
CUST06096,Female,0,Yes,Yes,20,Yes,Yes,Fiber optic,No internet,Yes,No,No internet,No internet,No internet,Month-to-month,Yes,Mailed check,74.3,1551.6,Yes
CUST06097,Male,0,No,Yes,42,Yes,No,DSL,No internet,No internet,No internet,No internet,No,No,Month-to-month,Yes,Electronic check,76.96,3157.76,No
CUST06098,Male,0,No,Yes,8,No,Yes,DSL,No,Yes,No,No,No internet,Yes,Month-to-month,No,Bank transfer,66.79,556.01,No
CUST06099,Male,0,No,No,1,Yes,No,DSL,Yes,Yes,Yes,No,No,Yes,One year,No,Electronic check,74.63,0.0,Yes
CUST06100,Female,0,Yes,No,15,Yes,No,DSL,No,No,No,Yes,No,No internet,Month-to-month,No,Electronic check,76.32,1099.39,No
CUST06101,Female,0,No,Yes,58,Yes,Yes,No,No,Yes,No,Yes,No,No,Two year,No,Credit card,74.34,4262.16,No
CUST06102,Male,0,No,Yes,37,No,No,Fiber optic,Yes,No,No,No,No,No,One year,Yes,Credit card,55.72,2060.18,No
CUST06103,Male,0,No,No,10,Yes,No,Fiber optic,No,Yes,No internet,No internet,Yes,Yes,Two year,Yes,Mailed check,55.71,545.66,No
CUST06104,Female,0,Yes,Yes,1,Yes,No,Fiber optic,No,Yes,No,No,Yes,Yes,Month-to-month,Yes,Bank transfer,81.63,103.81,Yes
CUST06105,Female,0,No,No,24,Yes,Yes,No,No,No,Yes,No,Yes,No internet,Two year,No,Electronic check,44.34,1086.44,No
CUST06106,Female,0,No,No,43,Yes,Yes,DSL,No,No,No internet,No,No internet,Yes,Two year,Yes,Mailed check,68.29,2983.78,No
CUST06107,Female,0,No,No,26,Yes,Yes,Fiber optic,Yes,No,No,Yes,No,No internet,Month-to-month,No,Electronic check,60.97,1551.32,Yes
CUST06108,Female,0,Yes,No,13,Yes,No,DSL,No,No,Yes,Yes,No,No internet,Month-to-month,No,Electronic check,43.78,617.83,Yes
CUST06109,Female,0,No,No,3,Yes,No,Fiber optic,No,No,No,No,Yes,Yes,Two year,No,Bank transfer,53.29,262.97,No
CUST06110,Female,0,Yes,Yes,57,Yes,Yes,DSL,No,No,No,No,Yes,No internet,Month-to-month,No,Credit card,69.91,3868.69,No
CUST06111,Female,0,No,No,7,No,Yes,DSL,Yes,Yes,No internet,No,Yes,No internet,Month-to-month,No,Mailed check,52.72,269.46,Yes
CUST06112,Male,1,Yes,No,6,Yes,Yes,Fiber optic,No internet,Yes,Yes,Yes,No,No internet,Two year,Yes,Mailed check,60.48,433.48,No
CUST06113,Male,0,Yes,Yes,40,Yes,No,DSL,No,No internet,No,Yes,No,No internet,Month-to-month,Yes,Electronic check,70.5,2899.05,Yes
CUST06114,Male,1,No,No,72,Yes,No,No,No,No,Yes,Yes,Yes,No internet,Month-to-month,Yes,Bank transfer,81.56,5839.5,Yes
CUST06115,Male,1,Yes,No,25,No,Yes,DSL,No,Yes,No internet,No,No,No,One year,Yes,Mailed check,64.88,1682.2,No
CUST06116,Male,0,Yes,Yes,23,Yes,No,Fiber optic,No,Yes,No,Yes,No,No,One year,No,Electronic check,59.13,1321.62,No
CUST06117,Male,1,Yes,No,9,Yes,No,Fiber optic,No,No internet,No,Yes,Yes,Yes,Month-to-month,Yes,Electronic check,63.99,573.82,Yes
CUST06118,Female,0,Yes,No,0,Yes,Yes,DSL,Yes,No internet,Yes,No,No,Yes,One year,No,Electronic check,50.12,0.0,No
CUST06119,Female,0,No,No,5,Yes,No,No,No,No internet,No internet,No,Yes,No,One year,No,Mailed check,61.37,318.79,No
CUST06120,Male,0,No,No,21,Yes,No,Fiber optic,No,No,Yes,No,No internet,Yes,One year,No,Electronic check,44.03,1063.57,No
CUST06121,Male,0,No,No,3,Yes,No,No,No internet,No internet,No internet,Yes,Yes,No,One year,Yes,Credit card,47.49,390.43,No
CUST06122,Female,0,Yes,No,51,Yes,No phone service,DSL,No internet,No,No,Yes,Yes,Yes,Month-to-month,Yes,Credit card,61.56,3002.89,Yes
CUST06123,Female,0,No,Yes,5,Yes,No,Fiber optic,No,No,No,Yes,No internet,No internet,Two year,Yes,Electronic check,37.02,128.38,No
CUST06124,Female,0,Yes,No,17,Yes,Yes,DSL,Yes,No internet,No,No internet,No,Yes,Month-to-month,No,Mailed check,63.74,1014.17,No
CUST06125,Male,0,No,No,17,Yes,No phone service,Fiber optic,No,No,No internet,No,No,Yes,Two year,Yes,Mailed check,59.7,1152.86,No
CUST06126,Female,0,Yes,No,22,Yes,Yes,Fiber optic,Yes,No internet,No,No,Yes,No,Month-to-month,Yes,Credit card,52.87,1282.06,Yes
CUST06127,Male,1,No,No,9,Yes,No,Fiber optic,No,Yes,No,No,No,No,Month-to-month,Yes,Electronic check,55.61,589.57,Yes
CUST06128,Male,0,No,No,49,Yes,No,DSL,No,Yes,No internet,Yes,No,No,Month-to-month,Yes,Bank transfer,54.87,2649.21,Yes
CUST06129,Female,0,Yes,No,14,Yes,No,Fiber optic,No,No internet,No,No internet,Yes,Yes,One year,Yes,Mailed check,72.78,1040.13,No
CUST06130,Female,0,Yes,No,28,Yes,No,No,No,No,No,No internet,Yes,No internet,Month-to-month,No,Mailed check,61.94,1575.49,No
CUST06131,Male,0,No,Yes,24,Yes,Yes,DSL,No,No,No internet,Yes,No internet,Yes,One year,No,Electronic check,37.74,978.89,No
CUST06132,Female,0,Yes,No,2,Yes,Yes,Fiber optic,Yes,No,No,No internet,No,Yes,Two year,No,Electronic check,52.05,143.21,Yes
CUST06133,Female,0,Yes,No,23,Yes,No,Fiber optic,Yes,No internet,No,No,Yes,No internet,Month-to-month,Yes,Electronic check,50.08,1105.46,Yes
CUST06134,Male,0,Yes,No,19,Yes,No,Fiber optic,Yes,No internet,No,No internet,No internet,No internet,Month-to-month,Yes,Electronic check,50.44,1036.42,No
CUST06135,Female,0,Yes,No,54,Yes,No phone service,DSL,No,No,No,No,No,No,Two year,No,Electronic check,91.82,4938.46,No
CUST06136,Male,1,No,No,51,Yes,No,No,No internet,No,Yes,No,No,Yes,Month-to-month,No,Bank transfer,81.9,3991.87,No
CUST06137,Male,0,Yes,No,3,Yes,Yes,No,No,No,Yes,Yes,Yes,Yes,Month-to-month,Yes,Bank transfer,76.43,357.07,Yes
CUST06138,Female,0,Yes,Yes,2,Yes,Yes,Fiber optic,No internet,No internet,No internet,No internet,Yes,No internet,Month-to-month,No,Mailed check,96.04,365.42,Yes
CUST06139,Male,0,No,Yes,8,Yes,No,Fiber optic,Yes,No internet,No,No,No,No,Month-to-month,No,Electronic check,74.61,460.26,Yes
CUST06140,Male,0,No,Yes,72,Yes,No,No,No,Yes,Yes,Yes,No,Yes,Month-to-month,Yes,Electronic check,70.13,5076.09,Yes
CUST06141,Female,0,Yes,No,0,No,No,No,No internet,No,No,No internet,No internet,No,One year,Yes,Credit card,71.07,149.1,No
CUST06142,Female,0,No,Yes,26,Yes,No,Fiber optic,No,Yes,Yes,No internet,No,No internet,Month-to-month,Yes,Electronic check,54.4,1282.12,No
CUST06143,Female,0,Yes,No,22,Yes,No,Fiber optic,No internet,No,No,No,Yes,Yes,Two year,No,Credit card,68.49,1294.67,No
CUST06144,Male,0,Yes,No,24,Yes,Yes,Fiber optic,No,Yes,No,No,No,No,Month-to-month,Yes,Credit card,82.74,1962.13,Yes
CUST06145,Male,0,No,No,5,Yes,Yes,Fiber optic,No internet,No internet,Yes,No internet,Yes,No,Month-to-month,No,Electronic check,35.69,187.35,Yes
CUST06146,Female,0,No,No,6,Yes,No,Fiber optic,No,No,No internet,No,No internet,No internet,Month-to-month,No,Credit card,54.82,457.64,Yes
CUST06147,Male,0,Yes,Yes,13,No,Yes,Fiber optic,No,No internet,No,No,Yes,Yes,Two year,Yes,Bank transfer,58.26,985.72,No
CUST06148,Female,0,Yes,No,2,Yes,No,No,Yes,No internet,Yes,No,No,Yes,Month-to-month,Yes,Bank transfer,37.93,143.3,Yes
CUST06149,Female,0,Yes,Yes,1,Yes,Yes,DSL,Yes,No internet,No internet,Yes,No,Yes,Month-to-month,Yes,Credit card,23.29,0.0,Yes
CUST06150,Male,0,Yes,No,2,Yes,Yes,DSL,No internet,Yes,Yes,No,No,No internet,Month-to-month,No,Mailed check,61.75,168.77,Yes
CUST06151,Female,0,Yes,Yes,20,No,Yes,DSL,No,No,No,No internet,No,No internet,Month-to-month,No,Bank transfer,38.78,761.53,No
CUST06152,Male,0,Yes,No,12,No,No,No,No,No,No,Yes,No,No,Month-to-month,No,Bank transfer,65.77,884.92,No
CUST06153,Male,0,No,No,8,Yes,Yes,Fiber optic,No,No internet,Yes,No,Yes,Yes,Month-to-month,Yes,Bank transfer,51.13,219.96,Yes
CUST06154,Female,0,No,No,9,Yes,Yes,Fiber optic,No,Yes,Yes,No internet,No,No internet,Month-to-month,Yes,Bank transfer,74.6,764.0,Yes
CUST06155,Male,0,Yes,No,5,Yes,Yes,Fiber optic,No internet,No internet,No,No,Yes,Yes,Two year,No,Electronic check,35.54,335.96,No
CUST06156,Female,1,No,Yes,12,Yes,Yes,No,No internet,No,No,No internet,No,Yes,Month-to-month,Yes,Electronic check,64.87,800.51,Yes
CUST06157,Male,0,Yes,No,5,Yes,No,Fiber optic,No,No,Yes,No,No,No,Two year,Yes,Credit card,83.93,536.45,No
CUST06158,Male,0,Yes,No,28,Yes,Yes,Fiber optic,No internet,No internet,Yes,No internet,No,Yes,Month-to-month,Yes,Electronic check,53.36,1572.59,Yes
CUST06159,Male,0,Yes,No,3,Yes,Yes,DSL,Yes,No internet,Yes,Yes,Yes,No,Month-to-month,Yes,Mailed check,76.09,,Yes
CUST06160,Female,0,No,No,71,Yes,No,Fiber optic,Yes,No,Yes,No,No,No,Two year,Yes,Mailed check,73.74,5252.12,No
CUST06161,Male,0,Yes,Yes,2,Yes,Yes,DSL,Yes,No,No,No,Yes,No internet,Two year,Yes,Electronic check,53.41,140.54,No
CUST06162,Female,0,No,No,68,No,No phone service,No,No internet,No,Yes,Yes,No,No,One year,No,Electronic check,71.21,4735.85,No
CUST06163,Male,0,No,No,42,Yes,No,Fiber optic,No,No,Yes,Yes,No,No internet,One year,Yes,Electronic check,78.8,3340.96,No
CUST06164,Male,0,Yes,No,27,Yes,Yes,DSL,No internet,No,No,Yes,Yes,Yes,Two year,No,Mailed check,44.55,1038.5,No
CUST06165,Female,0,Yes,No,58,Yes,Yes,DSL,Yes,Yes,No,Yes,Yes,No,One year,Yes,Credit card,70.94,4117.11,No
CUST06166,Female,0,No,No,3,No,No phone service,DSL,Yes,Yes,No internet,Yes,Yes,No,Month-to-month,Yes,Mailed check,43.9,176.28,Yes
CUST06167,Female,0,No,Yes,4,Yes,No,DSL,No,Yes,No,No internet,No internet,Yes,Month-to-month,Yes,Bank transfer,41.3,409.45,Yes
CUST06168,Female,0,No,Yes,6,Yes,No,Fiber optic,Yes,Yes,Yes,No,Yes,No internet,One year,No,Mailed check,75.04,359.86,No
CUST06169,Female,0,Yes,No,6,No,No,No,No internet,Yes,No,No,No,No internet,One year,No,Credit card,41.44,322.59,No
CUST06170,Male,0,No,No,8,Yes,Yes,Fiber optic,No,No internet,Yes,No,Yes,No,One year,Yes,Bank transfer,55.83,324.91,Yes
CUST06171,Male,0,Yes,No,20,Yes,Yes,DSL,No,No,Yes,No internet,No,No,Month-to-month,Yes,Electronic check,87.85,1871.82,Yes
CUST06172,Female,0,No,No,0,Yes,Yes,Fiber optic,No,No,Yes,Yes,No internet,No,Two year,Yes,Mailed check,53.74,0.0,Yes
CUST06173,Male,0,No,No,11,Yes,No,No,No,No internet,No,No,No,Yes,One year,No,Credit card,18.21,257.6,No
CUST06174,Male,0,No,No,6,No,No,No,No,Yes,Yes,No,No,Yes,One year,No,Bank transfer,83.42,409.99,Yes
CUST06175,Male,0,Yes,No,22,Yes,Yes,DSL,No,No,Yes,No,No,No,Month-to-month,No,Credit card,77.74,1764.08,Yes
CUST06176,Female,1,No,Yes,72,Yes,No,Fiber optic,No internet,Yes,No,No,No,No,Two year,Yes,Electronic check,115.33,8244.4,No
CUST06177,Male,0,Yes,No,17,Yes,No phone service,Fiber optic,No,Yes,No internet,No,Yes,No,One year,Yes,Credit card,78.67,1324.73,No
CUST06178,Male,0,Yes,No,13,Yes,Yes,Fiber optic,No,No,Yes,No internet,No internet,Yes,One year,No,Electronic check,55.08,604.98,No
CUST06179,Male,0,Yes,Yes,11,Yes,Yes,Fiber optic,No,Yes,Yes,Yes,No,Yes,Two year,No,Electronic check,33.42,332.19,No
CUST06180,Female,0,No,No,36,Yes,Yes,Fiber optic,No,No,No internet,No internet,Yes,No internet,Two year,Yes,Mailed check,82.79,3008.04,No
CUST06181,Male,0,No,No,1,Yes,Yes,Fiber optic,No internet,Yes,Yes,No,No,No internet,Month-to-month,Yes,Electronic check,24.95,23.14,Yes
CUST06182,Male,0,Yes,No,72,Yes,No,DSL,No internet,No internet,Yes,Yes,No,Yes,Two year,No,Bank transfer,64.55,4771.23,No
CUST06183,Female,0,No,No,12,Yes,Yes,Fiber optic,No,No,Yes,No,No,Yes,One year,Yes,Credit card,55.88,612.89,No
CUST06184,Female,0,Yes,Yes,9,Yes,Yes,No,Yes,Yes,No internet,No internet,Yes,Yes,Month-to-month,Yes,Credit card,70.06,790.26,Yes
CUST06185,Male,0,Yes,Yes,72,Yes,No,DSL,Yes,No,Yes,No,No,No internet,Month-to-month,Yes,Bank transfer,75.8,5423.53,Yes
CUST06186,Male,0,Yes,Yes,65,No,No,Fiber optic,No,Yes,No internet,Yes,No,Yes,Month-to-month,Yes,Mailed check,73.38,4932.77,No
CUST06187,Female,0,No,No,24,Yes,No,DSL,No,No,No,No,No,No internet,One year,Yes,Credit card,100.3,2440.4,No
CUST06188,Female,0,No,Yes,0,Yes,No phone service,Fiber optic,No,No,No internet,No internet,No internet,Yes,One year,No,Bank transfer,63.93,206.48,Yes
CUST06189,Female,0,Yes,No,33,Yes,No,No,No internet,No internet,No,Yes,Yes,No,Month-to-month,Yes,Credit card,73.24,2432.69,No
CUST06190,Female,1,No,No,9,Yes,Yes,Fiber optic,No internet,No,No,No,No,No internet,Two year,Yes,Credit card,86.72,624.09,No
CUST06191,Female,0,Yes,Yes,11,Yes,Yes,Fiber optic,No,Yes,Yes,Yes,No,Yes,Two year,No,Electronic check,64.57,686.53,No
CUST06192,Female,0,No,No,4,No,Yes,Fiber optic,No,No internet,Yes,No,No internet,Yes,One year,No,Electronic check,35.22,140.2,Yes
CUST06193,Female,1,Yes,No,17,Yes,Yes,DSL,No,No,Yes,No,No,No,Two year,No,Mailed check,50.42,1020.19,No
CUST06194,Male,0,No,No,32,Yes,Yes,Fiber optic,No,Yes,Yes,Yes,Yes,No internet,Two year,No,Credit card,63.74,1863.48,No
CUST06195,Female,0,No,No,7,Yes,No,Fiber optic,Yes,No internet,No,No,No internet,No,Month-to-month,No,Credit card,49.28,254.61,Yes
CUST06196,Female,0,No,No,67,Yes,No,No,Yes,Yes,No,No,Yes,No,Two year,No,Bank transfer,115.1,7733.68,No
CUST06197,Male,0,Yes,No,5,Yes,Yes,Fiber optic,No internet,No,Yes,No,No internet,No,Two year,No,Electronic check,50.78,285.34,No
CUST06198,Female,0,No,No,1,Yes,No,Fiber optic,No,No internet,No,No internet,No internet,No internet,Month-to-month,No,Electronic check,76.73,201.78,Yes
CUST06199,Female,0,Yes,Yes,24,No,Yes,No,No,No,Yes,Yes,Yes,Yes,Two year,No,Credit card,67.68,1427.96,No
CUST06200,Male,0,No,No,45,Yes,Yes,No,No internet,Yes,No,No,No,Yes,Month-to-month,No,Mailed check,84.93,3750.56,No
CUST06201,Female,0,Yes,No,72,Yes,Yes,Fiber optic,Yes,No,No internet,Yes,No,No internet,Month-to-month,No,Bank transfer,41.8,3093.86,No
CUST06202,Male,0,Yes,No,34,Yes,No phone service,Fiber optic,No,No,Yes,No internet,No,Yes,Two year,No,Credit card,102.53,3479.74,No
CUST06203,Male,0,No,Yes,5,No,No phone service,No,Yes,No internet,Yes,No internet,Yes,Yes,Two year,No,Credit card,41.17,276.74,No
CUST06204,Male,0,No,No,72,Yes,Yes,DSL,No,Yes,Yes,Yes,No,No internet,One year,Yes,Mailed check,102.68,7379.84,No
CUST06205,Male,0,Yes,No,60,Yes,No phone service,DSL,Yes,No,No internet,No,No,No,Month-to-month,No,Mailed check,56.31,3482.52,No
CUST06206,Female,0,No,Yes,4,Yes,Yes,DSL,No,No internet,Yes,Yes,No,No,One year,Yes,Bank transfer,76.91,241.46,No
CUST06207,Male,0,No,No,19,Yes,No,DSL,No,No,No,No internet,Yes,No,One year,Yes,Mailed check,36.05,659.83,No
CUST06208,Male,0,No,Yes,19,Yes,No,Fiber optic,No,No,No internet,No,No,No,Month-to-month,No,Bank transfer,44.72,844.33,No
CUST06209,Female,0,Yes,Yes,14,Yes,No,No,No internet,No internet,No internet,No,No internet,No,One year,Yes,Electronic check,50.11,629.04,No
CUST06210,Male,0,No,No,72,Yes,Yes,DSL,No,No,No,No,No internet,Yes,Two year,Yes,Credit card,80.17,5783.95,No
CUST06211,Male,1,Yes,No,1,Yes,Yes,No,Yes,No internet,No,Yes,Yes,No internet,Month-to-month,Yes,Credit card,55.49,11.86,Yes
CUST06212,Male,0,Yes,No,23,Yes,Yes,Fiber optic,No internet,Yes,No internet,Yes,No,Yes,Month-to-month,Yes,Credit card,67.15,1575.98,No
CUST06213,Male,0,No,No,5,Yes,No,Fiber optic,No,No,Yes,No internet,No,No,Month-to-month,Yes,Mailed check,36.38,208.4,Yes
CUST06214,Female,0,No,No,17,Yes,No,Fiber optic,No,Yes,No,Yes,No,No,One year,No,Mailed check,63.41,1003.53,No
CUST06215,Male,0,No,No,36,Yes,No,Fiber optic,No,No internet,No,No internet,No,No internet,Month-to-month,No,Electronic check,93.75,3430.1,Yes
CUST06216,Female,0,Yes,No,6,Yes,Yes,DSL,No,No,No,Yes,No,No,Month-to-month,Yes,Electronic check,36.98,246.21,Yes
CUST06217,Female,0,Yes,Yes,11,Yes,No phone service,DSL,No,No,Yes,No internet,No,No,Month-to-month,No,Mailed check,53.9,533.95,Yes
CUST06218,Male,0,Yes,No,72,No,No phone service,No,Yes,No,No internet,No,Yes,No internet,Month-to-month,No,Bank transfer,98.73,7196.33,No
CUST06219,Male,0,Yes,Yes,34,Yes,Yes,DSL,No internet,No,No internet,No,No,No internet,Month-to-month,Yes,Electronic check,41.28,1414.83,No
CUST06220,Male,0,Yes,No,20,Yes,Yes,DSL,No,Yes,Yes,No,Yes,No internet,Month-to-month,No,Mailed check,40.56,918.59,No
CUST06221,Male,0,Yes,Yes,6,Yes,No,Fiber optic,No,No,No,Yes,No,Yes,Month-to-month,Yes,Mailed check,61.04,508.11,Yes
CUST06222,Female,0,No,Yes,13,Yes,Yes,No,No,Yes,No,No,No,Yes,Month-to-month,No,Electronic check,51.37,558.34,No
CUST06223,Female,0,No,No,35,Yes,No,Fiber optic,Yes,No,No internet,No internet,No internet,No,Two year,Yes,Electronic check,70.79,2646.27,No
CUST06224,Female,0,No,No,41,No,Yes,Fiber optic,Yes,No internet,No,Yes,No internet,No,Month-to-month,No,Mailed check,76.71,3200.48,No
CUST06225,Male,1,No,No,6,Yes,No,Fiber optic,No,No,Yes,Yes,Yes,No,Two year,Yes,Bank transfer,37.92,258.54,No
CUST06226,Female,0,Yes,No,26,Yes,Yes,No,Yes,No,No,No,No,No,One year,Yes,Bank transfer,89.13,2248.9,No
CUST06227,Male,0,Yes,Yes,2,Yes,Yes,DSL,No,No internet,No internet,No,No,Yes,Month-to-month,Yes,Mailed check,49.41,132.79,Yes
CUST06228,Male,0,No,No,0,Yes,No,DSL,No internet,Yes,No,Yes,No internet,No internet,Month-to-month,No,Electronic check,48.95,0.0,No
CUST06229,Male,0,No,No,19,Yes,No phone service,DSL,No internet,No,Yes,No internet,Yes,No,Two year,Yes,Electronic check,56.64,965.83,No
CUST06230,Male,0,No,No,6,Yes,No,DSL,No,Yes,Yes,No,No internet,No,One year,Yes,Electronic check,61.31,181.64,No
CUST06231,Male,0,Yes,No,1,Yes,Yes,DSL,No internet,No,No,No,No,No,Month-to-month,Yes,Electronic check,61.83,47.93,Yes
CUST06232,Female,0,Yes,No,31,Yes,Yes,Fiber optic,Yes,No,Yes,No,No,No,Month-to-month,Yes,Credit card,21.66,807.33,No
CUST06233,Female,0,No,No,16,Yes,Yes,No,No,No internet,No,No,No,No internet,Month-to-month,No,Electronic check,70.03,1146.53,Yes
CUST06234,Male,0,No,No,38,Yes,No,Fiber optic,Yes,No,Yes,Yes,Yes,Yes,Two year,Yes,Electronic check,49.94,1956.98,No
CUST06235,Female,0,No,No,26,Yes,Yes,DSL,Yes,Yes,Yes,No,No,No internet,Two year,No,Electronic check,55.03,1407.55,No
CUST06236,Male,0,Yes,No,31,Yes,No,Fiber optic,No,Yes,No,Yes,Yes,Yes,Month-to-month,Yes,Mailed check,49.32,1530.01,No
CUST06237,Male,0,No,No,8,Yes,No,Fiber optic,Yes,No,No,No,No internet,No,Month-to-month,Yes,Electronic check,45.62,185.68,Yes
CUST06238,Male,0,No,No,7,Yes,Yes,No,Yes,No internet,Yes,No internet,Yes,Yes,Month-to-month,Yes,Electronic check,48.09,441.94,Yes
CUST06239,Female,0,No,No,22,Yes,No,No,No,Yes,No internet,No internet,No internet,No,Two year,No,Electronic check,57.56,1317.26,No
CUST06240,Male,0,Yes,No,5,Yes,No,Fiber optic,Yes,Yes,No,Yes,No internet,No internet,One year,No,Credit card,27.49,215.75,No
CUST06241,Male,0,No,Yes,40,Yes,No,Fiber optic,Yes,No internet,Yes,No,Yes,Yes,Two year,Yes,Credit card,70.09,2838.16,No
CUST06242,Female,1,No,No,17,Yes,No phone service,Fiber optic,Yes,No internet,No internet,No internet,Yes,Yes,Month-to-month,No,Bank transfer,75.38,1235.58,Yes
CUST06243,Female,0,No,Yes,6,Yes,Yes,No,Yes,No,No,Yes,No internet,No,One year,No,Electronic check,51.57,360.71,No
CUST06244,Female,0,Yes,Yes,23,No,Yes,DSL,No internet,Yes,Yes,Yes,No internet,Yes,Month-to-month,Yes,Electronic check,52.78,1184.26,No
CUST06245,Male,0,No,Yes,69,No,Yes,DSL,No,Yes,Yes,Yes,No,Yes,Two year,Yes,Bank transfer,70.26,4840.03,No
CUST06246,Male,0,No,Yes,2,Yes,Yes,Fiber optic,Yes,No internet,No,Yes,Yes,No internet,Month-to-month,Yes,Electronic check,18.0,149.41,Yes
CUST06247,Female,0,Yes,No,2,No,Yes,Fiber optic,Yes,No,No internet,No,No,No,Two year,Yes,Mailed check,58.38,217.63,Yes
CUST06248,Male,0,No,No,44,No,No,DSL,Yes,Yes,Yes,No internet,No internet,No,Month-to-month,Yes,Bank transfer,75.88,3290.95,No
CUST06249,Female,1,Yes,No,2,Yes,Yes,Fiber optic,Yes,Yes,No,No,Yes,No,One year,No,Mailed check,54.64,146.98,No
CUST06250,Female,0,No,No,0,No,Yes,DSL,No,No,Yes,Yes,No,Yes,Month-to-month,Yes,Mailed check,24.71,107.72,Yes
CUST06251,Male,0,No,Yes,10,Yes,No,Fiber optic,No internet,Yes,No,No,No internet,No internet,Month-to-month,Yes,Mailed check,51.89,371.66,Yes
CUST06252,Male,0,Yes,No,15,Yes,No,Fiber optic,No,No,No internet,No internet,No,No internet,Month-to-month,Yes,Bank transfer,48.79,743.3,Yes
CUST06253,Female,0,Yes,No,20,No,No,Fiber optic,No internet,No internet,Yes,No,No,Yes,One year,Yes,Bank transfer,80.01,1611.77,Yes
CUST06254,Female,0,No,Yes,16,Yes,Yes,Fiber optic,No internet,No internet,Yes,Yes,No internet,Yes,Month-to-month,Yes,Bank transfer,74.76,1027.58,No
CUST06255,Female,0,No,Yes,58,Yes,Yes,No,No,No,Yes,No internet,No,Yes,Month-to-month,No,Mailed check,66.96,3787.8,Yes
CUST06256,Female,0,Yes,No,35,No,Yes,DSL,No,Yes,Yes,No,No internet,Yes,Month-to-month,Yes,Bank transfer,78.47,2624.01,Yes
CUST06257,Male,1,No,Yes,72,Yes,No phone service,Fiber optic,No,Yes,Yes,No,No,No,Month-to-month,No,Credit card,79.25,5692.96,Yes
CUST06258,Female,0,Yes,No,15,Yes,No phone service,Fiber optic,Yes,Yes,No,No,Yes,No,Month-to-month,Yes,Bank transfer,76.52,1169.19,Yes
CUST06259,Female,0,Yes,Yes,2,Yes,Yes,DSL,No internet,Yes,Yes,No,No internet,Yes,Month-to-month,No,Mailed check,53.72,0.0,Yes
CUST06260,Female,1,Yes,Yes,72,Yes,No,DSL,No internet,Yes,No,No,No internet,No,Month-to-month,Yes,Credit card,120.0,8568.39,Yes
CUST06261,Male,0,No,Yes,0,Yes,No,DSL,No,Yes,Yes,No,Yes,No,Month-to-month,No,Bank transfer,39.44,0.0,Yes
CUST06262,Male,1,Yes,No,35,Yes,Yes,Fiber optic,No,No,Yes,No,Yes,Yes,Two year,No,Credit card,96.18,3550.05,No
CUST06263,Female,1,No,Yes,0,Yes,No,DSL,No,No,No,Yes,No internet,Yes,Month-to-month,Yes,Bank transfer,81.94,0.0,Yes
CUST06264,Male,1,No,Yes,34,Yes,Yes,DSL,No,No,No,No,No,No,One year,No,Bank transfer,69.98,2373.68,No
CUST06265,Male,0,Yes,No,66,Yes,Yes,Fiber optic,Yes,Yes,Yes,No internet,No internet,No,Month-to-month,Yes,Bank transfer,62.4,4150.16,Yes
CUST06266,Male,0,No,No,11,Yes,No phone service,Fiber optic,No,No,No,Yes,Yes,Yes,Two year,Yes,Electronic check,66.75,907.99,No
CUST06267,Female,0,Yes,No,6,Yes,No,DSL,Yes,Yes,No internet,No internet,Yes,Yes,Month-to-month,No,Mailed check,38.09,243.93,Yes
CUST06268,Female,1,No,No,6,Yes,No,No,No,Yes,No,Yes,Yes,No internet,Two year,Yes,Electronic check,57.69,524.24,Yes
CUST06269,Male,0,No,No,16,Yes,No,DSL,No,No,Yes,Yes,Yes,Yes,Month-to-month,Yes,Mailed check,45.71,580.21,Yes
CUST06270,Female,0,No,Yes,4,Yes,Yes,DSL,No,No,No,Yes,No,Yes,Month-to-month,Yes,Bank transfer,80.52,394.4,Yes
CUST06271,Female,0,No,No,26,No,Yes,DSL,Yes,No,No,No internet,Yes,No internet,Month-to-month,Yes,Mailed check,63.7,1575.57,No
CUST06272,Male,0,No,No,11,Yes,No,DSL,No internet,No,Yes,No,No,Yes,Month-to-month,No,Electronic check,60.65,642.31,Yes
CUST06273,Male,0,No,No,9,Yes,Yes,DSL,No,No,Yes,No,Yes,No,Month-to-month,Yes,Mailed check,54.46,445.67,Yes
CUST06274,Female,0,No,No,14,Yes,Yes,Fiber optic,No,No,Yes,Yes,No internet,No internet,Month-to-month,Yes,Electronic check,45.45,529.15,Yes
CUST06275,Male,0,Yes,Yes,18,No,Yes,No,No,Yes,No internet,No,Yes,No,Two year,Yes,Bank transfer,67.87,1331.75,No
CUST06276,Female,0,No,No,3,No,Yes,Fiber optic,No,No,No,No,No internet,No internet,Month-to-month,Yes,Bank transfer,65.32,96.65,Yes
CUST06277,Female,1,No,No,29,Yes,Yes,DSL,No internet,No,No,No,No,Yes,Month-to-month,Yes,Credit card,65.09,1822.43,Yes
CUST06278,Male,0,Yes,No,51,Yes,No,No,No,No,No,Yes,No,No,Two year,Yes,Electronic check,76.79,3892.94,No
CUST06279,Female,0,Yes,No,7,Yes,Yes,DSL,No,Yes,No,Yes,Yes,No,Two year,Yes,Electronic check,69.2,416.94,No
CUST06280,Female,0,Yes,No,4,Yes,No,Fiber optic,No,Yes,No,No,Yes,No internet,Month-to-month,No,Credit card,34.32,166.42,Yes
CUST06281,Male,0,Yes,Yes,34,No,Yes,DSL,Yes,Yes,No,No,No,No,One year,Yes,Electronic check,64.48,2003.47,No
CUST06282,Male,0,Yes,No,4,Yes,Yes,Fiber optic,Yes,No,Yes,No,Yes,No,Month-to-month,Yes,Bank transfer,64.31,166.74,Yes
CUST06283,Male,1,Yes,No,1,Yes,Yes,Fiber optic,No,No,Yes,Yes,Yes,Yes,Month-to-month,No,Credit card,45.17,0.0,Yes
CUST06284,Female,0,Yes,Yes,23,Yes,No,Fiber optic,Yes,Yes,No,No,Yes,Yes,Month-to-month,No,Mailed check,63.39,1371.29,No
CUST06285,Male,0,No,No,6,Yes,No,Fiber optic,No,No,No,No,No,Yes,Month-to-month,No,Mailed check,44.91,406.95,Yes
CUST06286,Male,0,Yes,No,4,Yes,No,No,No,No,No,No internet,Yes,No,Month-to-month,No,Electronic check,41.33,121.65,Yes
CUST06287,Male,0,No,No,72,Yes,No,DSL,No,Yes,No,No,No internet,No internet,Month-to-month,Yes,Credit card,75.51,5387.96,Yes
CUST06288,Male,0,No,Yes,8,Yes,Yes,Fiber optic,No,Yes,Yes,No,Yes,No internet,Month-to-month,No,Electronic check,33.86,288.46,Yes
CUST06289,Female,0,No,No,56,Yes,No,DSL,No,No internet,Yes,No internet,Yes,Yes,One year,Yes,Electronic check,44.6,2599.64,No
CUST06290,Female,0,No,Yes,4,Yes,No,Fiber optic,No,No,No,No,No internet,No internet,One year,No,Mailed check,37.59,85.54,No
CUST06291,Male,0,Yes,No,41,Yes,Yes,DSL,Yes,Yes,No,Yes,Yes,No internet,One year,Yes,Electronic check,76.63,3167.14,No
CUST06292,Female,0,No,No,16,Yes,No,No,No internet,No,Yes,Yes,No internet,No internet,One year,No,Bank transfer,43.24,563.82,No
CUST06293,Male,0,No,No,1,Yes,Yes,Fiber optic,Yes,No internet,No,No internet,No internet,Yes,Two year,No,Mailed check,43.69,75.69,No
CUST06294,Male,0,Yes,Yes,31,Yes,Yes,Fiber optic,No,Yes,Yes,No,No internet,No,Two year,Yes,Electronic check,44.8,1384.69,No
CUST06295,Female,0,Yes,No,53,No,Yes,No,Yes,No,Yes,Yes,No,Yes,Two year,Yes,Electronic check,78.54,4057.35,No
CUST06296,Female,1,Yes,No,4,Yes,Yes,Fiber optic,No internet,Yes,No,No,No,No,Month-to-month,Yes,Electronic check,88.02,179.9,Yes
CUST06297,Male,0,Yes,No,31,Yes,No,No,No,Yes,No,No internet,Yes,No,Month-to-month,No,Electronic check,73.93,2411.13,Yes
CUST06298,Male,0,Yes,No,14,Yes,Yes,Fiber optic,Yes,No,No internet,Yes,No internet,No,Month-to-month,Yes,Electronic check,53.08,834.41,Yes
CUST06299,Female,1,No,No,33,Yes,No,DSL,Yes,No,Yes,No,No,Yes,Month-to-month,Yes,Credit card,82.63,2779.57,Yes
CUST06300,Male,0,No,No,30,No,No phone service,Fiber optic,No internet,No internet,No,Yes,No,Yes,Month-to-month,No,Electronic check,82.68,2609.87,No
CUST06301,Female,0,No,No,0,Yes,No,No,No,No internet,Yes,No,Yes,No internet,Month-to-month,No,Electronic check,65.01,53.69,Yes
CUST06302,Male,0,No,No,4,Yes,No phone service,DSL,No,Yes,Yes,No,Yes,No,Two year,No,Electronic check,68.87,181.68,No
CUST06303,Male,0,No,No,15,Yes,Yes,No,No,No,No,No,No,No internet,Month-to-month,Yes,Mailed check,61.11,936.57,No
CUST06304,Female,0,No,No,65,Yes,No,DSL,No,No,No internet,No internet,Yes,No internet,Month-to-month,No,Bank transfer,109.24,7253.0,No
CUST06305,Female,0,No,No,10,Yes,Yes,Fiber optic,No internet,Yes,Yes,No,No,Yes,Month-to-month,No,Credit card,49.67,442.7,Yes
CUST06306,Female,0,Yes,No,23,Yes,Yes,DSL,Yes,No,Yes,No internet,No,No,One year,Yes,Mailed check,83.18,1883.24,No
CUST06307,Female,0,No,Yes,0,Yes,No,Fiber optic,No internet,Yes,No internet,No,No,No,Month-to-month,Yes,Electronic check,60.64,38.34,Yes
CUST06308,Female,1,No,No,29,Yes,No,Fiber optic,No,Yes,No,Yes,No,Yes,Month-to-month,No,Electronic check,64.72,2028.12,Yes
CUST06309,Female,0,Yes,Yes,22,Yes,No,DSL,No internet,No,Yes,Yes,No,No internet,Two year,No,Electronic check,35.06,,No
CUST06310,Female,0,No,No,30,Yes,No,DSL,Yes,No,No,Yes,Yes,No,Two year,No,Bank transfer,68.05,1956.15,No
CUST06311,Male,0,No,No,56,Yes,No,Fiber optic,Yes,Yes,No internet,No,No,Yes,One year,Yes,Bank transfer,53.7,3017.99,No
CUST06312,Male,0,No,No,3,Yes,No,No,Yes,Yes,No,Yes,No,No,Two year,Yes,Electronic check,54.74,174.5,No
CUST06313,Male,0,Yes,No,7,Yes,No phone service,DSL,No,Yes,No,No,No internet,No,Month-to-month,No,Credit card,38.9,337.42,Yes
CUST06314,Female,1,No,Yes,72,Yes,No,DSL,Yes,No,No internet,No,Yes,Yes,One year,Yes,Credit card,108.02,7639.77,No
CUST06315,Female,0,Yes,No,4,Yes,Yes,DSL,No internet,Yes,Yes,Yes,No,No internet,Month-to-month,No,Credit card,32.04,0.0,Yes
CUST06316,Female,0,Yes,No,30,Yes,Yes,DSL,No,No,Yes,No,No,No,One year,Yes,Electronic check,93.67,2799.4,No
CUST06317,Male,0,Yes,No,30,Yes,Yes,Fiber optic,No internet,Yes,No,Yes,No,No internet,Month-to-month,Yes,Electronic check,69.05,2069.55,Yes
CUST06318,Female,0,No,No,27,Yes,Yes,No,No,No,Yes,No,No,No,Month-to-month,Yes,Electronic check,37.65,931.6,Yes
CUST06319,Female,0,No,No,6,Yes,No,Fiber optic,No,No,No,No internet,No internet,Yes,Month-to-month,Yes,Mailed check,64.57,394.72,Yes
CUST06320,Male,0,Yes,No,5,No,Yes,DSL,Yes,No internet,No,No,Yes,No internet,Month-to-month,No,Mailed check,28.36,144.18,Yes
CUST06321,Female,0,No,No,26,Yes,No,Fiber optic,No internet,No,Yes,No internet,Yes,No,Month-to-month,Yes,Credit card,71.79,2049.86,Yes
CUST06322,Male,0,Yes,No,4,Yes,No,DSL,No,No internet,No internet,No,Yes,No,Month-to-month,No,Electronic check,39.72,119.23,Yes
CUST06323,Male,0,Yes,No,26,Yes,No,DSL,No,No,Yes,No,No,No,One year,No,Bank transfer,96.97,2404.77,No
CUST06324,Female,0,Yes,Yes,16,Yes,Yes,Fiber optic,No internet,No,No,No,No,Yes,Month-to-month,Yes,Bank transfer,56.94,1056.72,No
CUST06325,Female,0,Yes,No,11,Yes,Yes,DSL,No internet,No internet,No,No internet,Yes,Yes,Month-to-month,No,Electronic check,23.1,199.04,Yes
CUST06326,Female,0,No,No,8,Yes,Yes,Fiber optic,Yes,Yes,Yes,No internet,No,Yes,One year,No,Electronic check,51.24,451.78,No
CUST06327,Male,0,Yes,No,70,Yes,Yes,DSL,No internet,No internet,No,Yes,No internet,Yes,One year,No,Bank transfer,70.08,5018.75,No
CUST06328,Male,0,Yes,No,17,Yes,No,No,No,Yes,No,No internet,No,Yes,Month-to-month,No,Bank transfer,80.31,1534.22,Yes
CUST06329,Male,0,No,No,19,Yes,No,DSL,No,No,No internet,No internet,No internet,No,Month-to-month,Yes,Credit card,64.24,1235.93,Yes
CUST06330,Female,0,No,No,71,Yes,Yes,Fiber optic,Yes,No,No,No,Yes,Yes,Two year,Yes,Credit card,79.08,5498.37,No
CUST06331,Female,1,Yes,Yes,25,No,Yes,DSL,No internet,Yes,Yes,No,Yes,No,Month-to-month,Yes,Credit card,78.77,2010.37,No
CUST06332,Female,0,No,No,72,Yes,No,DSL,No,No internet,No,No,No internet,No,Month-to-month,Yes,Bank transfer,98.94,7111.89,Yes
CUST06333,Female,1,No,Yes,2,Yes,No,Fiber optic,No internet,No internet,Yes,No internet,Yes,No,Month-to-month,Yes,Electronic check,72.85,39.73,Yes
CUST06334,Male,0,No,Yes,44,Yes,No,No,No internet,No,Yes,Yes,No internet,No internet,Two year,No,Credit card,38.44,1786.78,No
CUST06335,Male,0,Yes,No,9,Yes,Yes,Fiber optic,No internet,Yes,Yes,No,No internet,Yes,Month-to-month,Yes,Credit card,74.97,760.56,Yes
CUST06336,Male,1,No,No,39,Yes,No phone service,No,No internet,No,No internet,Yes,No,Yes,Month-to-month,Yes,Mailed check,52.11,,No
CUST06337,Male,0,No,No,46,Yes,No,DSL,No internet,No,No,No,Yes,No,Two year,Yes,Electronic check,89.33,4130.98,No
CUST06338,Female,0,Yes,No,7,Yes,Yes,DSL,Yes,No internet,No,Yes,No,No,Month-to-month,Yes,Mailed check,44.51,145.98,Yes
CUST06339,Female,0,No,No,12,Yes,Yes,DSL,Yes,No,No,No internet,Yes,Yes,Month-to-month,No,Credit card,50.88,797.92,No
CUST06340,Female,1,No,No,31,No,Yes,Fiber optic,No,No,No internet,Yes,Yes,Yes,Month-to-month,No,Electronic check,71.21,2066.88,Yes
CUST06341,Male,1,No,Yes,2,Yes,No,No,Yes,No,No internet,No,Yes,No,Two year,Yes,Bank transfer,62.5,35.86,No
CUST06342,Male,0,No,No,33,Yes,No,Fiber optic,No internet,Yes,Yes,No,Yes,No,Two year,Yes,Credit card,85.45,2767.49,No
CUST06343,Female,0,No,No,2,Yes,Yes,Fiber optic,No internet,No,Yes,No internet,No,No,One year,Yes,Bank transfer,70.49,200.86,No
CUST06344,Female,0,No,No,59,Yes,No,No,Yes,No,Yes,No,No internet,No,Month-to-month,No,Mailed check,82.34,4828.15,Yes
CUST06345,Male,0,No,Yes,7,Yes,Yes,Fiber optic,Yes,No,No,No internet,No internet,Yes,Month-to-month,No,Credit card,66.0,524.69,Yes
CUST06346,Female,1,No,No,20,Yes,No phone service,Fiber optic,No,No internet,Yes,No,No,No,Month-to-month,Yes,Electronic check,66.58,1218.94,Yes
CUST06347,Male,0,No,No,2,Yes,No,DSL,No,Yes,No internet,No,Yes,Yes,Month-to-month,No,Electronic check,45.73,67.86,Yes
CUST06348,Male,0,Yes,No,7,Yes,Yes,Fiber optic,No,No,No internet,No internet,No internet,No internet,One year,No,Electronic check,66.47,555.75,No
CUST06349,Male,0,Yes,No,12,Yes,Yes,Fiber optic,No,Yes,Yes,Yes,Yes,No,One year,Yes,Electronic check,71.6,971.11,No
CUST06350,Female,0,No,No,16,Yes,No,No,No,Yes,Yes,No,Yes,No,Two year,No,Mailed check,49.13,866.07,No
CUST06351,Female,1,Yes,Yes,0,Yes,Yes,Fiber optic,No,No,Yes,No,Yes,No,Month-to-month,Yes,Electronic check,84.45,46.18,Yes
CUST06352,Male,0,No,No,52,Yes,Yes,DSL,No,Yes,No,Yes,Yes,No internet,One year,No,Bank transfer,95.83,4917.57,No
CUST06353,Female,0,No,No,0,Yes,No,DSL,No,Yes,No internet,No internet,No,No,Two year,Yes,Mailed check,23.49,0.0,No
CUST06354,Male,1,No,Yes,35,Yes,No phone service,Fiber optic,No,No internet,No,No,No,Yes,Month-to-month,Yes,Bank transfer,64.84,2346.32,No
CUST06355,Male,0,No,No,15,Yes,No,No,No,No,No,No,No,No,Two year,No,Electronic check,47.97,728.12,No
CUST06356,Male,0,No,No,17,No,No,Fiber optic,No,Yes,Yes,No internet,No,No,Month-to-month,Yes,Electronic check,53.01,812.5,Yes
CUST06357,Male,0,Yes,No,5,Yes,Yes,DSL,No internet,No internet,No internet,No internet,No internet,No,One year,No,Electronic check,36.19,269.77,No
CUST06358,Female,0,No,Yes,22,Yes,Yes,DSL,No,No internet,Yes,No,No,No,Two year,Yes,Electronic check,58.63,1231.51,No
CUST06359,Male,0,Yes,Yes,18,Yes,No,No,No internet,Yes,No internet,Yes,Yes,No,Month-to-month,No,Electronic check,62.14,1258.56,Yes
CUST06360,Male,1,Yes,Yes,4,Yes,Yes,DSL,No,No internet,No,No,Yes,No internet,Month-to-month,Yes,Electronic check,87.91,303.04,Yes
CUST06361,Female,0,Yes,No,6,No,Yes,DSL,No,No,No,No,No,Yes,Month-to-month,No,Bank transfer,69.14,349.4,No
CUST06362,Male,1,Yes,No,1,No,No,Fiber optic,No,No internet,No,No,No,Yes,One year,Yes,Electronic check,96.1,37.21,Yes
CUST06363,Male,0,Yes,Yes,1,Yes,Yes,DSL,No,No internet,Yes,Yes,No,Yes,One year,Yes,Mailed check,31.05,0.35,Yes
CUST06364,Female,0,Yes,No,0,Yes,No,DSL,No,No,No internet,Yes,Yes,Yes,Month-to-month,No,Electronic check,51.95,61.34,Yes
CUST06365,Female,0,No,Yes,5,Yes,Yes,DSL,Yes,Yes,No internet,No internet,Yes,Yes,One year,No,Credit card,50.37,238.29,No
CUST06366,Female,0,No,Yes,27,Yes,Yes,No,No,No internet,Yes,Yes,No,Yes,Two year,Yes,Electronic check,61.61,1825.61,No
CUST06367,Male,0,Yes,No,9,Yes,No,DSL,No,No,Yes,Yes,Yes,Yes,Two year,Yes,Mailed check,45.87,404.33,No
CUST06368,Female,1,Yes,Yes,10,Yes,No,No,Yes,No,No,No,No,Yes,Month-to-month,Yes,Mailed check,58.33,480.01,Yes
CUST06369,Female,0,No,Yes,3,Yes,Yes,DSL,No,No,No,No,No,Yes,Month-to-month,Yes,Bank transfer,45.54,158.39,Yes
CUST06370,Male,0,No,No,20,Yes,No,No,No internet,No,Yes,Yes,Yes,Yes,Two year,No,Mailed check,71.0,1622.62,No
CUST06371,Male,0,No,No,10,Yes,Yes,No,No internet,No internet,No,Yes,Yes,Yes,Month-to-month,Yes,Mailed check,59.93,597.93,Yes
CUST06372,Male,0,Yes,No,27,No,Yes,Fiber optic,Yes,No internet,Yes,No,Yes,No,One year,No,Bank transfer,53.35,1267.24,No
CUST06373,Male,0,No,No,32,Yes,No,Fiber optic,No internet,Yes,No internet,No internet,Yes,Yes,One year,Yes,Bank transfer,80.09,2476.58,No
CUST06374,Male,0,No,No,21,Yes,Yes,DSL,No,Yes,No internet,No,No,Yes,Month-to-month,Yes,Electronic check,37.2,813.96,No
CUST06375,Female,0,No,No,7,Yes,No,Fiber optic,No,Yes,Yes,Yes,Yes,Yes,Month-to-month,Yes,Electronic check,65.69,271.03,Yes
CUST06376,Female,0,Yes,No,17,Yes,No,Fiber optic,Yes,No,No internet,No internet,No internet,No internet,Month-to-month,No,Credit card,65.96,1283.23,No
CUST06377,Female,0,Yes,No,6,Yes,No,No,No,No internet,Yes,No,No,No,Month-to-month,Yes,Mailed check,37.85,186.27,Yes
CUST06378,Male,0,Yes,No,55,No,No phone service,Fiber optic,No internet,No,No internet,Yes,No,No,Month-to-month,Yes,Mailed check,80.78,4152.91,Yes
CUST06379,Male,0,Yes,No,34,Yes,No,DSL,Yes,No,No,No,Yes,Yes,Two year,Yes,Electronic check,51.15,1985.11,No
CUST06380,Male,0,Yes,No,16,Yes,No phone service,DSL,No,Yes,No,No internet,Yes,No,Month-to-month,No,Credit card,64.84,1184.56,Yes
CUST06381,Female,0,No,No,72,Yes,No,No,No internet,No,No internet,No,No,No,Month-to-month,Yes,Electronic check,62.08,4410.78,No
CUST06382,Female,0,No,No,18,Yes,Yes,DSL,No internet,Yes,No,No,No,No,Month-to-month,No,Electronic check,66.03,1098.97,No
CUST06383,Male,1,No,No,9,Yes,Yes,Fiber optic,Yes,Yes,No internet,Yes,No internet,No,Month-to-month,No,Mailed check,32.97,287.31,Yes
CUST06384,Female,0,No,Yes,2,Yes,Yes,Fiber optic,No internet,No,No internet,No internet,No,Yes,Month-to-month,Yes,Mailed check,58.05,280.51,Yes
CUST06385,Male,0,Yes,No,18,Yes,Yes,DSL,No,Yes,No,Yes,No,No,Month-to-month,Yes,Credit card,40.88,737.13,Yes
CUST06386,Female,1,No,No,47,Yes,No,Fiber optic,No,No internet,No,No,No,No internet,Month-to-month,Yes,Electronic check,86.51,3924.27,No
CUST06387,Female,0,No,Yes,48,Yes,No,No,No internet,No internet,Yes,Yes,Yes,Yes,Month-to-month,No,Mailed check,88.63,4383.98,Yes
CUST06388,Female,0,Yes,No,22,Yes,Yes,No,No,No internet,Yes,No,No internet,No internet,Month-to-month,Yes,Electronic check,43.12,998.63,No
CUST06389,Male,0,Yes,No,11,Yes,No,Fiber optic,Yes,No,No,No internet,No internet,No,Two year,Yes,Bank transfer,18.0,,No
CUST06390,Female,0,No,No,25,Yes,No,Fiber optic,No,No internet,Yes,No,No,No internet,Month-to-month,No,Mailed check,41.09,958.05,Yes
CUST06391,Female,0,No,No,34,Yes,Yes,Fiber optic,Yes,No internet,Yes,No,Yes,Yes,Month-to-month,No,Bank transfer,59.27,1998.02,No
CUST06392,Male,0,Yes,No,12,Yes,Yes,DSL,No,Yes,No internet,No,No internet,Yes,Two year,No,Electronic check,37.67,436.43,No
CUST06393,Female,0,No,No,15,Yes,Yes,Fiber optic,No,No,No internet,No,Yes,Yes,One year,No,Mailed check,29.42,533.78,No
CUST06394,Male,0,No,Yes,27,No,Yes,No,No internet,No,No,No internet,No,Yes,Month-to-month,Yes,Mailed check,46.78,1373.15,Yes
CUST06395,Male,0,No,No,50,Yes,No,DSL,No,No,No internet,Yes,No internet,Yes,Month-to-month,Yes,Mailed check,92.38,4656.9,Yes
CUST06396,Male,0,Yes,No,37,No,No,No,No,No internet,Yes,No,Yes,Yes,One year,Yes,Mailed check,90.26,3448.12,No
CUST06397,Male,0,Yes,No,0,Yes,Yes,No,No internet,No,Yes,No,No,No,Month-to-month,No,Mailed check,28.19,,Yes
CUST06398,Male,0,No,No,3,Yes,Yes,DSL,Yes,Yes,No internet,No internet,Yes,Yes,Month-to-month,No,Credit card,59.08,76.11,Yes
CUST06399,Female,0,No,No,45,Yes,No,No,No,No,No,No,No internet,No,Month-to-month,No,Mailed check,78.93,3556.33,No
CUST06400,Male,0,Yes,No,43,Yes,No,Fiber optic,No,Yes,No,Yes,No internet,Yes,Two year,Yes,Credit card,56.85,2392.72,No
CUST06401,Male,0,Yes,No,11,Yes,Yes,Fiber optic,No,Yes,No internet,No,Yes,No internet,One year,Yes,Electronic check,89.79,1103.25,Yes
CUST06402,Male,0,Yes,Yes,21,Yes,No,Fiber optic,No,Yes,Yes,Yes,Yes,Yes,Month-to-month,Yes,Electronic check,57.97,1148.54,Yes
CUST06403,Male,0,Yes,Yes,56,Yes,No,Fiber optic,No,Yes,No,Yes,No internet,No internet,Month-to-month,Yes,Mailed check,78.87,4451.08,No
CUST06404,Female,1,No,No,58,Yes,No,No,No,Yes,No,No internet,No,Yes,Month-to-month,Yes,Electronic check,61.74,3517.2,No
CUST06405,Male,0,No,Yes,36,Yes,No,DSL,No,No,No internet,No,Yes,Yes,Month-to-month,Yes,Mailed check,76.63,2596.48,No
CUST06406,Female,1,Yes,No,5,Yes,Yes,Fiber optic,Yes,No,No,No,Yes,Yes,Two year,Yes,Electronic check,34.73,182.4,Yes
CUST06407,Male,0,Yes,No,31,Yes,No,Fiber optic,No internet,No,No,No,No internet,No internet,Month-to-month,Yes,Credit card,68.01,2138.24,Yes
CUST06408,Female,0,No,No,2,Yes,Yes,DSL,Yes,Yes,No internet,No,No,No,Two year,Yes,Mailed check,42.59,187.81,No
CUST06409,Male,0,Yes,No,53,Yes,No,No,No,Yes,Yes,No,No internet,Yes,Month-to-month,Yes,Mailed check,66.08,3573.73,Yes
CUST06410,Male,0,No,No,3,Yes,Yes,No,No,Yes,No,No internet,No,No,Month-to-month,No,Bank transfer,40.86,0.61,No
CUST06411,Female,1,No,No,26,Yes,No,Fiber optic,No,No internet,No,No,No,Yes,Month-to-month,Yes,Electronic check,93.75,2434.86,Yes
CUST06412,Male,0,No,Yes,22,No,Yes,DSL,Yes,Yes,No,No internet,Yes,No internet,One year,No,Credit card,75.03,1543.79,No
CUST06413,Female,0,Yes,No,36,Yes,No,No,Yes,Yes,No internet,No,Yes,No,Month-to-month,Yes,Mailed check,80.54,2817.91,Yes
CUST06414,Male,0,Yes,Yes,19,Yes,No,No,No internet,No,Yes,Yes,No internet,No,One year,No,Electronic check,58.5,1141.1,No
CUST06415,Female,1,Yes,Yes,1,Yes,No,DSL,No internet,Yes,No internet,Yes,Yes,Yes,Month-to-month,Yes,Credit card,46.44,97.9,Yes
CUST06416,Male,0,Yes,No,29,Yes,No,Fiber optic,No,No internet,No internet,No internet,No,No,Month-to-month,Yes,Mailed check,55.59,1454.57,Yes
CUST06417,Male,0,Yes,No,11,Yes,No,DSL,No,No internet,Yes,No internet,Yes,Yes,One year,No,Bank transfer,45.19,529.4,No
CUST06418,Female,0,No,Yes,9,Yes,No,DSL,Yes,No internet,Yes,Yes,No,No,Month-to-month,No,Credit card,59.39,564.44,Yes
CUST06419,Male,0,No,No,72,Yes,Yes,DSL,No internet,No,Yes,No internet,No,Yes,Month-to-month,Yes,Credit card,90.74,6420.34,Yes
CUST06420,Male,0,No,No,21,Yes,No,Fiber optic,Yes,Yes,Yes,No internet,Yes,No,Month-to-month,Yes,Credit card,60.68,1260.77,Yes
CUST06421,Male,1,Yes,Yes,29,Yes,No,No,Yes,Yes,No,No,No,Yes,Month-to-month,No,Mailed check,88.62,2463.22,Yes
CUST06422,Male,0,No,No,17,Yes,Yes,DSL,No,Yes,Yes,No,No,No internet,Two year,Yes,Bank transfer,54.4,741.66,No
CUST06423,Male,0,No,No,35,Yes,No phone service,Fiber optic,No,No internet,No,Yes,No internet,No internet,Month-to-month,Yes,Electronic check,74.64,2715.91,Yes
CUST06424,Male,0,Yes,No,33,Yes,Yes,No,Yes,No,No internet,Yes,Yes,Yes,Two year,No,Credit card,47.59,1661.02,No
CUST06425,Female,0,No,No,25,Yes,Yes,Fiber optic,Yes,No internet,No,Yes,No internet,No,Two year,No,Mailed check,91.57,2271.46,No
CUST06426,Female,0,Yes,Yes,72,Yes,Yes,No,No internet,No,No,No,No,No,Month-to-month,Yes,Mailed check,100.63,7289.48,Yes
CUST06427,Female,1,Yes,Yes,14,Yes,Yes,No,No,Yes,Yes,No,Yes,No internet,Month-to-month,No,Credit card,55.18,660.47,No
CUST06428,Male,0,Yes,Yes,29,Yes,Yes,Fiber optic,No,Yes,No,No internet,Yes,No,Two year,Yes,Credit card,77.89,2344.88,No
CUST06429,Female,1,No,No,38,Yes,Yes,Fiber optic,No,No,No internet,No,No,Yes,Two year,Yes,Credit card,91.67,3500.74,No
CUST06430,Male,0,No,Yes,11,Yes,Yes,DSL,No,Yes,No,No,No,Yes,Month-to-month,No,Mailed check,30.26,208.44,Yes
CUST06431,Male,0,Yes,Yes,14,Yes,No,Fiber optic,No,No,Yes,Yes,No,Yes,Two year,Yes,Electronic check,72.25,1042.75,No
CUST06432,Male,0,Yes,Yes,72,Yes,Yes,Fiber optic,No internet,Yes,No,No internet,No,No,Two year,Yes,Credit card,70.14,5087.82,No
CUST06433,Male,0,Yes,No,0,Yes,No,Fiber optic,No internet,No,Yes,No internet,Yes,No,Month-to-month,No,Mailed check,59.12,0.0,Yes
CUST06434,Female,0,Yes,Yes,9,Yes,Yes,Fiber optic,Yes,No,No,Yes,No,No,Two year,Yes,Credit card,81.1,577.97,Yes
CUST06435,Male,0,Yes,No,15,Yes,No,No,Yes,No,No,No,No,No internet,Month-to-month,No,Bank transfer,62.92,895.14,Yes
CUST06436,Female,0,Yes,No,0,Yes,No phone service,No,No,No internet,No internet,No,Yes,Yes,One year,Yes,Credit card,95.86,113.15,No
CUST06437,Male,0,Yes,No,55,Yes,No,DSL,No internet,No,No,No,Yes,No internet,Month-to-month,Yes,Bank transfer,89.71,5003.21,Yes
CUST06438,Female,1,No,Yes,8,Yes,No,Fiber optic,No,No internet,No,No,No internet,Yes,Month-to-month,No,Credit card,62.34,530.3,Yes
CUST06439,Female,0,Yes,Yes,7,Yes,No,No,No,Yes,Yes,No,Yes,No internet,One year,No,Electronic check,51.17,288.98,No
CUST06440,Female,1,No,No,41,Yes,Yes,Fiber optic,No,No internet,Yes,No,Yes,Yes,Month-to-month,No,Credit card,86.49,3488.09,No
CUST06441,Female,0,Yes,No,7,Yes,Yes,No,No internet,Yes,Yes,Yes,No,Yes,One year,No,Electronic check,52.86,279.19,No
CUST06442,Female,0,Yes,No,25,Yes,No,Fiber optic,No,No,Yes,Yes,Yes,No internet,Two year,Yes,Electronic check,36.87,938.81,No
CUST06443,Female,0,Yes,Yes,41,Yes,Yes,Fiber optic,No,No internet,No,No,No,No,Month-to-month,Yes,Mailed check,64.85,2680.65,Yes
CUST06444,Male,0,Yes,Yes,37,Yes,No phone service,DSL,No,Yes,No internet,No,No,No,Month-to-month,Yes,Bank transfer,56.46,2202.54,No
CUST06445,Female,0,Yes,No,36,Yes,No phone service,DSL,No,Yes,No,No internet,No internet,No,One year,Yes,Bank transfer,80.22,2738.85,No
CUST06446,Male,0,No,No,2,Yes,Yes,No,Yes,Yes,No,No internet,Yes,Yes,Month-to-month,Yes,Electronic check,39.92,57.47,Yes
CUST06447,Female,0,No,No,1,Yes,No,Fiber optic,No,Yes,No,Yes,Yes,No,Two year,Yes,Bank transfer,56.88,0.0,Yes
CUST06448,Male,0,Yes,No,8,Yes,No,Fiber optic,Yes,No,Yes,No,Yes,No,Month-to-month,No,Credit card,55.84,451.5,Yes
CUST06449,Female,0,Yes,No,0,Yes,No,Fiber optic,No internet,Yes,Yes,No internet,Yes,No,One year,No,Bank transfer,45.4,66.66,No
CUST06450,Female,0,No,No,16,Yes,No,Fiber optic,Yes,Yes,Yes,No,No,No,Month-to-month,No,Mailed check,48.33,704.96,No
CUST06451,Male,0,Yes,No,12,Yes,No,Fiber optic,Yes,No internet,Yes,No,No internet,No,Month-to-month,Yes,Bank transfer,57.33,759.73,Yes
CUST06452,Female,0,No,No,19,Yes,No,No,No,Yes,Yes,Yes,Yes,No internet,Month-to-month,Yes,Credit card,60.55,1207.94,Yes
CUST06453,Female,0,No,No,8,Yes,Yes,No,No,Yes,No,No,Yes,No internet,Month-to-month,No,Credit card,42.49,308.61,Yes
CUST06454,Female,0,No,No,15,Yes,No phone service,No,No,Yes,No internet,Yes,No internet,No internet,Month-to-month,No,Electronic check,53.63,898.78,No
CUST06455,Male,0,Yes,No,9,No,Yes,Fiber optic,No internet,Yes,Yes,No internet,No internet,Yes,One year,Yes,Electronic check,50.15,500.03,Yes
CUST06456,Female,0,Yes,No,5,Yes,Yes,Fiber optic,Yes,Yes,No internet,Yes,Yes,Yes,Month-to-month,Yes,Electronic check,59.77,230.43,Yes
CUST06457,Male,0,Yes,Yes,25,Yes,Yes,DSL,No,No internet,Yes,Yes,No internet,No,Month-to-month,Yes,Mailed check,62.88,1496.3,No
CUST06458,Female,0,No,No,26,Yes,Yes,DSL,No,Yes,No,No,No,No internet,Month-to-month,No,Mailed check,66.33,1810.52,Yes
CUST06459,Female,0,No,No,42,Yes,No,DSL,Yes,Yes,Yes,No,No internet,No,Two year,No,Mailed check,72.43,2987.49,No
CUST06460,Male,0,No,No,49,No,Yes,Fiber optic,No,No,Yes,No,Yes,Yes,One year,Yes,Bank transfer,68.99,3446.88,No
CUST06461,Female,0,No,Yes,29,Yes,Yes,DSL,No internet,Yes,Yes,Yes,No internet,No internet,Month-to-month,Yes,Mailed check,56.63,1531.83,No
CUST06462,Female,0,No,No,27,Yes,Yes,No,No,No,Yes,No,Yes,No,Two year,Yes,Electronic check,82.45,2325.8,No
CUST06463,Male,0,No,Yes,1,Yes,Yes,Fiber optic,No internet,Yes,No internet,No,No,Yes,Two year,Yes,Mailed check,38.58,0.0,Yes
CUST06464,Female,0,No,No,2,Yes,Yes,DSL,Yes,No,No,Yes,No internet,No,Month-to-month,Yes,Electronic check,76.08,0.0,Yes
CUST06465,Male,0,No,No,40,Yes,No,DSL,No,Yes,Yes,No,Yes,Yes,One year,Yes,Credit card,95.48,3772.01,No
CUST06466,Male,0,No,Yes,6,No,No,Fiber optic,No,No,Yes,No,Yes,No,Month-to-month,Yes,Mailed check,43.06,384.79,Yes
CUST06467,Male,0,Yes,Yes,10,Yes,Yes,No,No,No,No,No,Yes,Yes,Two year,Yes,Bank transfer,63.63,742.17,No
CUST06468,Female,0,No,No,3,Yes,No,No,No,No,No,No internet,No,No,Month-to-month,Yes,Electronic check,59.86,,Yes
CUST06469,Male,0,Yes,Yes,5,No,No phone service,Fiber optic,No internet,No internet,No internet,No,No,Yes,Two year,Yes,Bank transfer,63.81,373.82,No
CUST06470,Male,0,Yes,No,35,Yes,Yes,DSL,Yes,No internet,No,No,No,Yes,Month-to-month,No,Mailed check,73.93,2516.24,Yes
CUST06471,Female,1,No,No,7,Yes,Yes,No,No,No internet,No,Yes,No,Yes,Month-to-month,No,Electronic check,49.0,195.89,Yes
CUST06472,Male,1,No,Yes,14,Yes,No phone service,No,No internet,Yes,Yes,Yes,No,No,Two year,Yes,Bank transfer,88.95,1377.86,No
CUST06473,Female,0,No,No,3,No,Yes,No,Yes,No internet,Yes,Yes,Yes,No,Two year,Yes,Electronic check,76.72,344.46,Yes
CUST06474,Female,0,Yes,Yes,27,Yes,No,DSL,No,Yes,No internet,No,No,Yes,One year,Yes,Mailed check,55.53,1401.9,No
CUST06475,Female,0,No,No,31,Yes,Yes,Fiber optic,No,Yes,No internet,No internet,Yes,Yes,Two year,Yes,Bank transfer,54.39,,No
CUST06476,Female,0,Yes,No,10,No,No,No,No,No,No internet,No,No,Yes,One year,Yes,Mailed check,24.61,226.61,No
CUST06477,Male,0,No,No,36,Yes,Yes,DSL,No,No internet,Yes,No,No,Yes,One year,No,Bank transfer,75.26,2607.17,No
CUST06478,Male,1,Yes,No,6,Yes,No phone service,Fiber optic,No,No internet,No,No internet,No,No,Month-to-month,Yes,Electronic check,59.37,215.13,Yes
CUST06479,Male,0,No,No,28,Yes,No,DSL,No internet,No,No internet,No internet,No,No internet,Month-to-month,Yes,Electronic check,46.38,1326.28,No
CUST06480,Male,0,No,Yes,31,Yes,Yes,DSL,Yes,Yes,No,No,No,Yes,Month-to-month,No,Electronic check,67.94,2089.88,No
CUST06481,Male,0,Yes,No,72,Yes,No,Fiber optic,No internet,Yes,No,No,Yes,Yes,One year,Yes,Electronic check,73.55,5250.17,No
CUST06482,Female,0,No,No,6,Yes,No phone service,No,No,No,No,Yes,No internet,No internet,Month-to-month,Yes,Mailed check,59.64,347.39,Yes
CUST06483,Male,1,No,No,2,Yes,Yes,DSL,No,No,No,Yes,No,No,Month-to-month,No,Mailed check,50.68,94.2,Yes
CUST06484,Male,1,Yes,Yes,7,Yes,No phone service,No,Yes,Yes,No,Yes,No,No,Month-to-month,Yes,Bank transfer,51.39,391.52,Yes
CUST06485,Male,0,Yes,No,3,Yes,Yes,Fiber optic,Yes,No internet,No,No,Yes,Yes,Two year,No,Credit card,52.85,280.49,No
CUST06486,Female,0,Yes,Yes,4,Yes,Yes,Fiber optic,No,Yes,No,Yes,No,No internet,Month-to-month,No,Bank transfer,46.45,279.25,Yes
CUST06487,Female,0,Yes,No,9,Yes,Yes,Fiber optic,Yes,No,Yes,No,No,No,Month-to-month,No,Mailed check,32.78,374.45,Yes
CUST06488,Male,0,No,No,12,Yes,No,Fiber optic,No,No,No,No,No,No internet,Month-to-month,Yes,Electronic check,73.57,836.46,No
CUST06489,Female,0,No,No,56,Yes,No phone service,No,Yes,No internet,No,No,No,No,Month-to-month,Yes,Mailed check,72.31,3978.87,Yes
CUST06490,Male,0,Yes,Yes,5,Yes,No,DSL,No,No,No internet,Yes,Yes,No internet,Month-to-month,Yes,Electronic check,65.4,259.08,Yes
CUST06491,Male,0,Yes,No,72,Yes,Yes,Fiber optic,No,Yes,No,No internet,No internet,Yes,Month-to-month,No,Bank transfer,90.26,6587.15,Yes
CUST06492,Female,0,No,Yes,39,Yes,No phone service,DSL,No internet,No,No,No,Yes,No,Month-to-month,No,Credit card,41.24,1685.02,Yes
CUST06493,Female,0,Yes,No,51,Yes,Yes,DSL,No internet,Yes,Yes,No,No,Yes,Two year,Yes,Mailed check,83.33,4078.72,No
CUST06494,Male,0,Yes,Yes,63,Yes,Yes,Fiber optic,No,Yes,No,Yes,Yes,No internet,One year,No,Electronic check,75.71,4870.0,No
CUST06495,Male,1,Yes,No,33,Yes,Yes,DSL,No,No,No internet,Yes,No,No internet,Month-to-month,Yes,Credit card,73.07,2437.23,No
CUST06496,Female,1,No,No,37,Yes,No phone service,DSL,No,No internet,No internet,No,No,Yes,One year,Yes,Electronic check,111.47,4126.56,Yes
CUST06497,Male,1,No,No,13,Yes,No,DSL,No,No internet,No,Yes,No,No,One year,Yes,Credit card,73.68,1068.28,No
CUST06498,Female,0,No,Yes,17,Yes,Yes,DSL,Yes,No,No,No internet,No internet,No,One year,Yes,Credit card,56.31,985.08,No
CUST06499,Male,0,Yes,No,64,Yes,No,Fiber optic,No internet,No,Yes,No,No internet,No,Month-to-month,No,Mailed check,75.64,4752.12,Yes
CUST06500,Female,0,No,No,11,Yes,Yes,Fiber optic,No internet,No,No,Yes,Yes,Yes,Month-to-month,Yes,Electronic check,84.85,857.61,Yes
CUST06501,Male,0,No,No,1,Yes,Yes,Fiber optic,Yes,No internet,No,No,No,No internet,One year,No,Credit card,50.37,72.55,No
CUST06502,Male,0,No,Yes,34,Yes,Yes,Fiber optic,No internet,Yes,Yes,No internet,No internet,Yes,Month-to-month,No,Bank transfer,82.35,2818.07,Yes
CUST06503,Female,0,Yes,No,20,Yes,Yes,DSL,No internet,No,No internet,No internet,No internet,No,Month-to-month,No,Electronic check,65.16,1364.77,Yes
CUST06504,Male,0,No,No,40,Yes,Yes,No,No internet,Yes,No,No,No internet,Yes,Month-to-month,Yes,Mailed check,72.41,3127.27,Yes
CUST06505,Male,1,No,No,1,Yes,No,DSL,No,Yes,No internet,No,No internet,No internet,Two year,No,Bank transfer,75.84,201.28,No
CUST06506,Female,0,Yes,No,23,Yes,Yes,Fiber optic,No,No internet,No,No,Yes,Yes,Month-to-month,Yes,Electronic check,65.16,1409.45,Yes
CUST06507,Male,0,Yes,No,6,No,No,DSL,No,Yes,No,No internet,Yes,No internet,Month-to-month,No,Electronic check,52.72,322.53,Yes
CUST06508,Male,0,No,No,56,Yes,No,DSL,Yes,Yes,No,No internet,Yes,No,Two year,Yes,Electronic check,85.79,4774.98,No
CUST06509,Male,0,No,Yes,2,Yes,No,Fiber optic,No,No internet,Yes,No,Yes,No internet,Two year,No,Electronic check,33.85,94.24,No
CUST06510,Female,1,No,No,44,No,Yes,DSL,Yes,No,No,No,Yes,Yes,Month-to-month,No,Electronic check,88.91,3812.65,Yes
CUST06511,Female,0,No,No,2,Yes,Yes,Fiber optic,No internet,No,No,No,No internet,Yes,Month-to-month,No,Electronic check,52.82,0.0,Yes
CUST06512,Female,1,No,Yes,0,Yes,Yes,Fiber optic,Yes,Yes,No,No,No,Yes,One year,No,Electronic check,52.53,0.0,No
CUST06513,Male,0,Yes,No,6,Yes,Yes,No,No,No,No,No internet,Yes,Yes,Month-to-month,Yes,Electronic check,58.32,102.44,No
CUST06514,Male,0,Yes,No,9,Yes,No,Fiber optic,No internet,Yes,No,No,Yes,No,One year,Yes,Credit card,45.11,332.64,No
CUST06515,Male,0,No,Yes,23,Yes,No,DSL,No internet,No,Yes,No,Yes,No internet,Two year,Yes,Bank transfer,48.76,1333.4,No
CUST06516,Male,0,Yes,Yes,3,Yes,Yes,Fiber optic,No,Yes,Yes,No internet,Yes,Yes,Month-to-month,Yes,Mailed check,68.67,159.71,Yes
CUST06517,Female,0,Yes,No,13,Yes,No,Fiber optic,No,No,Yes,No internet,No,Yes,Month-to-month,Yes,Mailed check,68.73,923.84,Yes
CUST06518,Male,0,No,Yes,5,Yes,Yes,DSL,No,Yes,No,No internet,Yes,No,Month-to-month,Yes,Electronic check,64.79,214.59,Yes
CUST06519,Male,0,No,Yes,46,Yes,Yes,DSL,No,No,No,Yes,No,Yes,One year,No,Credit card,92.1,4155.86,No
CUST06520,Male,0,Yes,No,1,Yes,No,Fiber optic,Yes,No internet,Yes,No,Yes,No,Month-to-month,No,Mailed check,60.95,0.0,Yes
CUST06521,Female,0,Yes,No,10,Yes,No,Fiber optic,Yes,No,No,Yes,No,Yes,Month-to-month,Yes,Mailed check,31.87,256.27,Yes
CUST06522,Male,1,Yes,No,23,Yes,Yes,DSL,No internet,Yes,No,Yes,No,No internet,Month-to-month,Yes,Credit card,86.03,1976.22,Yes
CUST06523,Male,0,Yes,No,58,Yes,No,No,No,No internet,No,No,No,No,Month-to-month,Yes,Bank transfer,72.9,4337.44,No
CUST06524,Male,0,No,No,48,Yes,No,DSL,Yes,No,Yes,No,Yes,No internet,Month-to-month,Yes,Electronic check,66.16,3311.67,Yes
CUST06525,Male,0,Yes,No,54,Yes,Yes,Fiber optic,No,Yes,No internet,No,No,No,Month-to-month,No,Credit card,85.93,4706.39,Yes
CUST06526,Male,1,No,No,1,No,No,No,No,Yes,No,Yes,No,No,One year,Yes,Credit card,75.56,149.11,No
CUST06527,Female,1,No,Yes,44,Yes,Yes,No,Yes,Yes,No,Yes,No,Yes,Month-to-month,No,Credit card,89.25,3888.75,No
CUST06528,Male,0,No,Yes,36,Yes,Yes,Fiber optic,No,Yes,Yes,No,Yes,No internet,Month-to-month,Yes,Electronic check,65.57,2567.98,Yes
CUST06529,Male,0,Yes,No,55,Yes,No,DSL,No,Yes,No,No,Yes,No,Two year,No,Credit card,90.93,4924.81,Yes
CUST06530,Male,0,Yes,No,8,Yes,No,No,No,No internet,No,Yes,Yes,Yes,One year,No,Mailed check,57.59,454.08,No
CUST06531,Male,1,Yes,Yes,58,Yes,Yes,DSL,No,Yes,Yes,No,No internet,No internet,Two year,No,Bank transfer,95.07,5473.75,No
CUST06532,Male,1,Yes,Yes,12,Yes,No,No,No,No,No internet,No,No internet,No,Month-to-month,Yes,Electronic check,50.99,712.44,No
CUST06533,Male,1,No,No,24,Yes,Yes,Fiber optic,Yes,No,No internet,Yes,Yes,No internet,Month-to-month,Yes,Electronic check,52.75,1221.66,Yes
CUST06534,Male,0,Yes,Yes,13,Yes,Yes,No,Yes,No,Yes,No internet,Yes,No,One year,Yes,Electronic check,51.53,686.65,No
CUST06535,Male,0,No,No,13,Yes,Yes,Fiber optic,No,No internet,No,No,Yes,Yes,Two year,No,Mailed check,41.65,635.18,No
CUST06536,Male,1,Yes,Yes,18,Yes,No,No,Yes,No internet,No,No,Yes,No internet,Two year,Yes,Electronic check,89.24,1499.88,No
CUST06537,Male,0,Yes,Yes,10,Yes,Yes,Fiber optic,No internet,No,Yes,No,No internet,Yes,Two year,No,Electronic check,32.88,389.18,Yes
CUST06538,Female,0,No,No,37,Yes,Yes,DSL,No,No,No internet,No,No,Yes,Month-to-month,No,Credit card,57.88,2175.82,No
CUST06539,Female,0,No,No,24,Yes,Yes,Fiber optic,No,No,Yes,Yes,No internet,Yes,Two year,Yes,Bank transfer,36.05,783.87,No
CUST06540,Female,1,Yes,No,28,Yes,Yes,Fiber optic,No,No,No internet,No,No internet,No,Two year,No,Mailed check,79.95,2182.42,No
CUST06541,Female,0,No,No,6,Yes,Yes,Fiber optic,No,Yes,No,Yes,Yes,No,Month-to-month,Yes,Bank transfer,43.52,249.59,Yes
CUST06542,Male,0,Yes,No,72,No,Yes,No,Yes,No,No,No,No,No,Month-to-month,Yes,Bank transfer,111.05,8017.0,Yes
CUST06543,Female,0,No,No,25,No,No phone service,Fiber optic,Yes,Yes,No internet,Yes,No,No,Month-to-month,No,Electronic check,68.23,1849.69,Yes
CUST06544,Female,0,Yes,No,5,Yes,No,Fiber optic,No,Yes,No,Yes,No,Yes,Month-to-month,No,Bank transfer,48.19,420.58,Yes
CUST06545,Male,0,No,No,33,Yes,Yes,DSL,No,Yes,No,No,Yes,No,Month-to-month,No,Bank transfer,70.23,2242.8,Yes
CUST06546,Female,0,No,Yes,4,Yes,Yes,No,No internet,No,No internet,Yes,No internet,Yes,Two year,No,Electronic check,58.62,489.83,No
CUST06547,Female,0,No,No,1,Yes,Yes,DSL,No,Yes,No,Yes,No,No,Two year,No,Electronic check,62.33,16.67,No
CUST06548,Male,0,No,No,17,Yes,Yes,DSL,No internet,No,No,No,Yes,No internet,Two year,Yes,Mailed check,73.48,1432.57,No
CUST06549,Male,1,Yes,Yes,19,Yes,No,Fiber optic,No internet,No internet,No internet,No,No,No internet,Month-to-month,No,Bank transfer,63.71,1354.12,Yes
CUST06550,Male,0,No,Yes,5,Yes,No,No,No internet,No,No internet,No,Yes,No,Month-to-month,Yes,Electronic check,39.7,97.83,Yes
CUST06551,Female,0,Yes,No,10,No,Yes,Fiber optic,No,No internet,Yes,No internet,No,No internet,One year,Yes,Bank transfer,60.69,466.32,No
CUST06552,Female,1,Yes,No,69,Yes,No,Fiber optic,Yes,No,No,Yes,Yes,No,Month-to-month,Yes,Mailed check,120.0,8292.04,Yes
CUST06553,Male,0,Yes,Yes,8,Yes,No,Fiber optic,Yes,No,No internet,No,Yes,No internet,Month-to-month,Yes,Bank transfer,73.08,675.11,Yes
CUST06554,Male,0,Yes,Yes,4,Yes,No,DSL,No internet,Yes,No,Yes,Yes,Yes,One year,Yes,Credit card,80.59,325.09,No
CUST06555,Female,0,Yes,No,72,Yes,Yes,No,No,No internet,No,Yes,No internet,No,Month-to-month,Yes,Credit card,110.34,7948.99,Yes
CUST06556,Male,0,Yes,No,8,Yes,Yes,Fiber optic,Yes,No internet,Yes,No internet,No internet,Yes,Month-to-month,Yes,Bank transfer,36.81,338.87,Yes
CUST06557,Female,0,No,Yes,27,Yes,Yes,Fiber optic,No,No,No internet,No internet,No internet,Yes,Month-to-month,Yes,Electronic check,62.91,1542.29,Yes
CUST06558,Male,0,No,No,6,Yes,Yes,Fiber optic,No,Yes,No,No internet,No,Yes,Two year,Yes,Bank transfer,51.26,318.89,No
CUST06559,Male,0,Yes,Yes,19,Yes,No,DSL,No internet,No,Yes,No internet,No internet,Yes,Month-to-month,No,Bank transfer,61.22,1082.38,No
CUST06560,Female,0,Yes,No,11,Yes,No,Fiber optic,No,No,No internet,Yes,Yes,No,Month-to-month,Yes,Bank transfer,58.22,603.83,Yes
CUST06561,Male,0,No,No,72,Yes,Yes,No,No,No internet,No,Yes,No internet,Yes,Two year,Yes,Credit card,102.42,7246.83,No
CUST06562,Male,0,No,No,13,Yes,Yes,Fiber optic,No,No internet,Yes,Yes,No,Yes,Month-to-month,Yes,Electronic check,30.85,269.95,Yes
CUST06563,Male,0,Yes,No,21,Yes,No,Fiber optic,No,No internet,Yes,Yes,No,Yes,Month-to-month,Yes,Bank transfer,72.45,1554.03,Yes
CUST06564,Female,0,No,Yes,69,Yes,No,DSL,Yes,No,No internet,No,No,No,One year,No,Electronic check,93.41,6432.05,No
CUST06565,Male,0,No,No,72,Yes,No,No,No internet,No,No,No,No,No,Month-to-month,No,Mailed check,95.0,7004.59,Yes
CUST06566,Male,0,No,Yes,2,Yes,No,DSL,No,No internet,No,No,Yes,No,Month-to-month,No,Mailed check,42.04,46.02,Yes
CUST06567,Male,0,No,No,43,Yes,No,DSL,Yes,No,No,No,No,No internet,Two year,Yes,Mailed check,80.61,3540.99,No
CUST06568,Male,0,No,No,11,Yes,Yes,Fiber optic,Yes,No,No,Yes,No internet,No,Month-to-month,Yes,Bank transfer,47.81,643.94,Yes
CUST06569,Male,1,No,No,21,Yes,No,Fiber optic,Yes,Yes,No,No,No,Yes,One year,Yes,Bank transfer,74.48,1581.9,No
CUST06570,Male,1,Yes,No,11,Yes,Yes,No,No internet,Yes,No,No,No,No,Month-to-month,No,Bank transfer,63.11,718.67,Yes
CUST06571,Female,0,No,Yes,12,Yes,Yes,DSL,No,Yes,No,No internet,Yes,No,Month-to-month,No,Credit card,44.88,661.58,Yes
CUST06572,Female,0,No,No,4,Yes,Yes,Fiber optic,No,No,No,Yes,No internet,No internet,Month-to-month,No,Bank transfer,27.26,242.28,Yes
CUST06573,Male,0,Yes,Yes,20,Yes,Yes,DSL,Yes,No,No,Yes,No internet,No,Month-to-month,Yes,Credit card,72.88,1518.01,Yes
CUST06574,Female,1,No,No,18,Yes,Yes,DSL,No,No,No internet,No internet,Yes,Yes,Month-to-month,Yes,Bank transfer,61.94,1254.45,Yes
CUST06575,Female,0,Yes,Yes,5,No,No,Fiber optic,Yes,No internet,No internet,No internet,No,No,Month-to-month,Yes,Mailed check,49.27,266.09,Yes
CUST06576,Male,0,Yes,Yes,18,Yes,No,No,No,No,No,No,No,No internet,Month-to-month,No,Mailed check,65.75,1075.01,Yes
CUST06577,Female,0,Yes,Yes,72,Yes,Yes,Fiber optic,No,Yes,Yes,Yes,No internet,Yes,One year,Yes,Bank transfer,67.38,4882.85,No
CUST06578,Female,0,No,No,30,No,Yes,No,No internet,No,Yes,No,No,No,Month-to-month,Yes,Bank transfer,74.27,2161.51,Yes
CUST06579,Female,1,No,Yes,15,Yes,No,No,No,No,No internet,Yes,No,No internet,Month-to-month,No,Bank transfer,71.62,1199.49,No
CUST06580,Female,0,Yes,No,59,Yes,Yes,No,Yes,No,Yes,No internet,Yes,Yes,One year,No,Bank transfer,59.61,3490.32,No
CUST06581,Female,0,No,Yes,20,Yes,No,Fiber optic,Yes,Yes,Yes,No,No,No internet,Month-to-month,Yes,Credit card,50.55,1101.03,Yes
CUST06582,Female,0,Yes,Yes,3,Yes,Yes,DSL,No,Yes,No,No,Yes,No internet,Two year,Yes,Electronic check,65.69,116.85,No
CUST06583,Female,0,No,No,19,Yes,No,Fiber optic,No,Yes,No internet,Yes,No internet,Yes,One year,No,Mailed check,77.44,1366.8,No
CUST06584,Female,0,No,No,4,Yes,Yes,Fiber optic,No,No internet,Yes,No,No,No,Two year,Yes,Bank transfer,65.73,241.63,No
CUST06585,Male,0,No,Yes,35,Yes,Yes,Fiber optic,No internet,No,Yes,No,Yes,No internet,Month-to-month,No,Electronic check,56.03,1829.88,Yes
CUST06586,Male,0,No,Yes,72,Yes,No,DSL,Yes,No,No internet,No,No internet,No internet,Two year,Yes,Credit card,77.41,5652.27,No
CUST06587,Female,0,Yes,No,10,Yes,No,Fiber optic,Yes,No,No,No,No,No internet,One year,No,Bank transfer,38.11,503.06,Yes
CUST06588,Female,0,No,No,13,Yes,Yes,Fiber optic,No,Yes,No,No,No,No internet,One year,No,Electronic check,67.51,936.03,No
CUST06589,Male,0,No,No,13,No,No,DSL,No,No,No internet,No internet,No internet,Yes,Two year,No,Mailed check,37.72,630.25,No
CUST06590,Female,0,Yes,Yes,8,Yes,Yes,Fiber optic,No internet,No,Yes,Yes,No,Yes,One year,Yes,Bank transfer,80.12,709.95,Yes
CUST06591,Female,0,No,No,37,Yes,Yes,Fiber optic,Yes,Yes,No,No internet,No internet,No,Two year,Yes,Electronic check,67.57,2458.66,No
CUST06592,Male,0,No,Yes,23,No,No,Fiber optic,No internet,Yes,No internet,Yes,Yes,No internet,Month-to-month,Yes,Mailed check,57.04,1323.13,Yes
CUST06593,Male,1,Yes,No,1,Yes,Yes,No,Yes,No,No,Yes,Yes,No,One year,No,Mailed check,53.3,66.27,No
CUST06594,Male,0,No,No,43,Yes,No phone service,DSL,Yes,No internet,No,No,No internet,No internet,Month-to-month,Yes,Credit card,61.12,2747.02,Yes
CUST06595,Female,0,No,No,4,No,Yes,Fiber optic,Yes,No,No,No internet,No,Yes,Month-to-month,Yes,Credit card,51.65,215.34,Yes
CUST06596,Female,0,No,No,72,Yes,No,No,Yes,No internet,Yes,No internet,No,No,One year,Yes,Electronic check,72.15,5085.74,No
CUST06597,Male,0,Yes,No,11,Yes,Yes,DSL,No internet,No internet,Yes,No,No,Yes,Two year,No,Credit card,70.2,639.14,No
CUST06598,Male,0,Yes,Yes,22,Yes,Yes,DSL,Yes,No,No,No,No,No,Two year,No,Credit card,73.57,1600.16,No
CUST06599,Female,0,Yes,Yes,1,Yes,No,Fiber optic,No,No,Yes,No,Yes,No,One year,No,Mailed check,53.75,59.53,No
CUST06600,Male,1,No,No,10,Yes,Yes,DSL,Yes,No internet,Yes,No internet,Yes,Yes,One year,Yes,Electronic check,77.72,644.1,No
CUST06601,Female,0,No,No,38,Yes,No,DSL,Yes,No,Yes,No,No internet,No internet,Month-to-month,No,Bank transfer,56.28,2250.64,Yes
CUST06602,Female,1,No,Yes,15,Yes,Yes,No,No internet,No,Yes,Yes,No,Yes,Month-to-month,Yes,Electronic check,50.76,741.81,Yes
CUST06603,Male,0,Yes,No,56,Yes,Yes,Fiber optic,No internet,No,No,No internet,Yes,Yes,Month-to-month,No,Mailed check,84.97,4848.08,Yes
CUST06604,Male,0,Yes,No,20,No,Yes,DSL,No,No,Yes,No internet,No internet,Yes,Month-to-month,Yes,Electronic check,57.95,1074.27,No
CUST06605,Female,0,No,No,63,Yes,No,No,No,No,No internet,No internet,No internet,Yes,One year,Yes,Mailed check,82.59,5295.83,No
CUST06606,Male,0,No,No,72,Yes,No,Fiber optic,No internet,No,No,No,No,No,Two year,Yes,Mailed check,70.42,4968.83,No
CUST06607,Male,0,No,No,14,Yes,Yes,Fiber optic,No internet,Yes,Yes,Yes,No,Yes,Month-to-month,Yes,Bank transfer,57.77,,No
CUST06608,Male,0,No,Yes,19,Yes,No,Fiber optic,No,No,No,Yes,No internet,Yes,Month-to-month,Yes,Electronic check,42.47,765.23,Yes
CUST06609,Male,0,No,No,43,Yes,No,No,No,No internet,No internet,No,Yes,No,Month-to-month,Yes,Bank transfer,87.72,3744.34,Yes
CUST06610,Female,0,No,No,6,Yes,No,DSL,No,No,No internet,Yes,No,No,Month-to-month,Yes,Bank transfer,52.28,422.18,Yes
CUST06611,Female,0,No,Yes,47,Yes,Yes,Fiber optic,No,Yes,Yes,No,No internet,No,Month-to-month,Yes,Electronic check,94.51,4479.05,No
CUST06612,Female,0,Yes,No,21,Yes,No,No,No,No internet,No,Yes,No,No internet,Month-to-month,Yes,Bank transfer,63.13,1227.1,Yes
CUST06613,Female,0,No,No,31,Yes,Yes,DSL,No,No,Yes,Yes,No,No,Month-to-month,No,Electronic check,54.22,1573.12,No
CUST06614,Male,0,No,Yes,1,Yes,Yes,No,No internet,No,Yes,No,No internet,Yes,Two year,No,Bank transfer,62.23,78.03,No
CUST06615,Male,0,Yes,Yes,34,Yes,No,No,Yes,No,Yes,Yes,Yes,No internet,Month-to-month,No,Mailed check,50.0,1676.03,Yes
CUST06616,Female,0,Yes,Yes,8,Yes,No,No,Yes,No internet,No,Yes,No,Yes,Two year,No,Mailed check,49.56,417.01,No
CUST06617,Female,0,Yes,No,39,Yes,No,No,Yes,No internet,No,Yes,Yes,No,One year,No,Electronic check,66.94,2445.88,No
CUST06618,Male,0,No,No,17,Yes,Yes,Fiber optic,No,No internet,Yes,Yes,Yes,No,Month-to-month,No,Electronic check,24.4,637.99,Yes
CUST06619,Female,0,Yes,No,7,Yes,No,Fiber optic,No,No,No,Yes,No internet,Yes,Two year,No,Electronic check,75.37,356.79,No
CUST06620,Female,0,Yes,No,72,No,Yes,No,Yes,No,No,No,No internet,Yes,One year,Yes,Credit card,94.1,6753.87,No
CUST06621,Male,0,No,No,34,Yes,No,DSL,No,Yes,No internet,Yes,Yes,Yes,Month-to-month,Yes,Bank transfer,45.6,1476.74,No
CUST06622,Female,1,Yes,No,72,Yes,Yes,Fiber optic,No,No,No,No internet,No,No internet,Month-to-month,Yes,Credit card,100.81,7134.66,Yes
CUST06623,Male,0,No,No,10,Yes,Yes,DSL,No,Yes,No,No internet,Yes,No internet,One year,No,Credit card,38.16,444.3,No
CUST06624,Male,0,Yes,Yes,25,Yes,No phone service,Fiber optic,Yes,No internet,Yes,No internet,Yes,Yes,Month-to-month,No,Credit card,67.19,1659.58,Yes
CUST06625,Female,0,No,No,22,Yes,Yes,No,No internet,No,Yes,No,Yes,No,Month-to-month,Yes,Bank transfer,47.22,923.65,Yes
CUST06626,Male,0,Yes,No,27,Yes,No,Fiber optic,No,No internet,No internet,Yes,Yes,Yes,Month-to-month,Yes,Electronic check,64.54,1696.99,Yes
CUST06627,Female,1,Yes,Yes,0,Yes,Yes,No,No,No,Yes,Yes,No,Yes,Month-to-month,Yes,Credit card,66.03,65.95,Yes
CUST06628,Male,0,Yes,No,8,Yes,No,Fiber optic,No internet,No,Yes,No,No internet,No,Two year,No,Electronic check,57.83,560.38,No
CUST06629,Female,0,No,No,57,Yes,Yes,Fiber optic,Yes,No,No,No internet,No,Yes,Two year,Yes,Mailed check,73.72,4359.94,No
CUST06630,Female,1,No,No,13,No,No,Fiber optic,No,Yes,Yes,Yes,No internet,Yes,One year,Yes,Credit card,56.53,767.86,No
CUST06631,Female,0,Yes,No,72,Yes,Yes,No,No,Yes,Yes,No internet,Yes,No internet,Month-to-month,Yes,Mailed check,81.88,5844.48,No
CUST06632,Male,0,No,Yes,5,Yes,No,No,Yes,No,No,No,No,Yes,Two year,No,Electronic check,67.7,275.47,No
CUST06633,Male,0,Yes,No,72,Yes,Yes,No,No internet,No internet,No,No,No internet,No,One year,No,Mailed check,93.16,6758.76,No
CUST06634,Female,0,No,Yes,28,Yes,Yes,No,Yes,No,Yes,No,Yes,No,Two year,No,Credit card,75.46,2244.99,No
CUST06635,Male,0,No,Yes,35,Yes,No,No,Yes,No internet,Yes,Yes,No,No,Month-to-month,Yes,Credit card,67.04,2149.07,No
CUST06636,Female,0,No,No,12,Yes,Yes,No,Yes,No internet,No,No,Yes,Yes,Month-to-month,Yes,Bank transfer,71.33,854.05,No
CUST06637,Female,0,No,No,57,Yes,No,DSL,No internet,Yes,No,No,No internet,No,Two year,Yes,Credit card,100.84,5621.11,Yes
CUST06638,Male,0,No,No,18,Yes,Yes,DSL,No,No,Yes,No internet,No,No,Month-to-month,Yes,Electronic check,38.62,702.58,Yes
CUST06639,Female,0,No,No,27,Yes,Yes,No,No,No,Yes,No,No,Yes,One year,No,Electronic check,47.63,1458.24,No
CUST06640,Male,0,No,No,2,Yes,Yes,Fiber optic,Yes,Yes,No,No,No internet,No internet,One year,Yes,Mailed check,67.2,0.0,No
CUST06641,Female,0,No,No,23,Yes,No,No,Yes,Yes,Yes,No,No,Yes,Month-to-month,No,Electronic check,87.38,1843.74,Yes
CUST06642,Male,1,No,No,50,Yes,No,Fiber optic,No internet,Yes,Yes,No,Yes,No internet,Two year,Yes,Mailed check,68.39,3571.55,No
CUST06643,Female,0,No,Yes,4,Yes,No,DSL,No,No,Yes,No,Yes,No,Month-to-month,No,Electronic check,31.59,159.14,Yes
CUST06644,Female,0,No,Yes,32,Yes,No,No,Yes,No,No,Yes,No,Yes,One year,Yes,Mailed check,54.64,1746.66,No
CUST06645,Male,0,No,No,0,Yes,No phone service,Fiber optic,No,Yes,No,Yes,No,Yes,Two year,Yes,Electronic check,42.69,90.72,Yes
CUST06646,Female,0,No,No,62,Yes,No,Fiber optic,No,No internet,Yes,No,No internet,Yes,Two year,No,Electronic check,83.28,5338.96,No
CUST06647,Female,0,Yes,Yes,72,Yes,No phone service,Fiber optic,Yes,Yes,No,No,No,Yes,Two year,No,Credit card,97.61,7055.23,No
CUST06648,Male,1,Yes,Yes,10,Yes,Yes,Fiber optic,No,No,No,No,No,Yes,Month-to-month,Yes,Electronic check,62.24,621.3,Yes
CUST06649,Female,0,Yes,Yes,2,No,Yes,Fiber optic,Yes,No internet,No,No internet,No,Yes,One year,No,Electronic check,76.95,0.0,No
CUST06650,Male,1,Yes,No,25,Yes,Yes,No,No internet,No,No,No,Yes,No internet,One year,Yes,Electronic check,71.8,1705.86,No
CUST06651,Female,0,Yes,Yes,0,Yes,No,No,No,No,No,No,Yes,Yes,Month-to-month,Yes,Credit card,39.69,0.0,Yes
CUST06652,Male,0,No,Yes,15,Yes,No,DSL,No internet,Yes,No,No,No,No,Month-to-month,No,Bank transfer,43.19,651.04,No
CUST06653,Female,0,No,No,7,Yes,No,DSL,No,No,Yes,No,No,Yes,One year,Yes,Bank transfer,47.0,470.93,No
CUST06654,Female,0,No,No,15,No,Yes,DSL,No,No,Yes,Yes,No,No,Month-to-month,Yes,Electronic check,60.34,863.26,No
CUST06655,Female,0,Yes,No,0,Yes,Yes,Fiber optic,No,No,No,Yes,No internet,Yes,Two year,No,Mailed check,48.12,45.53,Yes
CUST06656,Male,0,No,No,1,Yes,No,No,No,No internet,Yes,No,No internet,No internet,Month-to-month,No,Electronic check,44.61,132.12,Yes
CUST06657,Male,0,No,Yes,0,Yes,Yes,Fiber optic,No,Yes,Yes,Yes,Yes,No,Month-to-month,Yes,Electronic check,45.3,,Yes
CUST06658,Male,1,No,No,23,No,No,DSL,No,No,No,No,No,Yes,Month-to-month,Yes,Bank transfer,59.67,1363.47,No
CUST06659,Male,0,Yes,No,19,Yes,No,No,No,No internet,No,No internet,No internet,No,Two year,Yes,Credit card,62.92,1059.33,No
CUST06660,Female,0,No,No,6,No,Yes,DSL,No internet,No,Yes,No,Yes,Yes,Two year,Yes,Electronic check,82.91,568.86,Yes
CUST06661,Female,0,No,No,24,Yes,No phone service,DSL,No,No,No internet,Yes,No internet,No internet,Month-to-month,No,Bank transfer,57.31,1494.92,Yes
CUST06662,Male,0,No,No,51,Yes,Yes,DSL,No internet,No internet,No internet,No internet,Yes,No,Two year,Yes,Electronic check,81.13,4140.43,No
CUST06663,Male,0,No,Yes,7,Yes,No,No,No internet,No internet,No,No,No,Yes,One year,Yes,Electronic check,46.24,290.0,No
CUST06664,Male,1,No,No,42,Yes,No,DSL,No,Yes,No,Yes,No,Yes,One year,No,Electronic check,106.53,4555.4,No
CUST06665,Female,0,No,Yes,26,Yes,Yes,DSL,No internet,Yes,No internet,No,No,No,Two year,No,Credit card,54.41,1449.31,No
CUST06666,Male,0,No,No,0,Yes,No,No,No,No internet,No,Yes,No internet,Yes,Month-to-month,No,Electronic check,43.88,161.5,Yes
CUST06667,Male,0,No,No,11,Yes,No,DSL,No internet,Yes,No,No,No,No,Month-to-month,Yes,Bank transfer,31.62,302.2,Yes
CUST06668,Female,0,No,No,17,No,No,Fiber optic,Yes,No internet,Yes,No,Yes,No,Month-to-month,No,Electronic check,30.41,591.86,Yes
CUST06669,Female,0,Yes,No,31,No,No,DSL,Yes,Yes,No,No internet,No,No,Month-to-month,Yes,Mailed check,62.26,1972.24,No
CUST06670,Male,0,Yes,No,8,Yes,No,Fiber optic,No,Yes,No,No,Yes,No,Month-to-month,Yes,Mailed check,45.65,370.08,Yes
CUST06671,Female,0,Yes,No,72,Yes,No phone service,DSL,No,No,No,No internet,No internet,No internet,Month-to-month,No,Electronic check,93.54,6675.78,Yes
CUST06672,Male,0,Yes,No,27,Yes,Yes,Fiber optic,No,Yes,Yes,No internet,Yes,No internet,One year,Yes,Credit card,71.37,2002.67,No
CUST06673,Female,0,Yes,No,11,Yes,Yes,Fiber optic,Yes,Yes,No,No,Yes,Yes,Month-to-month,No,Bank transfer,58.47,802.95,Yes
CUST06674,Male,0,Yes,No,2,Yes,Yes,No,No internet,No,No internet,No,Yes,No internet,One year,Yes,Electronic check,58.25,0.0,No
CUST06675,Male,0,No,No,4,Yes,No,Fiber optic,No,Yes,No internet,No,No internet,No internet,One year,No,Bank transfer,61.27,261.18,No
CUST06676,Male,0,Yes,No,16,Yes,No,No,Yes,Yes,No,No,No internet,No internet,Two year,Yes,Mailed check,64.23,,No
CUST06677,Male,0,Yes,No,16,Yes,Yes,Fiber optic,No,Yes,No,Yes,Yes,Yes,One year,No,Bank transfer,49.4,705.86,No
CUST06678,Female,0,No,No,35,Yes,Yes,Fiber optic,No internet,No,Yes,No,No,Yes,Two year,No,Bank transfer,55.23,1977.7,No
CUST06679,Female,0,No,No,31,Yes,Yes,No,No internet,No internet,Yes,No internet,No,Yes,Month-to-month,No,Electronic check,61.62,1946.24,Yes
CUST06680,Female,0,No,No,5,Yes,No,DSL,No,Yes,Yes,No,No internet,No,One year,Yes,Credit card,46.57,305.35,No
CUST06681,Female,0,No,No,21,Yes,No,DSL,Yes,No,No internet,No,Yes,Yes,Month-to-month,No,Electronic check,63.2,1293.27,Yes
CUST06682,Male,0,Yes,No,0,Yes,No,Fiber optic,No internet,No,No,No,Yes,Yes,One year,Yes,Electronic check,65.01,0.0,No
CUST06683,Male,0,Yes,Yes,12,Yes,No,Fiber optic,No internet,Yes,No,No,Yes,Yes,Month-to-month,Yes,Bank transfer,51.05,615.27,Yes
CUST06684,Female,0,Yes,No,34,Yes,Yes,Fiber optic,Yes,Yes,No internet,No,No,Yes,One year,No,Electronic check,69.74,2501.35,No
CUST06685,Female,0,Yes,No,12,Yes,No,Fiber optic,Yes,Yes,Yes,No internet,No,No,Month-to-month,Yes,Electronic check,85.6,,Yes
CUST06686,Female,1,Yes,Yes,43,Yes,No,No,No,No,No,Yes,No internet,No,Month-to-month,Yes,Electronic check,86.44,3585.64,Yes
CUST06687,Female,1,No,No,72,Yes,No,DSL,No,No internet,No internet,Yes,No,Yes,One year,No,Credit card,103.57,7440.67,No
CUST06688,Female,0,Yes,No,22,Yes,No,Fiber optic,No,No,Yes,Yes,No,No internet,Two year,Yes,Electronic check,85.87,1878.09,Yes
CUST06689,Male,0,Yes,No,3,Yes,No,DSL,No,Yes,Yes,No,Yes,Yes,Month-to-month,No,Electronic check,48.46,204.61,No
CUST06690,Male,0,Yes,No,11,Yes,Yes,No,Yes,Yes,Yes,No,Yes,No internet,Two year,No,Electronic check,65.17,706.72,No
CUST06691,Male,0,No,No,0,Yes,No phone service,DSL,No,No internet,No internet,Yes,No internet,Yes,Month-to-month,Yes,Mailed check,37.17,0.0,Yes
CUST06692,Female,0,Yes,No,22,No,Yes,DSL,Yes,Yes,No,No internet,Yes,No internet,One year,Yes,Bank transfer,55.6,1165.05,No
CUST06693,Female,1,Yes,Yes,41,Yes,No,No,No,No,Yes,No,Yes,No internet,Two year,No,Mailed check,75.16,3323.49,No
CUST06694,Female,0,Yes,No,23,Yes,Yes,Fiber optic,No,Yes,No,No,Yes,No,Month-to-month,No,Bank transfer,68.59,1400.13,Yes
CUST06695,Female,1,Yes,No,37,Yes,Yes,No,Yes,Yes,Yes,No,No,No,Month-to-month,Yes,Bank transfer,109.71,4062.11,No
CUST06696,Male,0,Yes,No,38,Yes,No,Fiber optic,No,Yes,Yes,No,No,No,Month-to-month,Yes,Mailed check,57.22,2187.27,Yes
CUST06697,Male,0,No,No,45,Yes,Yes,Fiber optic,No,No internet,No internet,Yes,No,No internet,Month-to-month,Yes,Mailed check,89.21,4079.32,No
CUST06698,Female,0,Yes,Yes,7,No,Yes,No,Yes,No,Yes,No,No internet,No,One year,No,Bank transfer,66.29,423.77,No
CUST06699,Male,0,No,No,49,Yes,Yes,No,No,Yes,No internet,No internet,Yes,Yes,One year,No,Mailed check,78.0,3778.73,No
CUST06700,Male,0,No,No,25,Yes,No,Fiber optic,No,Yes,No internet,No,Yes,No,Two year,Yes,Credit card,66.58,1717.87,Yes
CUST06701,Female,0,No,Yes,8,Yes,No,No,Yes,No,No,Yes,No,Yes,Month-to-month,No,Credit card,64.76,481.14,No
CUST06702,Female,0,Yes,No,72,Yes,Yes,No,No,Yes,No internet,Yes,Yes,Yes,Month-to-month,No,Bank transfer,86.38,6152.44,Yes
CUST06703,Female,0,Yes,No,71,Yes,No,Fiber optic,No,No,Yes,No,No,No internet,Month-to-month,Yes,Credit card,79.08,5725.1,Yes
CUST06704,Female,0,Yes,No,20,Yes,No phone service,No,Yes,No internet,No internet,No,No internet,No,Two year,No,Bank transfer,76.79,1433.78,No
CUST06705,Female,0,No,No,44,Yes,Yes,DSL,No,No,Yes,No internet,No,No,Month-to-month,No,Electronic check,69.96,3006.79,No
CUST06706,Female,0,Yes,Yes,7,Yes,No,No,No,No internet,No,No,Yes,Yes,Two year,No,Mailed check,55.54,424.24,No
CUST06707,Male,0,Yes,No,12,Yes,No,DSL,No,No internet,No internet,No,No internet,No,Month-to-month,Yes,Electronic check,40.99,565.18,No
CUST06708,Male,0,No,Yes,4,Yes,Yes,DSL,Yes,No,No,No internet,No,No,One year,Yes,Electronic check,50.98,,No
CUST06709,Female,0,No,No,17,Yes,No,No,No internet,No internet,No,Yes,No internet,No internet,Month-to-month,No,Mailed check,37.13,678.18,No
CUST06710,Male,1,No,No,16,Yes,Yes,No,No,Yes,Yes,No,No internet,No,Two year,Yes,Electronic check,70.18,1143.43,No
CUST06711,Female,0,Yes,No,5,Yes,No,DSL,Yes,Yes,No internet,No,No,No internet,One year,Yes,Electronic check,31.12,126.57,No
CUST06712,Female,0,No,No,26,No,Yes,Fiber optic,Yes,No,Yes,No internet,No,Yes,One year,Yes,Mailed check,36.86,860.72,No
CUST06713,Female,0,Yes,Yes,3,No,No,Fiber optic,Yes,Yes,No internet,No,Yes,No,One year,No,Electronic check,29.72,187.9,No
CUST06714,Female,1,No,No,1,Yes,Yes,DSL,No internet,Yes,No internet,No,Yes,Yes,Month-to-month,Yes,Electronic check,67.34,0.0,Yes
CUST06715,Male,0,Yes,No,11,Yes,No,DSL,No,No,Yes,No,No,Yes,Month-to-month,No,Bank transfer,40.96,718.92,Yes
CUST06716,Female,0,Yes,No,12,Yes,No,Fiber optic,No internet,No internet,No,No internet,No,No,Two year,Yes,Mailed check,54.08,597.01,No
CUST06717,Male,0,No,Yes,9,Yes,No,Fiber optic,No,No internet,Yes,Yes,No,Yes,Month-to-month,No,Credit card,44.93,564.58,Yes
CUST06718,Female,0,No,No,7,Yes,No phone service,Fiber optic,No,No,No,No,No,Yes,Two year,Yes,Credit card,59.92,528.72,Yes
CUST06719,Female,0,Yes,No,9,Yes,Yes,DSL,No internet,No internet,No,No,Yes,No internet,One year,Yes,Bank transfer,28.04,223.23,No
CUST06720,Female,0,Yes,No,4,No,No,No,Yes,No internet,Yes,No internet,Yes,Yes,Month-to-month,Yes,Mailed check,51.21,308.19,Yes
CUST06721,Male,0,No,No,12,Yes,No,Fiber optic,No,Yes,No internet,No internet,Yes,No,One year,No,Bank transfer,49.84,695.59,No
CUST06722,Female,1,No,No,56,Yes,Yes,No,Yes,No,No,Yes,No,No,One year,Yes,Electronic check,99.02,5511.86,No
CUST06723,Female,0,No,No,6,Yes,Yes,Fiber optic,No,No,Yes,No,Yes,No,One year,No,Bank transfer,62.1,200.8,Yes
CUST06724,Female,0,No,No,27,Yes,No,Fiber optic,No,Yes,No,No,No internet,Yes,Two year,No,Mailed check,31.37,695.77,No
CUST06725,Male,0,Yes,Yes,3,Yes,Yes,DSL,No,Yes,Yes,No internet,No,Yes,Month-to-month,Yes,Bank transfer,69.11,266.68,No
CUST06726,Male,0,No,No,10,Yes,No,DSL,No internet,No,No,No,No internet,No,Two year,No,Bank transfer,70.51,703.12,No
CUST06727,Male,0,No,No,9,No,No,Fiber optic,Yes,No,No,Yes,No,No,Month-to-month,Yes,Mailed check,61.38,570.89,Yes
CUST06728,Female,0,No,Yes,66,No,No phone service,Fiber optic,No,No internet,Yes,No,Yes,No internet,Two year,No,Bank transfer,62.13,4200.96,No
CUST06729,Male,0,Yes,Yes,13,Yes,Yes,Fiber optic,No internet,No,Yes,No,Yes,No,Month-to-month,Yes,Electronic check,64.16,796.68,Yes
CUST06730,Female,0,No,Yes,28,Yes,Yes,No,No,Yes,No,No,Yes,No internet,Month-to-month,No,Bank transfer,74.5,2160.87,No
CUST06731,Male,0,No,No,22,Yes,No,Fiber optic,No,Yes,No,No,No,No,One year,No,Mailed check,56.22,1174.29,No
CUST06732,Male,1,No,Yes,3,Yes,No,DSL,No,No,Yes,No,No internet,No internet,Month-to-month,Yes,Mailed check,75.66,236.15,Yes
CUST06733,Female,0,No,Yes,67,Yes,No,No,No,No,No,Yes,No,No,Two year,Yes,Mailed check,108.79,7307.46,No
CUST06734,Male,0,No,No,10,Yes,Yes,Fiber optic,No internet,Yes,No,No,Yes,No,Month-to-month,Yes,Electronic check,49.11,384.34,Yes
CUST06735,Female,0,No,No,1,Yes,No,DSL,No,No,Yes,No,Yes,Yes,Month-to-month,No,Electronic check,37.11,36.46,Yes
CUST06736,Female,0,Yes,No,8,Yes,No,DSL,No,No,No,No,No internet,Yes,Month-to-month,Yes,Bank transfer,50.89,492.49,Yes
CUST06737,Male,0,Yes,No,9,Yes,Yes,DSL,Yes,No internet,Yes,Yes,No,Yes,Month-to-month,Yes,Mailed check,62.44,613.05,No
CUST06738,Female,0,No,No,2,Yes,No,DSL,Yes,No,No,No internet,Yes,Yes,One year,Yes,Electronic check,50.78,247.13,No
CUST06739,Female,0,No,No,23,Yes,Yes,No,No internet,No internet,Yes,No internet,No internet,Yes,Month-to-month,No,Electronic check,47.12,1037.01,No
CUST06740,Male,0,Yes,No,10,Yes,No,Fiber optic,No,No,No,No,No,Yes,Month-to-month,Yes,Bank transfer,72.46,875.75,Yes
CUST06741,Male,0,No,No,23,No,Yes,No,No,Yes,No internet,No,No internet,Yes,Month-to-month,Yes,Credit card,58.94,1377.6,Yes
CUST06742,Female,0,Yes,No,0,Yes,Yes,No,No,No,No,No internet,No,Yes,Month-to-month,No,Electronic check,59.07,0.0,Yes
CUST06743,Male,0,Yes,Yes,72,Yes,No,DSL,No internet,No,No,No,No,No,Month-to-month,No,Mailed check,95.66,6903.85,Yes
CUST06744,Female,0,Yes,No,4,Yes,Yes,Fiber optic,No,Yes,No,Yes,No,Yes,One year,No,Credit card,49.29,125.39,Yes
CUST06745,Female,1,No,No,25,No,Yes,No,No,No,Yes,No,No,Yes,Two year,Yes,Electronic check,81.84,2077.11,No
CUST06746,Male,0,Yes,No,30,Yes,Yes,DSL,Yes,Yes,Yes,No,Yes,No internet,Two year,Yes,Electronic check,90.98,2565.13,Yes
CUST06747,Male,0,No,No,4,Yes,No,DSL,No,No internet,No internet,No,No internet,Yes,Two year,Yes,Credit card,65.71,386.93,No
CUST06748,Male,1,No,No,2,Yes,Yes,Fiber optic,Yes,No,No internet,No internet,No internet,Yes,Two year,Yes,Electronic check,36.71,9.1,No
CUST06749,Male,0,No,No,3,Yes,Yes,Fiber optic,No internet,Yes,No,No,Yes,No internet,Month-to-month,Yes,Bank transfer,48.86,150.21,Yes
CUST06750,Female,0,Yes,No,6,Yes,No phone service,DSL,No,Yes,Yes,No internet,No internet,Yes,Month-to-month,No,Mailed check,42.62,375.67,Yes
CUST06751,Female,0,No,No,4,Yes,Yes,Fiber optic,Yes,No internet,No internet,Yes,No internet,No,Two year,No,Electronic check,70.06,217.47,No
CUST06752,Male,0,Yes,No,26,Yes,Yes,DSL,Yes,No internet,Yes,No,Yes,No internet,One year,No,Electronic check,62.96,1704.63,No
CUST06753,Male,0,Yes,No,13,Yes,Yes,DSL,Yes,No,No internet,No,Yes,No,Month-to-month,Yes,Mailed check,54.26,821.19,No
CUST06754,Female,1,No,No,18,Yes,No phone service,DSL,No,Yes,No,No internet,No,No internet,One year,No,Bank transfer,46.51,851.32,No
CUST06755,Female,0,No,No,1,Yes,No,DSL,Yes,No,Yes,Yes,No,No,Two year,Yes,Electronic check,96.42,135.52,Yes
CUST06756,Female,0,Yes,No,47,Yes,Yes,DSL,Yes,No,No internet,No,No internet,No,Two year,Yes,Bank transfer,75.12,3661.46,No
CUST06757,Female,0,No,Yes,4,Yes,No,Fiber optic,No,No,No,No internet,Yes,No,Month-to-month,Yes,Mailed check,49.73,83.34,Yes
CUST06758,Male,1,No,No,10,Yes,No,No,No internet,No internet,Yes,No,No,Yes,Two year,Yes,Mailed check,42.31,542.66,No
CUST06759,Female,0,No,Yes,1,Yes,No phone service,No,Yes,No,No,Yes,No,Yes,Two year,Yes,Bank transfer,53.12,0.0,No
CUST06760,Female,0,No,No,3,Yes,No,No,No,Yes,No internet,No internet,No internet,No internet,Month-to-month,Yes,Electronic check,50.67,99.96,Yes
CUST06761,Male,0,Yes,No,26,Yes,Yes,Fiber optic,No,No,Yes,No,Yes,No internet,Two year,Yes,Mailed check,64.93,1886.24,No
CUST06762,Female,0,No,No,28,Yes,No,No,No internet,No,Yes,No,Yes,Yes,Two year,Yes,Mailed check,43.12,1304.07,No
CUST06763,Female,1,Yes,No,27,Yes,Yes,No,No,Yes,No internet,No,Yes,No,Month-to-month,Yes,Mailed check,48.5,1311.13,No
CUST06764,Male,0,No,No,19,No,No,Fiber optic,No,No internet,No,Yes,No,Yes,One year,No,Mailed check,84.9,1818.92,Yes
CUST06765,Male,0,Yes,No,72,Yes,No,Fiber optic,No internet,Yes,No internet,No,No,Yes,Month-to-month,No,Bank transfer,68.46,4819.05,Yes
CUST06766,Male,0,Yes,No,16,Yes,No,DSL,No,No,Yes,No,No,No,One year,No,Bank transfer,65.87,,No
CUST06767,Female,0,No,No,14,Yes,Yes,DSL,No internet,Yes,No,No,No internet,No,Two year,No,Bank transfer,52.78,728.67,No
CUST06768,Female,0,Yes,Yes,6,Yes,Yes,DSL,No,Yes,Yes,Yes,Yes,No,Month-to-month,No,Credit card,67.93,409.89,Yes
CUST06769,Male,0,Yes,Yes,2,Yes,Yes,Fiber optic,No,Yes,No internet,No,No,No internet,Month-to-month,No,Credit card,53.86,183.06,Yes
CUST06770,Male,0,Yes,No,19,Yes,No phone service,DSL,No,No,Yes,No,No,Yes,Two year,No,Mailed check,60.88,1220.93,No
CUST06771,Female,0,No,Yes,9,Yes,Yes,No,Yes,Yes,Yes,No,No internet,No internet,Two year,No,Mailed check,56.64,520.52,No
CUST06772,Male,1,No,No,17,Yes,No,Fiber optic,No,No,No,Yes,No,No,Month-to-month,No,Bank transfer,56.94,1043.53,Yes
CUST06773,Male,0,Yes,Yes,5,Yes,Yes,DSL,Yes,Yes,No,No,Yes,No,Two year,Yes,Electronic check,35.09,313.15,No
CUST06774,Male,1,Yes,No,43,Yes,Yes,Fiber optic,No,Yes,Yes,No,No internet,No,Month-to-month,No,Mailed check,77.84,3381.61,Yes
CUST06775,Female,0,Yes,No,72,Yes,Yes,Fiber optic,No internet,No,Yes,No,No internet,Yes,Month-to-month,No,Mailed check,63.04,4620.93,Yes
CUST06776,Female,0,Yes,No,9,Yes,No,DSL,Yes,No internet,Yes,Yes,Yes,Yes,Two year,Yes,Credit card,22.71,226.36,No
CUST06777,Female,0,No,Yes,44,Yes,No,DSL,Yes,No,No internet,No internet,No internet,No,Two year,Yes,Credit card,74.17,3215.77,No
CUST06778,Female,0,Yes,Yes,49,Yes,No,Fiber optic,No,No internet,No,No,No internet,No,One year,Yes,Credit card,70.4,3454.39,Yes
CUST06779,Female,0,Yes,No,72,Yes,No,No,No,No internet,Yes,No,No,Yes,Month-to-month,No,Mailed check,100.64,7314.73,Yes
CUST06780,Female,0,Yes,Yes,10,Yes,Yes,Fiber optic,Yes,Yes,Yes,No internet,No,No,Month-to-month,No,Mailed check,67.66,500.81,Yes
CUST06781,Male,0,Yes,No,33,Yes,No,Fiber optic,No internet,No,No internet,No,Yes,Yes,Two year,Yes,Electronic check,74.25,2480.83,No
CUST06782,Female,1,Yes,No,6,Yes,No,Fiber optic,No internet,Yes,No,Yes,Yes,Yes,Month-to-month,Yes,Credit card,70.53,492.54,Yes
CUST06783,Female,0,No,Yes,23,Yes,No,Fiber optic,No internet,No internet,Yes,No,Yes,No internet,Month-to-month,No,Bank transfer,49.63,1151.29,Yes
CUST06784,Male,0,Yes,No,29,Yes,No,DSL,No,Yes,Yes,No,Yes,Yes,Two year,No,Bank transfer,71.6,1980.73,No
CUST06785,Female,0,Yes,No,32,Yes,Yes,DSL,Yes,No,Yes,No,No,Yes,One year,Yes,Electronic check,56.84,1889.85,No
CUST06786,Female,0,No,No,5,Yes,No phone service,No,No,No internet,Yes,No,Yes,No,Month-to-month,No,Mailed check,61.23,242.37,Yes
CUST06787,Male,0,Yes,No,45,Yes,No phone service,No,No,No internet,No,No,Yes,Yes,Month-to-month,Yes,Mailed check,113.83,5292.94,Yes
CUST06788,Male,0,No,No,13,Yes,No,Fiber optic,Yes,Yes,No,No,Yes,No internet,Two year,Yes,Electronic check,20.44,371.8,No
CUST06789,Male,0,No,No,5,No,Yes,Fiber optic,No,Yes,No internet,No,No,No,Two year,No,Mailed check,63.54,343.12,Yes
CUST06790,Female,0,Yes,No,18,Yes,No,DSL,No,No internet,Yes,No internet,Yes,No internet,Month-to-month,No,Electronic check,60.09,1055.07,No
CUST06791,Male,0,No,Yes,47,Yes,Yes,Fiber optic,No,Yes,Yes,No,Yes,Yes,One year,Yes,Credit card,64.18,2871.21,No
CUST06792,Female,0,Yes,No,72,Yes,Yes,DSL,No,No internet,Yes,Yes,No internet,No internet,Month-to-month,Yes,Bank transfer,97.24,7183.2,Yes
CUST06793,Female,0,No,No,33,No,No phone service,DSL,No,No internet,No,No,Yes,Yes,Two year,Yes,Bank transfer,47.57,1510.35,No
CUST06794,Female,0,No,No,0,Yes,No,DSL,No,Yes,No internet,No,No,No internet,Month-to-month,No,Electronic check,80.81,165.73,Yes
CUST06795,Female,1,No,No,3,Yes,No,Fiber optic,Yes,Yes,No internet,Yes,No internet,No internet,One year,No,Electronic check,77.41,11.43,No
CUST06796,Male,1,No,No,1,Yes,No phone service,Fiber optic,No,Yes,Yes,No internet,Yes,No internet,Month-to-month,Yes,Electronic check,52.18,45.09,Yes
CUST06797,Male,0,No,No,2,Yes,No,Fiber optic,No,Yes,No,No,No,No internet,Month-to-month,Yes,Mailed check,22.08,0.0,Yes
CUST06798,Female,0,No,No,11,Yes,No,Fiber optic,Yes,No,No,No internet,No,No,Two year,Yes,Credit card,46.12,409.67,Yes
CUST06799,Male,1,No,No,9,Yes,Yes,No,No,No,Yes,No,No,No internet,Month-to-month,No,Electronic check,85.97,806.07,Yes
CUST06800,Female,1,Yes,No,2,Yes,Yes,No,No,No,Yes,No,No internet,Yes,Two year,Yes,Electronic check,89.81,343.12,No
CUST06801,Female,0,No,No,51,Yes,No,Fiber optic,No internet,No,Yes,No,Yes,Yes,Month-to-month,Yes,Electronic check,71.94,3629.19,Yes
CUST06802,Female,0,Yes,No,22,No,No phone service,Fiber optic,No,Yes,Yes,No internet,No,Yes,Month-to-month,No,Bank transfer,71.67,1599.06,No
CUST06803,Male,1,Yes,Yes,38,Yes,No,No,No,Yes,No,Yes,No,No,Month-to-month,Yes,Credit card,72.83,2691.75,Yes
CUST06804,Female,0,No,No,11,Yes,Yes,No,Yes,No,No,No internet,No internet,Yes,Month-to-month,Yes,Bank transfer,51.17,471.73,Yes
CUST06805,Female,0,Yes,Yes,12,Yes,No,Fiber optic,No internet,No internet,Yes,No,No,No internet,Month-to-month,Yes,Mailed check,42.88,298.73,Yes
CUST06806,Male,1,Yes,Yes,9,Yes,Yes,Fiber optic,No internet,No,No internet,No,No internet,Yes,Two year,No,Electronic check,85.48,700.75,Yes
CUST06807,Male,0,No,No,13,Yes,Yes,No,No,No internet,No,No,Yes,No internet,One year,No,Bank transfer,45.88,573.42,No
CUST06808,Male,1,Yes,No,22,Yes,No phone service,DSL,No internet,Yes,No internet,No,Yes,Yes,Two year,Yes,Electronic check,76.94,1549.14,No
CUST06809,Male,0,Yes,No,16,Yes,Yes,No,No,No internet,No,No,No internet,Yes,Month-to-month,Yes,Mailed check,60.61,1157.67,Yes
CUST06810,Female,1,No,No,43,Yes,No,No,No internet,Yes,No,No,Yes,No,Month-to-month,Yes,Electronic check,120.0,5209.68,Yes
CUST06811,Male,0,No,No,55,Yes,Yes,Fiber optic,Yes,No internet,Yes,Yes,No,Yes,Month-to-month,Yes,Mailed check,77.98,4361.87,Yes
CUST06812,Female,1,No,No,15,Yes,No,Fiber optic,Yes,No internet,No internet,No internet,Yes,No,Two year,Yes,Electronic check,59.93,750.94,Yes
CUST06813,Male,0,Yes,Yes,6,No,No,DSL,No,No,Yes,No internet,No,No internet,Month-to-month,Yes,Bank transfer,42.05,297.12,Yes
CUST06814,Male,0,Yes,No,69,Yes,Yes,DSL,Yes,No,No internet,No,No internet,Yes,Month-to-month,No,Electronic check,98.21,6929.51,Yes
CUST06815,Male,0,No,No,31,Yes,Yes,Fiber optic,No internet,No,Yes,Yes,No,No internet,Month-to-month,No,Credit card,95.84,2963.07,No
CUST06816,Male,0,Yes,No,24,Yes,Yes,No,No internet,No,Yes,No,No,No internet,Month-to-month,No,Credit card,89.13,2173.84,Yes
CUST06817,Male,0,No,Yes,32,Yes,No,DSL,No,No,No,No,No internet,Yes,Month-to-month,No,Mailed check,58.65,1851.49,No
CUST06818,Male,0,No,Yes,1,Yes,No,DSL,Yes,No internet,No,Yes,Yes,No,Month-to-month,No,Electronic check,62.68,106.89,Yes
CUST06819,Female,0,Yes,No,1,Yes,Yes,DSL,No,No,No,No,No,Yes,Month-to-month,No,Bank transfer,34.91,35.73,Yes
CUST06820,Male,0,Yes,No,3,Yes,Yes,Fiber optic,Yes,Yes,No,No internet,No,No internet,Month-to-month,No,Credit card,51.15,125.22,Yes
CUST06821,Male,0,Yes,No,3,Yes,Yes,Fiber optic,No internet,Yes,No,No,Yes,No,Two year,Yes,Electronic check,30.91,133.16,Yes
CUST06822,Male,1,No,Yes,13,Yes,Yes,DSL,No,No,Yes,No,Yes,Yes,Two year,Yes,Credit card,67.18,872.61,No
CUST06823,Male,0,Yes,No,4,Yes,No,DSL,Yes,No,No internet,No internet,No,No,One year,Yes,Bank transfer,36.82,180.99,No
CUST06824,Female,0,Yes,No,46,Yes,No,Fiber optic,No,Yes,No,No,No,Yes,Month-to-month,No,Credit card,71.99,3304.44,No
CUST06825,Male,0,No,No,20,Yes,Yes,DSL,Yes,Yes,Yes,Yes,No internet,No internet,Month-to-month,Yes,Credit card,79.89,1706.82,Yes
CUST06826,Male,0,No,No,11,No,No,DSL,Yes,No,Yes,No,Yes,Yes,Two year,Yes,Electronic check,42.76,659.09,No
CUST06827,Male,0,Yes,Yes,1,Yes,No,DSL,Yes,No,No,No,Yes,Yes,Month-to-month,No,Mailed check,44.45,70.69,Yes
CUST06828,Male,0,No,No,21,Yes,No,No,No internet,No internet,Yes,No,No,Yes,Month-to-month,Yes,Electronic check,74.85,1624.43,No
CUST06829,Female,1,Yes,Yes,2,Yes,No,Fiber optic,No,No internet,No internet,No,No,Yes,Two year,No,Electronic check,55.32,70.18,No
CUST06830,Male,0,No,No,32,Yes,No,Fiber optic,No,No,No internet,No,No,No,Two year,Yes,Bank transfer,47.95,1598.71,No
CUST06831,Female,0,No,Yes,38,Yes,No,DSL,Yes,No,Yes,No,No,No,Two year,No,Credit card,62.76,2228.99,No
CUST06832,Male,0,Yes,No,18,Yes,No,Fiber optic,No,No internet,No internet,Yes,Yes,No,Two year,No,Credit card,59.38,1121.63,No
CUST06833,Female,0,No,No,3,Yes,No,Fiber optic,No,No,No internet,Yes,No,No,Two year,No,Electronic check,60.77,89.96,No
CUST06834,Female,0,Yes,No,37,Yes,No,DSL,No,Yes,No internet,No,No,No,One year,Yes,Electronic check,41.57,1675.23,No
CUST06835,Male,0,No,No,8,Yes,Yes,No,No,No internet,Yes,No internet,No,No,Month-to-month,No,Mailed check,62.53,583.78,Yes
CUST06836,Male,0,Yes,Yes,6,Yes,Yes,No,Yes,No internet,No,Yes,No,No,Two year,Yes,Electronic check,55.95,321.82,No
CUST06837,Female,0,Yes,No,15,Yes,Yes,No,No internet,Yes,No,No internet,Yes,No internet,Two year,Yes,Electronic check,25.95,451.04,No
CUST06838,Female,0,Yes,No,61,Yes,Yes,Fiber optic,Yes,No internet,No,No,No,Yes,Month-to-month,Yes,Credit card,76.48,4856.16,Yes
CUST06839,Male,1,Yes,No,8,Yes,No,DSL,No internet,Yes,No,No internet,No internet,No internet,Month-to-month,No,Credit card,65.64,515.77,No
CUST06840,Female,0,No,No,56,Yes,No phone service,Fiber optic,No,Yes,Yes,Yes,Yes,Yes,Month-to-month,Yes,Credit card,64.95,3670.23,Yes
CUST06841,Female,0,No,Yes,1,Yes,No,DSL,No internet,No,Yes,Yes,Yes,Yes,Two year,Yes,Mailed check,34.71,84.52,No
CUST06842,Female,0,No,No,2,Yes,No,DSL,No,No,No,No,Yes,No internet,One year,Yes,Mailed check,50.2,157.84,No
CUST06843,Male,0,Yes,No,28,Yes,Yes,Fiber optic,No internet,No,No internet,No internet,Yes,No,Month-to-month,Yes,Bank transfer,63.61,1750.06,Yes
CUST06844,Female,1,Yes,No,5,Yes,No,Fiber optic,Yes,No,Yes,No,No internet,Yes,Month-to-month,Yes,Electronic check,30.54,237.09,Yes
CUST06845,Female,0,No,No,9,Yes,Yes,DSL,Yes,Yes,No,No internet,No internet,Yes,Two year,Yes,Credit card,44.06,398.21,No
CUST06846,Female,0,Yes,No,3,Yes,No,Fiber optic,No,No,Yes,No,No,No internet,One year,No,Electronic check,39.3,136.78,No
CUST06847,Male,1,No,Yes,9,Yes,No,Fiber optic,No,No internet,No,Yes,No internet,No,Month-to-month,No,Credit card,44.39,343.83,Yes
CUST06848,Male,0,No,No,7,Yes,No phone service,No,No internet,Yes,Yes,No internet,Yes,Yes,Month-to-month,Yes,Bank transfer,66.35,571.25,Yes
CUST06849,Female,0,Yes,No,31,Yes,No,Fiber optic,No,No,No,Yes,No,Yes,Month-to-month,No,Electronic check,79.63,2380.74,Yes
CUST06850,Male,0,No,Yes,29,Yes,Yes,DSL,No internet,No,No,No,No,No,Month-to-month,Yes,Bank transfer,42.66,1090.3,Yes
CUST06851,Female,0,No,Yes,72,Yes,Yes,No,No,No,Yes,No internet,Yes,No internet,One year,Yes,Electronic check,83.31,5790.17,No
CUST06852,Male,0,No,No,30,Yes,No,No,No internet,No,No,Yes,No,Yes,Month-to-month,Yes,Bank transfer,71.48,2225.83,Yes
CUST06853,Male,0,Yes,Yes,28,Yes,No,Fiber optic,No,Yes,No,No,No internet,Yes,Month-to-month,No,Bank transfer,78.87,2159.79,Yes
CUST06854,Female,0,Yes,Yes,28,Yes,No,No,Yes,No internet,No,Yes,No internet,No,One year,No,Bank transfer,77.09,2098.03,No
CUST06855,Male,0,Yes,No,51,Yes,Yes,DSL,Yes,Yes,No,No,Yes,Yes,Month-to-month,Yes,Credit card,70.17,3581.37,Yes
CUST06856,Male,0,Yes,No,8,Yes,Yes,No,No,Yes,No internet,No internet,No internet,No internet,Two year,Yes,Electronic check,55.31,320.78,No
CUST06857,Male,0,Yes,Yes,8,Yes,Yes,DSL,No internet,No,Yes,No,No,No,Month-to-month,Yes,Mailed check,70.4,600.14,Yes
CUST06858,Female,0,No,No,32,Yes,No,Fiber optic,Yes,No,No internet,Yes,No,No,Month-to-month,Yes,Credit card,59.8,2140.58,Yes
CUST06859,Male,0,No,No,6,Yes,Yes,Fiber optic,No,No internet,Yes,Yes,Yes,Yes,Month-to-month,Yes,Mailed check,39.2,307.65,Yes
CUST06860,Male,1,No,No,58,Yes,No,Fiber optic,No,Yes,Yes,No internet,No,No internet,Month-to-month,No,Credit card,105.91,6183.15,Yes
CUST06861,Female,1,Yes,No,18,Yes,Yes,DSL,No internet,No internet,No internet,No internet,Yes,No,Month-to-month,Yes,Mailed check,53.31,1049.8,No
CUST06862,Male,1,No,No,8,Yes,No,Fiber optic,No internet,No internet,No internet,Yes,No,No,Month-to-month,No,Credit card,38.13,552.32,No
CUST06863,Male,1,Yes,Yes,35,Yes,No,No,Yes,No,No,Yes,Yes,Yes,One year,Yes,Credit card,81.84,2825.39,No
CUST06864,Male,0,No,No,8,Yes,Yes,No,No,Yes,No,Yes,Yes,Yes,Month-to-month,No,Credit card,64.75,479.49,Yes
CUST06865,Male,0,No,Yes,72,No,Yes,Fiber optic,No,No,Yes,No,No,No,Month-to-month,Yes,Credit card,104.27,7452.19,Yes
CUST06866,Male,0,No,Yes,72,Yes,No,Fiber optic,No,Yes,Yes,No,No,Yes,Two year,No,Electronic check,95.96,6761.43,No
CUST06867,Female,0,No,No,26,Yes,No phone service,No,Yes,No internet,Yes,No,No,No,Month-to-month,No,Mailed check,74.82,1960.6,Yes
CUST06868,Female,0,No,Yes,2,Yes,Yes,DSL,No internet,No,Yes,Yes,No,No internet,Two year,No,Electronic check,34.22,71.58,No
CUST06869,Male,0,Yes,No,7,Yes,No,No,Yes,No,No,No internet,No internet,No,Month-to-month,Yes,Electronic check,59.21,445.69,Yes
CUST06870,Male,0,Yes,No,17,Yes,No phone service,DSL,No,No internet,No,No internet,Yes,Yes,Month-to-month,Yes,Mailed check,67.12,1037.97,Yes
CUST06871,Male,1,Yes,No,45,Yes,No,No,Yes,No,No,No,Yes,No,Month-to-month,No,Credit card,73.33,3110.01,Yes
CUST06872,Female,0,Yes,Yes,4,Yes,No,No,No,Yes,Yes,No internet,Yes,Yes,Month-to-month,No,Bank transfer,52.11,12.22,No
CUST06873,Female,0,No,No,2,Yes,No phone service,DSL,No internet,Yes,No,No internet,No,No internet,Two year,Yes,Credit card,68.47,168.27,No
CUST06874,Male,1,Yes,No,1,Yes,No phone service,No,Yes,No internet,No internet,No,No,Yes,Month-to-month,Yes,Credit card,73.7,109.95,Yes
CUST06875,Male,0,No,No,16,Yes,No,Fiber optic,No internet,No internet,No internet,No,No,No internet,One year,Yes,Electronic check,76.02,,No
CUST06876,Female,0,Yes,No,51,Yes,No,No,No,No internet,No,No,No,Yes,One year,No,Electronic check,67.68,3568.82,No
CUST06877,Male,0,Yes,Yes,1,Yes,Yes,DSL,No,Yes,Yes,No internet,No,No internet,Month-to-month,No,Electronic check,73.43,0.0,Yes
CUST06878,Female,0,No,Yes,5,Yes,Yes,No,Yes,Yes,Yes,Yes,No internet,Yes,One year,No,Bank transfer,44.36,112.32,No
CUST06879,Female,0,Yes,No,28,Yes,Yes,Fiber optic,No,Yes,No,Yes,Yes,No internet,Month-to-month,Yes,Electronic check,42.12,1231.01,Yes
CUST06880,Male,0,No,Yes,41,Yes,Yes,Fiber optic,Yes,No internet,No,No,No,No,One year,Yes,Bank transfer,68.67,2819.14,No
CUST06881,Female,0,No,No,39,Yes,Yes,Fiber optic,No internet,Yes,No internet,Yes,Yes,Yes,Two year,No,Electronic check,68.04,2751.67,No
CUST06882,Male,0,Yes,No,36,Yes,Yes,Fiber optic,Yes,No,No internet,Yes,Yes,No internet,Month-to-month,Yes,Electronic check,55.24,2126.35,No
CUST06883,Male,1,Yes,No,3,No,Yes,DSL,No,Yes,No,No,Yes,No internet,Month-to-month,Yes,Mailed check,67.32,240.22,Yes
CUST06884,Male,1,Yes,No,12,Yes,Yes,No,No,No internet,No,Yes,No,No,Month-to-month,Yes,Mailed check,102.56,1237.07,No
CUST06885,Male,0,No,No,72,Yes,Yes,DSL,No,No,Yes,No internet,Yes,No internet,Month-to-month,Yes,Credit card,93.53,6632.25,Yes
CUST06886,Male,0,No,No,72,Yes,Yes,No,No internet,No internet,Yes,No,Yes,No internet,Month-to-month,No,Credit card,98.93,7024.97,No
CUST06887,Male,1,Yes,No,22,Yes,No,DSL,Yes,No,No,No,No,Yes,Two year,Yes,Credit card,82.06,1870.07,No
CUST06888,Female,1,No,No,29,Yes,No,No,No internet,No,Yes,Yes,Yes,No internet,Month-to-month,Yes,Electronic check,65.55,1778.19,No
CUST06889,Female,1,Yes,No,72,No,No phone service,No,Yes,No,Yes,No,No,Yes,Month-to-month,Yes,Bank transfer,80.33,5745.77,Yes
CUST06890,Female,1,No,No,14,Yes,No,DSL,Yes,Yes,No internet,No internet,No internet,No internet,Month-to-month,No,Mailed check,64.79,,No
CUST06891,Female,0,No,No,3,Yes,Yes,Fiber optic,No internet,No,No,No internet,No internet,No,Month-to-month,Yes,Electronic check,51.69,55.98,Yes
CUST06892,Male,0,No,No,26,Yes,No,Fiber optic,No,Yes,No,No,No,No,Month-to-month,No,Mailed check,82.5,2126.95,Yes
CUST06893,Female,0,No,Yes,72,Yes,No,Fiber optic,No,No,No internet,Yes,Yes,No,Month-to-month,Yes,Mailed check,74.66,5347.11,Yes
CUST06894,Female,0,Yes,Yes,28,Yes,No,DSL,Yes,No,Yes,No,No internet,No,Month-to-month,Yes,Mailed check,64.45,1864.21,Yes
CUST06895,Female,0,No,Yes,39,No,No,DSL,Yes,No,No,Yes,Yes,Yes,Month-to-month,Yes,Electronic check,69.47,2834.47,Yes
CUST06896,Male,0,Yes,Yes,13,Yes,Yes,No,No,No,Yes,No,Yes,No internet,One year,No,Credit card,52.16,653.92,No
CUST06897,Female,0,No,No,2,Yes,No,Fiber optic,No,Yes,No internet,No,No internet,No internet,Two year,Yes,Bank transfer,59.17,0.0,Yes
CUST06898,Male,0,Yes,Yes,4,Yes,Yes,DSL,No,No,No internet,No,Yes,No,Month-to-month,No,Electronic check,55.56,188.81,Yes
CUST06899,Female,0,No,No,72,Yes,No,Fiber optic,No,No,No,No internet,No,Yes,Two year,No,Credit card,106.64,7773.57,No
CUST06900,Male,0,No,No,16,Yes,Yes,No,No internet,Yes,No,Yes,Yes,No,Month-to-month,Yes,Credit card,60.28,865.66,No
CUST06901,Male,0,No,Yes,0,Yes,Yes,DSL,No internet,Yes,No internet,No,No internet,No,Two year,No,Credit card,20.98,0.0,No
CUST06902,Female,0,Yes,Yes,72,Yes,No,DSL,Yes,Yes,Yes,No,No,Yes,Month-to-month,Yes,Bank transfer,70.76,4951.62,No
CUST06903,Male,0,No,No,16,Yes,No phone service,Fiber optic,No internet,No,No,No internet,No internet,No internet,Two year,Yes,Mailed check,50.05,941.13,No
CUST06904,Male,1,No,No,43,Yes,Yes,No,Yes,Yes,No,Yes,No,No,Two year,Yes,Mailed check,44.43,1683.04,No
CUST06905,Female,0,No,No,19,Yes,No,No,No internet,No,No,No internet,Yes,No internet,Two year,No,Mailed check,43.52,718.35,No
CUST06906,Female,0,Yes,No,2,Yes,Yes,Fiber optic,Yes,No,No,No,No internet,No,Two year,Yes,Credit card,65.68,20.69,No
CUST06907,Female,0,Yes,No,22,Yes,Yes,DSL,No,No internet,No internet,Yes,No,Yes,One year,Yes,Bank transfer,38.13,800.78,No
CUST06908,Male,0,Yes,No,72,No,Yes,No,No,No internet,Yes,No internet,No internet,No,Month-to-month,Yes,Electronic check,93.58,6674.1,Yes
CUST06909,Male,0,Yes,Yes,0,Yes,No,No,Yes,Yes,No,Yes,No internet,No internet,One year,Yes,Bank transfer,30.63,13.2,No
CUST06910,Male,0,Yes,No,44,Yes,No,No,No,Yes,No internet,No,No,Yes,Month-to-month,No,Bank transfer,71.67,3099.66,No
CUST06911,Female,0,Yes,Yes,6,Yes,No,Fiber optic,Yes,Yes,Yes,Yes,No,Yes,Month-to-month,Yes,Credit card,52.93,217.9,Yes
CUST06912,Male,0,Yes,No,12,Yes,No,Fiber optic,Yes,Yes,No internet,No,Yes,Yes,Month-to-month,No,Electronic check,59.86,671.34,Yes
CUST06913,Male,0,Yes,No,11,Yes,Yes,DSL,No,Yes,No,No internet,No,Yes,One year,No,Bank transfer,33.84,249.65,No
CUST06914,Male,1,Yes,No,54,Yes,Yes,Fiber optic,No internet,Yes,No,No,No,No,Month-to-month,No,Electronic check,102.11,5616.83,Yes
CUST06915,Male,0,No,Yes,16,Yes,No,Fiber optic,No internet,Yes,No,No,Yes,No,One year,Yes,Electronic check,51.22,954.48,Yes
CUST06916,Male,0,No,No,14,Yes,Yes,DSL,No internet,No,No internet,No internet,No internet,No internet,One year,Yes,Bank transfer,43.27,421.48,No
CUST06917,Male,0,Yes,No,40,Yes,Yes,DSL,No internet,No internet,No internet,Yes,Yes,No,Month-to-month,Yes,Electronic check,76.92,3123.16,No
CUST06918,Male,0,No,No,1,No,No,No,No,No internet,Yes,No,No,No,Month-to-month,Yes,Bank transfer,50.16,59.72,Yes
CUST06919,Female,0,No,Yes,2,Yes,No phone service,DSL,No,No,No internet,No internet,No internet,Yes,Two year,Yes,Electronic check,40.23,89.66,No
CUST06920,Female,0,No,No,0,Yes,Yes,Fiber optic,No internet,No,Yes,No internet,No internet,Yes,Two year,Yes,Credit card,43.85,0.0,No
CUST06921,Female,0,Yes,No,27,Yes,No,Fiber optic,Yes,No,Yes,No,No internet,Yes,Month-to-month,No,Credit card,20.73,489.06,Yes
CUST06922,Male,0,Yes,No,17,Yes,Yes,Fiber optic,No internet,No,No,Yes,No internet,No,Month-to-month,Yes,Electronic check,55.5,1037.54,Yes
CUST06923,Male,0,No,No,50,Yes,Yes,DSL,No,No,No,No,No internet,Yes,Month-to-month,Yes,Bank transfer,68.68,3530.11,No
CUST06924,Female,0,Yes,No,16,Yes,No,Fiber optic,No,No,No,Yes,No,No,Month-to-month,No,Electronic check,51.16,829.92,No
CUST06925,Male,1,Yes,Yes,6,Yes,No,Fiber optic,No,No,Yes,No internet,Yes,No,Month-to-month,Yes,Bank transfer,51.62,150.55,Yes
CUST06926,Female,0,Yes,Yes,39,Yes,Yes,No,Yes,Yes,No,Yes,Yes,No internet,Two year,Yes,Electronic check,78.72,3076.46,No
CUST06927,Male,0,Yes,No,8,Yes,No,Fiber optic,No,No,Yes,No,No,Yes,Two year,Yes,Electronic check,60.36,442.1,Yes
CUST06928,Male,0,No,No,65,Yes,No,Fiber optic,No,No,No,No internet,No,Yes,Two year,Yes,Credit card,86.72,5630.63,No
CUST06929,Female,0,Yes,Yes,6,Yes,No,Fiber optic,No,No internet,No,No,No,Yes,Month-to-month,Yes,Electronic check,37.28,236.28,Yes
CUST06930,Female,0,No,No,4,Yes,Yes,No,Yes,Yes,Yes,No,No internet,No internet,Month-to-month,Yes,Bank transfer,42.18,157.42,Yes
CUST06931,Female,0,No,No,16,Yes,Yes,Fiber optic,No,No,No,Yes,Yes,No,One year,Yes,Electronic check,18.0,386.61,No
CUST06932,Female,0,No,Yes,1,Yes,Yes,Fiber optic,No,No,No,No,Yes,No internet,One year,Yes,Bank transfer,56.84,,Yes
CUST06933,Female,0,Yes,No,0,Yes,Yes,DSL,No,No internet,No internet,No internet,No internet,Yes,Month-to-month,Yes,Electronic check,69.94,97.72,Yes
CUST06934,Male,1,Yes,Yes,16,No,Yes,Fiber optic,Yes,Yes,No,Yes,No,Yes,One year,No,Electronic check,36.82,553.96,No
CUST06935,Male,0,Yes,Yes,5,Yes,No,DSL,No,Yes,Yes,Yes,Yes,No,One year,Yes,Electronic check,67.37,417.31,No
CUST06936,Male,0,Yes,No,0,Yes,Yes,DSL,Yes,Yes,Yes,No,Yes,Yes,Two year,Yes,Electronic check,67.54,90.29,No
CUST06937,Female,0,No,No,8,Yes,Yes,Fiber optic,Yes,Yes,No,No,No,No internet,Month-to-month,No,Credit card,40.46,365.55,Yes
CUST06938,Female,0,Yes,Yes,15,Yes,No,Fiber optic,No,No internet,No,No,Yes,No,Two year,No,Credit card,96.97,1395.82,No
CUST06939,Female,0,No,No,12,Yes,No,Fiber optic,No,No,Yes,No,No,No,Month-to-month,Yes,Credit card,41.93,321.28,No
CUST06940,Female,0,No,Yes,3,Yes,No,Fiber optic,No,No,No,No,No internet,Yes,One year,No,Electronic check,44.37,180.5,No
CUST06941,Female,0,No,Yes,20,Yes,No,DSL,No,No internet,No,No,No,Yes,Month-to-month,No,Electronic check,56.25,1082.54,No
CUST06942,Female,1,No,Yes,29,Yes,No phone service,Fiber optic,No,Yes,Yes,No internet,No,No internet,Month-to-month,Yes,Bank transfer,82.38,2398.56,Yes
CUST06943,Male,1,Yes,Yes,27,Yes,No phone service,No,Yes,No internet,No,Yes,Yes,No internet,Month-to-month,No,Credit card,60.88,1740.95,No
CUST06944,Male,0,Yes,Yes,12,Yes,No,No,Yes,No,No,Yes,Yes,No internet,Month-to-month,Yes,Bank transfer,48.65,514.2,Yes
CUST06945,Male,0,Yes,No,3,Yes,No,Fiber optic,Yes,Yes,No,Yes,No,Yes,Two year,No,Electronic check,31.32,107.15,Yes
CUST06946,Male,0,Yes,No,16,Yes,Yes,Fiber optic,No internet,No,No,No internet,Yes,No internet,Month-to-month,Yes,Credit card,59.69,792.55,Yes
CUST06947,Male,0,Yes,Yes,53,Yes,No,Fiber optic,Yes,No internet,No,No internet,No,Yes,Two year,Yes,Electronic check,96.65,5159.24,No
CUST06948,Female,0,Yes,Yes,15,Yes,No,DSL,No internet,No,Yes,No internet,No,Yes,Month-to-month,No,Credit card,54.37,754.41,No
CUST06949,Female,1,Yes,Yes,5,Yes,Yes,Fiber optic,No internet,No internet,No internet,Yes,Yes,Yes,Month-to-month,Yes,Credit card,72.76,134.49,Yes
CUST06950,Female,0,No,No,2,Yes,Yes,No,No,No internet,Yes,No,Yes,No,One year,Yes,Credit card,45.63,133.89,No
CUST06951,Female,1,Yes,No,69,Yes,No,Fiber optic,No,No,No,No,No internet,Yes,Month-to-month,No,Electronic check,117.13,8344.69,Yes
CUST06952,Female,0,No,Yes,32,Yes,No phone service,Fiber optic,No,Yes,Yes,No,No,Yes,One year,Yes,Mailed check,67.07,2142.86,No
CUST06953,Female,1,Yes,No,9,Yes,Yes,Fiber optic,Yes,Yes,No,No internet,No,Yes,Month-to-month,No,Bank transfer,48.59,330.67,Yes
CUST06954,Male,0,Yes,No,8,Yes,Yes,Fiber optic,Yes,No,Yes,Yes,No,No internet,Two year,Yes,Electronic check,55.43,506.83,Yes
CUST06955,Female,0,No,Yes,54,No,No,Fiber optic,No,No,No,No,No,No,Month-to-month,No,Mailed check,73.78,3946.4,Yes
CUST06956,Female,0,No,No,4,Yes,Yes,Fiber optic,No internet,Yes,Yes,Yes,No,Yes,One year,Yes,Bank transfer,48.44,238.82,No
CUST06957,Female,0,Yes,No,18,Yes,No,DSL,No,No internet,Yes,No internet,Yes,Yes,Month-to-month,Yes,Electronic check,64.92,1069.14,No
CUST06958,Female,0,Yes,Yes,30,Yes,No,Fiber optic,No,No internet,No,No internet,No,No internet,One year,Yes,Electronic check,41.65,1096.1,No
CUST06959,Male,0,Yes,No,12,Yes,Yes,Fiber optic,No internet,No,No,No internet,No,No,One year,No,Electronic check,53.18,671.23,No
CUST06960,Male,0,Yes,No,0,Yes,No,Fiber optic,No,No,Yes,Yes,Yes,No,Month-to-month,Yes,Credit card,66.15,0.0,Yes
CUST06961,Female,0,Yes,No,6,Yes,Yes,DSL,No,No,Yes,No,No,No internet,Month-to-month,Yes,Credit card,72.58,366.73,Yes
CUST06962,Male,1,No,No,55,Yes,No,DSL,No internet,Yes,Yes,Yes,Yes,No,One year,Yes,Bank transfer,76.56,4307.08,No
CUST06963,Male,1,Yes,No,17,No,Yes,DSL,Yes,Yes,No internet,No internet,Yes,No,Two year,Yes,Electronic check,43.84,,No
CUST06964,Female,0,Yes,No,40,Yes,Yes,DSL,Yes,No,No internet,Yes,No,Yes,Month-to-month,Yes,Bank transfer,92.56,3745.88,Yes
CUST06965,Female,0,No,No,19,Yes,Yes,Fiber optic,Yes,No,Yes,No internet,Yes,Yes,Two year,No,Electronic check,45.85,814.98,No
CUST06966,Female,0,Yes,No,69,Yes,No,Fiber optic,No,No,No,No,No,Yes,Month-to-month,Yes,Bank transfer,78.14,5512.27,Yes
CUST06967,Female,0,Yes,Yes,57,Yes,No,No,No internet,No,No,No,No,Yes,Month-to-month,Yes,Bank transfer,66.16,3946.12,No
CUST06968,Female,0,No,No,15,Yes,No,No,No,No,Yes,No,Yes,No,Two year,No,Credit card,56.3,912.5,No
CUST06969,Male,0,Yes,No,9,Yes,No,No,No,Yes,No,No,No,No,One year,No,Electronic check,45.59,314.92,No
CUST06970,Female,0,No,No,22,Yes,No,No,No,No internet,No,No,No internet,No,Two year,No,Electronic check,73.61,1701.53,No
CUST06971,Female,1,Yes,No,26,No,Yes,Fiber optic,No,No,No,No,No,No,Month-to-month,No,Credit card,83.53,2171.14,Yes
CUST06972,Female,0,Yes,No,16,No,No,DSL,No,Yes,Yes,No,Yes,Yes,Month-to-month,Yes,Credit card,38.4,657.97,No
CUST06973,Male,0,Yes,Yes,41,Yes,Yes,Fiber optic,No,Yes,Yes,No internet,Yes,Yes,One year,No,Mailed check,47.55,1915.86,No
CUST06974,Female,0,Yes,No,4,Yes,No,DSL,No,Yes,No internet,No internet,No internet,No internet,Two year,Yes,Electronic check,34.78,98.25,No
CUST06975,Female,0,Yes,No,9,Yes,No,Fiber optic,Yes,Yes,No internet,No,No,Yes,Two year,No,Mailed check,44.65,426.32,No
CUST06976,Female,0,Yes,No,27,Yes,No,DSL,No,Yes,Yes,No,Yes,No,Month-to-month,Yes,Mailed check,72.21,2138.49,No
CUST06977,Male,0,No,No,6,Yes,No,DSL,No,Yes,No,No,Yes,No,Month-to-month,Yes,Credit card,57.75,375.94,Yes
CUST06978,Female,0,No,No,13,Yes,Yes,Fiber optic,No,Yes,Yes,No,No,Yes,Month-to-month,No,Bank transfer,80.21,1021.04,Yes
CUST06979,Female,0,Yes,No,72,No,Yes,DSL,No,No,No internet,No internet,No,Yes,One year,No,Electronic check,75.96,5400.62,No
CUST06980,Female,0,No,No,23,Yes,No,Fiber optic,No,Yes,Yes,No internet,No,Yes,Month-to-month,No,Bank transfer,45.19,1004.56,Yes
CUST06981,Male,0,No,Yes,71,Yes,Yes,No,No,No,No,No,No,Yes,Month-to-month,Yes,Electronic check,85.02,6191.73,Yes
CUST06982,Female,0,No,Yes,30,Yes,Yes,DSL,No,No internet,No,Yes,No,Yes,One year,Yes,Electronic check,38.83,1115.35,No
CUST06983,Female,0,Yes,No,30,Yes,Yes,DSL,No,No,Yes,No,No,No,One year,No,Mailed check,66.33,1947.95,No
CUST06984,Female,0,No,No,21,Yes,Yes,DSL,No internet,No,No,No,No,No,Two year,Yes,Electronic check,51.7,971.68,No
CUST06985,Male,1,Yes,No,3,Yes,Yes,Fiber optic,No,Yes,No internet,No,Yes,Yes,Two year,No,Credit card,90.81,346.3,Yes
CUST06986,Female,0,Yes,Yes,17,Yes,No,DSL,Yes,Yes,Yes,No internet,No,No internet,Month-to-month,Yes,Mailed check,55.29,997.95,Yes
CUST06987,Female,1,No,No,6,No,No,No,No internet,No,No,No,No,No internet,Two year,Yes,Bank transfer,93.31,695.0,Yes
CUST06988,Female,0,No,Yes,72,Yes,Yes,Fiber optic,Yes,No internet,Yes,No,No internet,Yes,One year,No,Bank transfer,92.43,6730.52,No
CUST06989,Male,0,No,No,7,Yes,No,DSL,No internet,No,Yes,Yes,Yes,No,Two year,No,Credit card,64.68,,No
CUST06990,Male,0,No,No,6,Yes,Yes,DSL,No internet,No,No,Yes,No,Yes,Month-to-month,No,Credit card,59.33,506.13,No
CUST06991,Female,0,Yes,Yes,23,Yes,No,Fiber optic,No,Yes,No internet,No internet,Yes,No,Month-to-month,Yes,Credit card,38.38,1013.99,No
CUST06992,Male,0,No,Yes,17,Yes,No,No,No,No,Yes,Yes,No internet,Yes,One year,No,Mailed check,79.05,1357.1,No
CUST06993,Male,0,Yes,Yes,0,Yes,Yes,Fiber optic,Yes,No,No internet,No internet,Yes,No,Two year,No,Electronic check,61.79,39.95,No
CUST06994,Male,0,Yes,Yes,3,Yes,Yes,DSL,Yes,Yes,Yes,No,No internet,No,Two year,No,Bank transfer,52.66,,No
CUST06995,Female,0,Yes,No,39,Yes,No,Fiber optic,No,No,No internet,No,No internet,Yes,One year,No,Mailed check,48.57,1923.15,No
CUST06996,Female,0,Yes,Yes,15,No,Yes,No,No,No,Yes,No,Yes,No,Month-to-month,No,Electronic check,32.13,492.34,No
CUST06997,Male,0,No,No,3,Yes,No phone service,DSL,No internet,Yes,Yes,No internet,Yes,Yes,One year,Yes,Electronic check,47.49,135.6,No
CUST06998,Male,0,Yes,No,15,Yes,No,Fiber optic,No,No,No internet,Yes,Yes,Yes,Two year,Yes,Mailed check,70.73,1107.7,No
CUST06999,Male,0,No,No,7,Yes,No,DSL,No,No,Yes,No,No internet,No,One year,No,Bank transfer,54.76,290.88,No
